Date,Market,Market Size,Product,Product Line,Product Type,State,Type,Budget COGS,Budget Margin,Budget Profit,Budget Sales,COGS,Inventory,Margin,Marketing,Profit,Sales,Total Expenses,Sales_Category
40909,Central,Major Market,Amaretto,Beans,Coffee,Colorado,Regular,90,130,100,220,89,777,130,24,94,219,36,High
40909,Central,Major Market,Colombian,Beans,Coffee,Colorado,Regular,80,110,80,190,83,623,107,27,68,190,39,Medium
40909,Central,Major Market,Decaf Irish Cream,Beans,Coffee,Colorado,Decaf,100,140,110,240,95,821,139,26,101,234,38,High
40909,Central,Major Market,Green Tea,Leaves,Tea,Colorado,Regular,30,50,30,80,44,623,56,14,30,100,26,Low
40909,Central,Major Market,Caffe Mocha,Beans,Espresso,Colorado,Regular,60,90,70,150,54,456,80,15,54,134,26,Medium
40909,Central,Major Market,Decaf Espresso,Beans,Espresso,Colorado,Decaf,80,130,80,210,72,558,108,23,53,180,55,Medium
40909,Central,Major Market,Chamomile,Leaves,Herbal Tea,Colorado,Decaf,140,160,110,300,170,1091,171,47,99,341,72,High
40909,Central,Major Market,Lemon,Leaves,Herbal Tea,Colorado,Decaf,50,80,20,130,63,435,87,57,0,150,87,Medium
40909,Central,Major Market,Mint,Leaves,Herbal Tea,Colorado,Decaf,50,70,40,120,60,336,80,19,33,140,47,Medium
40909,Central,Major Market,Darjeeling,Leaves,Tea,Colorado,Regular,40,70,20,110,58,338,72,22,17,130,55,Medium
40909,Central,Major Market,Earl Grey,Leaves,Tea,Colorado,Regular,50,70,40,120,64,965,76,19,36,140,40,Medium
40909,Central,Major Market,Colombian,Beans,Coffee,Illinois,Regular,150,210,130,360,144,862,201,47,111,345,90,High
40909,Central,Major Market,Decaf Irish Cream,Beans,Coffee,Illinois,Decaf,100,140,100,240,95,608,139,30,87,234,52,High
40909,Central,Major Market,Caffe Mocha,Beans,Espresso,Illinois,Regular,270,370,260,640,234,1310,312,77,203,546,109,High
40909,Central,Major Market,Decaf Espresso,Beans,Espresso,Illinois,Decaf,260,270,180,530,228,1459,228,63,140,456,88,High
40909,Central,Major Market,Chamomile,Leaves,Herbal Tea,Illinois,Decaf,70,120,100,190,89,777,130,24,95,219,35,High
40909,Central,Major Market,Lemon,Leaves,Herbal Tea,Illinois,Decaf,70,90,60,160,83,623,107,27,68,190,39,Medium
40909,Central,Major Market,Mint,Leaves,Herbal Tea,Illinois,Decaf,80,120,100,200,95,821,139,26,101,234,38,High
40909,Central,Major Market,Darjeeling,Leaves,Tea,Illinois,Regular,40,70,50,110,54,456,80,15,53,134,27,Medium
40909,Central,Major Market,Earl Grey,Leaves,Tea,Illinois,Regular,60,90,40,150,72,558,108,23,54,180,54,Medium
40909,Central,Small Market,Amaretto,Beans,Coffee,Iowa,Regular,10,30,20,40,18,821,27,5,11,45,16,Low
40909,Central,Small Market,Colombian,Beans,Coffee,Iowa,Regular,20,40,20,60,28,965,34,8,5,62,29,Low
40909,Central,Small Market,Decaf Irish Cream,Beans,Coffee,Iowa,Decaf,20,30,20,50,23,623,31,7,12,54,19,Low
40909,Central,Small Market,Caffe Mocha,Beans,Espresso,Iowa,Regular,10,40,30,50,17,777,26,4,11,43,15,Low
40909,Central,Small Market,Decaf Espresso,Beans,Espresso,Iowa,Decaf,10,40,30,50,17,777,26,4,10,43,16,Low
40909,Central,Small Market,Chamomile,Leaves,Herbal Tea,Iowa,Decaf,200,280,200,480,234,1310,312,77,202,546,110,High
40909,Central,Small Market,Lemon,Leaves,Herbal Tea,Iowa,Decaf,80,120,90,200,95,608,139,30,86,234,53,High
40909,Central,Small Market,Darjeeling,Leaves,Tea,Iowa,Regular,190,210,140,400,228,1459,228,63,141,456,87,High
40909,Central,Small Market,Earl Grey,Leaves,Tea,Iowa,Regular,210,270,160,480,245,1419,301,93,175,546,126,High
40909,Central,Small Market,Colombian,Beans,Coffee,Missouri,Regular,90,100,40,190,85,494,105,32,39,190,66,Medium
40909,Central,Small Market,Decaf Irish Cream,Beans,Coffee,Missouri,Decaf,80,90,50,170,78,965,92,24,47,170,45,Medium
40909,Central,Small Market,Green Tea,Leaves,Tea,Missouri,Regular,20,40,0,60,34,197,42,12,-4,76,46,Low
40909,Central,Small Market,Caffe Mocha,Beans,Espresso,Missouri,Regular,50,90,70,140,50,821,73,14,48,123,25,Medium
40909,Central,Small Market,Decaf Espresso,Beans,Espresso,Missouri,Decaf,50,80,60,130,46,777,68,12,45,114,23,Medium
40909,Central,Small Market,Chamomile,Leaves,Herbal Tea,Missouri,Decaf,30,40,0,70,37,261,53,34,-11,90,64,Low
40909,Central,Small Market,Lemon,Leaves,Herbal Tea,Missouri,Decaf,70,10,-20,80,88,525,11,27,-39,99,50,Low
40909,Central,Small Market,Darjeeling,Leaves,Tea,Missouri,Regular,30,40,10,70,35,196,47,11,9,82,38,Low
40909,Central,Small Market,Earl Grey,Leaves,Tea,Missouri,Regular,20,30,-10,50,29,169,36,11,-9,65,45,Low
40909,Central,Major Market,Amaretto,Beans,Coffee,Ohio,Regular,60,80,50,140,60,336,80,19,34,140,46,Medium
40909,Central,Major Market,Colombian,Beans,Coffee,Ohio,Regular,60,80,50,140,57,364,83,18,42,140,41,Medium
40909,Central,Major Market,Decaf Irish Cream,Beans,Coffee,Ohio,Decaf,60,90,20,150,63,435,87,57,0,150,87,Medium
40909,Central,Major Market,Earl Grey,Leaves,Tea,Ohio,Regular,70,100,60,170,84,500,116,26,67,200,49,High
40909,Central,Major Market,Decaf Espresso,Beans,Espresso,Ohio,Decaf,60,90,40,150,58,338,72,22,16,130,56,Medium
40909,Central,Major Market,Caffe Mocha,Beans,Espresso,Ohio,Regular,190,210,140,400,170,1091,171,47,99,341,72,High
40909,Central,Major Market,Chamomile,Leaves,Herbal Tea,Ohio,Decaf,20,50,50,70,32,456,48,8,29,80,19,Low
40909,Central,Major Market,Lemon,Leaves,Herbal Tea,Ohio,Decaf,20,50,50,70,32,821,48,8,29,80,19,Low
40909,Central,Major Market,Darjeeling,Leaves,Tea,Ohio,Regular,70,110,60,180,84,651,126,27,68,210,58,High
40909,Central,Small Market,Amaretto,Beans,Coffee,Wisconsin,Regular,50,70,30,120,54,312,66,20,13,120,53,Medium
40909,Central,Small Market,Colombian,Beans,Coffee,Wisconsin,Regular,80,110,20,190,79,551,111,72,9,190,102,Medium
40909,Central,Small Market,Decaf Irish Cream,Beans,Coffee,Wisconsin,Decaf,80,100,60,180,77,432,103,25,51,180,52,Medium
40909,Central,Small Market,Earl Grey,Leaves,Tea,Wisconsin,Regular,60,90,10,150,75,522,105,68,7,180,98,Medium
40909,Central,Small Market,Decaf Espresso,Beans,Espresso,Wisconsin,Decaf,50,70,50,120,48,623,62,15,34,110,28,Low
40909,Central,Small Market,Caffe Mocha,Beans,Espresso,Wisconsin,Regular,80,90,50,170,69,965,81,21,38,150,43,Medium
40909,Central,Small Market,Chamomile,Leaves,Herbal Tea,Wisconsin,Decaf,50,100,80,150,67,400,113,20,70,180,43,Medium
40909,Central,Small Market,Lemon,Leaves,Herbal Tea,Wisconsin,Decaf,20,50,50,70,33,777,48,9,28,81,20,Low
40909,Central,Small Market,Darjeeling,Leaves,Tea,Wisconsin,Regular,50,80,50,130,61,390,89,19,47,150,42,Medium
40909,East,Small Market,Darjeeling,Leaves,Tea,Connecticut,Regular,50,80,60,130,50,821,73,14,47,123,26,Medium
40909,East,Small Market,Green Tea,Leaves,Tea,Connecticut,Regular,40,60,40,100,38,777,56,10,35,94,21,Low
40909,East,Small Market,Decaf Espresso,Beans,Espresso,Connecticut,Decaf,50,70,40,120,55,312,75,18,30,130,45,Medium
40909,East,Small Market,Caffe Mocha,Beans,Espresso,Connecticut,Regular,70,100,20,170,75,522,105,68,7,180,98,Medium
40909,East,Small Market,Colombian,Beans,Coffee,Connecticut,Regular,110,180,130,290,124,961,186,40,115,310,71,High
40909,East,Small Market,Lemon,Leaves,Herbal Tea,Connecticut,Decaf,60,80,40,140,85,494,105,32,40,190,65,Medium
40909,East,Small Market,Mint,Leaves,Herbal Tea,Connecticut,Decaf,50,80,50,130,78,965,92,24,47,170,45,Medium
40909,East,Major Market,Darjeeling,Leaves,Tea,Florida,Regular,30,50,40,80,32,821,48,8,28,80,20,Low
40909,East,Major Market,Green Tea,Leaves,Tea,Florida,Regular,30,50,40,80,33,777,48,9,28,81,20,Low
40909,East,Major Market,Decaf Espresso,Beans,Espresso,Florida,Decaf,70,100,60,170,77,432,103,25,50,180,53,Medium
40909,East,Major Market,Caffe Mocha,Beans,Espresso,Florida,Regular,70,110,30,180,79,551,111,72,9,190,102,Medium
40909,East,Major Market,Decaf Irish Cream,Beans,Coffee,Florida,Decaf,80,110,70,190,84,500,116,26,67,200,49,High
40909,East,Major Market,Colombian,Beans,Coffee,Florida,Regular,80,110,70,190,84,651,126,27,68,210,58,High
40909,East,Major Market,Chamomile,Leaves,Herbal Tea,Florida,Decaf,30,50,30,80,48,623,62,15,34,110,28,Low
40909,East,Major Market,Lemon,Leaves,Herbal Tea,Florida,Decaf,40,50,20,90,54,312,66,20,13,120,53,Medium
40909,East,Major Market,Mint,Leaves,Herbal Tea,Florida,Decaf,50,60,40,110,69,965,81,21,39,150,42,Medium
40909,East,Major Market,Darjeeling,Leaves,Tea,Massachusetts,Regular,30,50,40,80,32,821,48,8,29,80,19,Low
40909,East,Major Market,Green Tea,Leaves,Tea,Massachusetts,Regular,30,50,40,80,32,456,48,8,29,80,19,Low
40909,East,Major Market,Regular Espresso,Beans,Espresso,Massachusetts,Regular,160,170,110,330,170,1091,171,47,100,341,71,High
40909,East,Major Market,Caffe Mocha,Beans,Espresso,Massachusetts,Regular,60,60,-10,120,63,435,63,57,-23,126,86,Medium
40909,East,Major Market,Colombian,Beans,Coffee,Massachusetts,Regular,60,400,360,460,72,558,422,23,367,494,55,High
40909,East,Major Market,Lemon,Leaves,Herbal Tea,Massachusetts,Decaf,40,60,30,100,58,338,72,22,17,130,55,Medium
40909,East,Small Market,Darjeeling,Leaves,Tea,New Hampshire,Regular,10,30,20,40,18,821,27,5,10,45,17,Low
40909,East,Small Market,Green Tea,Leaves,Tea,New Hampshire,Regular,10,30,20,40,17,777,26,4,11,43,15,Low
40909,East,Small Market,Regular Espresso,Beans,Espresso,New Hampshire,Regular,20,40,0,60,29,169,36,11,-8,65,44,Low
40909,East,Small Market,Caffe Mocha,Beans,Espresso,New Hampshire,Regular,30,50,0,80,37,261,53,34,-10,90,63,Low
40909,East,Small Market,Amaretto,Beans,Coffee,New Hampshire,Regular,30,50,30,80,38,241,55,12,20,93,35,Low
40909,East,Small Market,Colombian,Beans,Coffee,New Hampshire,Regular,40,70,40,110,48,372,72,15,25,120,47,Medium
40909,East,Small Market,Lemon,Leaves,Herbal Tea,New Hampshire,Decaf,20,30,0,50,34,197,42,12,-4,76,46,Low
40909,East,Major Market,Darjeeling,Leaves,Tea,New York,Regular,100,150,120,250,95,821,139,26,101,234,38,High
40909,East,Major Market,Earl Grey,Leaves,Tea,New York,Regular,90,140,110,230,89,777,130,24,94,219,36,High
40909,East,Major Market,Green Tea,Leaves,Tea,New York,Regular,50,90,70,140,54,456,80,15,54,134,26,Medium
40909,East,Major Market,Regular Espresso,Beans,Espresso,New York,Regular,210,270,200,480,228,1459,262,63,175,490,87,High
40909,East,Major Market,Caffe Mocha,Beans,Espresso,New York,Regular,100,-50,-170,50,105,725,-44,95,-172,61,128,Low
40909,East,Major Market,Colombian,Beans,Coffee,New York,Regular,260,380,260,640,271,2101,407,94,262,678,145,High
40909,East,Major Market,Lemon,Leaves,Herbal Tea,New York,Decaf,180,190,100,370,245,1419,238,93,111,483,127,High
40909,East,Major Market,Mint,Leaves,Herbal Tea,New York,Decaf,150,-10,-70,140,207,965,-27,64,-113,180,86,Medium
40909,South,Small Market,Caffe Mocha,Beans,Espresso,Louisiana,Regular,50,100,80,150,67,400,113,20,70,180,43,Medium
40909,South,Small Market,Decaf Espresso,Beans,Espresso,Louisiana,Decaf,50,70,50,120,61,390,89,19,48,150,41,Medium
40909,South,Small Market,Chamomile,Leaves,Herbal Tea,Louisiana,Decaf,40,60,40,100,49,623,63,16,35,112,28,Low
40909,South,Small Market,Lemon,Leaves,Herbal Tea,Louisiana,Decaf,80,100,40,180,85,494,105,32,40,190,65,Medium
40909,South,Small Market,Caffe Latte,Beans,Espresso,Louisiana,Regular,60,90,10,150,75,522,105,68,8,180,97,Medium
40909,South,Small Market,Colombian,Beans,Coffee,Louisiana,Regular,40,60,50,100,34,777,51,9,30,85,21,Low
40909,South,Small Market,Decaf Irish Cream,Beans,Coffee,Louisiana,Decaf,40,60,50,100,33,777,48,9,28,81,20,Low
40909,South,Small Market,Caffe Mocha,Beans,Espresso,New Mexico,Regular,30,40,-10,70,37,261,53,34,-10,90,63,Low
40909,South,Small Market,Decaf Espresso,Beans,Espresso,New Mexico,Decaf,30,40,10,70,35,196,47,11,9,82,38,Low
40909,South,Small Market,Chamomile,Leaves,Herbal Tea,New Mexico,Decaf,10,30,20,40,18,821,27,5,11,45,16,Low
40909,South,Small Market,Lemon,Leaves,Herbal Tea,New Mexico,Decaf,20,40,20,60,28,965,34,8,4,62,30,Low
40909,South,Small Market,Caffe Latte,Beans,Espresso,New Mexico,Regular,20,30,0,50,29,169,36,11,-8,65,44,Low
40909,South,Small Market,Colombian,Beans,Coffee,New Mexico,Regular,60,90,50,150,48,372,72,15,26,120,46,Medium
40909,South,Small Market,Decaf Irish Cream,Beans,Coffee,New Mexico,Decaf,110,10,-30,120,88,525,11,27,-39,99,50,Low
40909,South,Small Market,Caffe Mocha,Beans,Espresso,Oklahoma,Regular,20,40,40,60,32,456,48,8,28,80,20,Low
40909,South,Small Market,Decaf Espresso,Beans,Espresso,Oklahoma,Decaf,70,110,70,180,84,651,126,27,67,210,59,High
40909,South,Small Market,Chamomile,Leaves,Herbal Tea,Oklahoma,Decaf,50,60,20,110,54,312,66,20,13,120,53,Medium
40909,South,Small Market,Lemon,Leaves,Herbal Tea,Oklahoma,Decaf,70,110,30,180,79,551,111,72,10,190,101,Medium
40909,South,Small Market,Caffe Latte,Beans,Espresso,Oklahoma,Regular,70,100,70,170,84,500,116,26,66,200,50,High
40909,South,Small Market,Colombian,Beans,Coffee,Oklahoma,Regular,50,70,50,120,44,623,56,14,29,100,27,Low
40909,South,Small Market,Decaf Irish Cream,Beans,Coffee,Oklahoma,Decaf,40,60,50,100,32,821,48,8,28,80,20,Low
40909,South,Major Market,Caffe Mocha,Beans,Espresso,Texas,Regular,70,110,90,180,89,777,130,24,95,219,35,High
40909,South,Major Market,Decaf Espresso,Beans,Espresso,Texas,Decaf,40,70,60,110,54,456,80,15,54,134,26,Medium
40909,South,Major Market,Chamomile,Leaves,Herbal Tea,Texas,Decaf,50,80,50,130,60,336,80,19,33,140,47,Medium
40909,South,Major Market,Lemon,Leaves,Herbal Tea,Texas,Decaf,50,80,50,130,57,364,83,18,42,140,41,Medium
40909,South,Major Market,Caffe Latte,Beans,Espresso,Texas,Regular,60,90,50,150,72,558,108,23,53,180,55,Medium
40909,South,Major Market,Colombian,Beans,Coffee,Texas,Regular,260,300,220,560,207,965,245,64,159,452,86,High
40909,South,Major Market,Decaf Irish Cream,Beans,Coffee,Texas,Decaf,100,130,100,230,83,623,107,27,68,190,39,Medium
40909,West,Small Market,Caffe Latte,Beans,Espresso,Utah,Regular,40,60,40,100,46,777,68,12,44,114,24,Medium
40909,West,Small Market,Caffe Mocha,Beans,Espresso,Utah,Regular,40,60,40,100,49,623,63,16,34,112,29,Low
40909,West,Small Market,Decaf Espresso,Beans,Espresso,Utah,Decaf,40,70,50,110,50,821,73,14,47,123,26,Medium
40909,West,Small Market,Chamomile,Leaves,Herbal Tea,Utah,Decaf,30,50,30,80,38,241,55,12,21,93,34,Low
40909,West,Small Market,Lemon,Leaves,Herbal Tea,Utah,Decaf,40,60,30,100,48,372,72,15,25,120,47,Medium
40909,West,Small Market,Mint,Leaves,Herbal Tea,Utah,Decaf,70,10,-30,80,88,525,11,27,-40,99,51,Low
40909,West,Small Market,Darjeeling,Leaves,Tea,Utah,Regular,20,40,0,60,37,261,53,34,-10,90,63,Low
40909,West,Small Market,Earl Grey,Leaves,Tea,Utah,Regular,20,30,10,50,35,196,47,11,9,82,38,Low
40909,West,Small Market,Green Tea,Leaves,Tea,Utah,Regular,10,30,10,40,29,169,36,11,-9,65,45,Low
40909,West,Small Market,Amaretto,Beans,Coffee,Utah,Regular,90,120,80,210,78,965,92,24,47,170,45,Medium
40909,West,Small Market,Colombian,Beans,Coffee,Utah,Regular,60,100,70,160,55,312,75,18,30,130,45,Medium
40909,West,Small Market,Decaf Irish Cream,Beans,Coffee,Utah,Decaf,100,130,70,230,85,494,105,32,39,190,66,Medium
40909,West,Major Market,Caffe Latte,Beans,Espresso,California,Regular,210,220,150,430,228,1459,228,63,140,456,88,High
40909,West,Major Market,Caffe Mocha,Beans,Espresso,California,Regular,100,140,20,240,105,725,145,95,17,250,128,High
40909,West,Major Market,Decaf Espresso,Beans,Espresso,California,Decaf,220,300,200,520,234,1310,312,77,203,546,109,High
40909,West,Major Market,Chamomile,Leaves,Herbal Tea,California,Decaf,80,120,100,200,95,821,139,26,102,234,37,High
40909,West,Major Market,Lemon,Leaves,Herbal Tea,California,Decaf,170,220,160,390,207,965,245,64,160,452,85,High
40909,West,Major Market,Mint,Leaves,Herbal Tea,California,Decaf,70,90,60,160,83,623,107,27,67,190,40,Medium
40909,West,Major Market,Darjeeling,Leaves,Tea,California,Regular,50,90,80,140,89,777,130,24,94,219,36,High
40909,West,Major Market,Earl Grey,Leaves,Tea,California,Regular,30,60,60,90,54,456,80,15,54,134,26,Medium
40909,West,Major Market,Green Tea,Leaves,Tea,California,Regular,40,80,50,120,72,558,108,23,54,180,54,Medium
40909,West,Major Market,Amaretto,Beans,Coffee,California,Regular,110,70,30,180,95,608,50,30,-2,145,52,Medium
40909,West,Major Market,Colombian,Beans,Coffee,California,Regular,340,500,370,840,271,2101,407,94,262,678,145,High
40909,West,Major Market,Decaf Irish Cream,Beans,Coffee,California,Decaf,180,-40,-120,140,144,862,-26,47,-117,118,91,Medium
40909,West,Small Market,Caffe Latte,Beans,Espresso,Nevada,Regular,10,30,20,40,17,777,26,4,11,43,15,Low
40909,West,Small Market,Caffe Mocha,Beans,Espresso,Nevada,Regular,10,30,20,40,18,821,27,5,10,45,17,Low
40909,West,Small Market,Decaf Espresso,Beans,Espresso,Nevada,Decaf,10,30,20,40,17,777,26,4,11,43,15,Low
40909,West,Small Market,Decaf Irish Cream,Beans,Coffee,Nevada,Decaf,30,40,20,70,28,965,34,8,4,62,30,Low
40909,West,Small Market,Chamomile,Leaves,Herbal Tea,Nevada,Decaf,90,130,30,220,105,725,145,95,16,250,129,High
40909,West,Small Market,Lemon,Leaves,Herbal Tea,Nevada,Decaf,120,180,120,300,144,862,201,47,111,345,90,High
40909,West,Small Market,Mint,Leaves,Herbal Tea,Nevada,Decaf,80,120,90,200,95,608,139,30,86,234,53,High
40909,West,Small Market,Darjeeling,Leaves,Tea,Nevada,Regular,150,220,150,370,234,1310,312,77,203,546,109,High
40909,West,Small Market,Earl Grey,Leaves,Tea,Nevada,Regular,150,160,100,310,228,1459,228,63,141,456,87,High
40909,West,Small Market,Green Tea,Leaves,Tea,Nevada,Regular,160,-160,-240,0,245,1419,-245,93,-354,17,126,Low
40909,West,Small Market,Colombian,Beans,Coffee,Nevada,Regular,40,50,10,90,34,197,42,12,-3,76,45,Low
40909,West,Small Market,Caffe Latte,Beans,Espresso,Oregon,Regular,50,70,20,120,58,338,72,22,16,130,56,Medium
40909,West,Small Market,Caffe Mocha,Beans,Espresso,Oregon,Regular,50,80,50,130,60,336,80,19,33,140,47,Medium
40909,West,Small Market,Decaf Espresso,Beans,Espresso,Oregon,Decaf,160,160,100,320,170,1091,171,47,99,341,72,High
40909,West,Small Market,Decaf Irish Cream,Beans,Coffee,Oregon,Decaf,70,100,70,170,57,364,83,18,42,140,41,Medium
40909,West,Small Market,Chamomile,Leaves,Herbal Tea,Oregon,Decaf,30,40,40,70,36,777,54,10,33,90,21,Low
40909,West,Small Market,Lemon,Leaves,Herbal Tea,Oregon,Decaf,30,50,30,80,44,623,56,14,29,100,27,Low
40909,West,Small Market,Darjeeling,Leaves,Tea,Oregon,Regular,20,30,30,50,32,456,48,8,28,80,20,Low
40909,West,Small Market,Earl Grey,Leaves,Tea,Oregon,Regular,50,90,60,140,84,651,126,27,68,210,58,High
40909,West,Small Market,Green Tea,Leaves,Tea,Oregon,Regular,50,80,50,130,84,500,116,26,67,200,49,High
40909,West,Small Market,Amaretto,Beans,Coffee,Oregon,Regular,70,110,40,180,63,435,87,57,1,150,86,Medium
40909,West,Small Market,Colombian,Beans,Coffee,Oregon,Regular,80,120,60,200,67,400,93,22,28,160,65,Medium
40909,West,Small Market,Caffe Latte,Beans,Espresso,Washington,Regular,40,60,40,100,48,623,62,15,35,110,27,Low
40909,West,Small Market,Caffe Mocha,Beans,Espresso,Washington,Regular,50,60,20,110,54,312,66,20,13,120,53,Medium
40909,West,Small Market,Decaf Espresso,Beans,Espresso,Washington,Decaf,60,80,60,140,69,965,81,21,39,150,42,Medium
40909,West,Small Market,Decaf Irish Cream,Beans,Coffee,Washington,Decaf,90,140,60,230,79,551,111,72,9,190,102,Medium
40909,West,Small Market,Chamomile,Leaves,Herbal Tea,Washington,Decaf,100,170,120,270,124,961,186,40,115,310,71,High
40909,West,Small Market,Lemon,Leaves,Herbal Tea,Washington,Decaf,20,50,50,70,34,777,51,9,30,85,21,Low
40909,West,Small Market,Darjeeling,Leaves,Tea,Washington,Regular,40,80,50,120,67,400,113,20,70,180,43,Medium
40909,West,Small Market,Earl Grey,Leaves,Tea,Washington,Regular,40,60,40,100,61,390,89,19,48,150,41,Medium
40909,West,Small Market,Green Tea,Leaves,Tea,Washington,Regular,40,80,20,120,75,522,105,68,8,180,97,Medium
40909,West,Small Market,Colombian,Beans,Coffee,Washington,Regular,60,100,70,160,53,338,77,16,38,130,39,Medium
40940,Central,Major Market,Amaretto,Beans,Coffee,Colorado,Regular,100,150,120,250,99,766,144,27,105,243,39,High
40940,Central,Major Market,Colombian,Beans,Coffee,Colorado,Regular,80,110,80,190,83,613,107,27,68,190,39,Medium
40940,Central,Major Market,Decaf Irish Cream,Beans,Coffee,Colorado,Decaf,100,140,110,240,95,809,137,26,99,232,38,High
40940,Central,Major Market,Green Tea,Leaves,Tea,Colorado,Regular,30,50,30,80,44,618,56,14,30,100,26,Low
40940,Central,Major Market,Caffe Mocha,Beans,Espresso,Colorado,Regular,80,140,110,220,77,449,112,21,80,189,32,Medium
40940,Central,Major Market,Decaf Espresso,Beans,Espresso,Colorado,Decaf,80,140,90,220,75,549,114,24,59,189,55,Medium
40940,Central,Major Market,Chamomile,Leaves,Herbal Tea,Colorado,Decaf,140,150,100,290,170,1073,170,47,99,340,71,High
40940,Central,Major Market,Lemon,Leaves,Herbal Tea,Colorado,Decaf,40,70,10,110,54,427,75,49,-3,129,78,Medium
40940,Central,Major Market,Mint,Leaves,Herbal Tea,Colorado,Decaf,50,70,40,120,60,329,80,19,33,140,47,Medium
40940,Central,Major Market,Darjeeling,Leaves,Tea,Colorado,Regular,50,60,10,110,59,331,73,22,18,132,55,Medium
40940,Central,Major Market,Earl Grey,Leaves,Tea,Colorado,Regular,50,60,30,110,62,958,74,19,34,136,40,Medium
40940,Central,Major Market,Colombian,Beans,Coffee,Illinois,Regular,150,220,140,370,148,844,206,48,115,354,91,High
40940,Central,Major Market,Decaf Irish Cream,Beans,Coffee,Illinois,Decaf,110,150,100,260,104,596,150,33,95,254,55,High
40940,Central,Major Market,Caffe Mocha,Beans,Espresso,Illinois,Regular,270,370,260,640,234,1282,311,77,201,545,110,High
40940,Central,Major Market,Decaf Espresso,Beans,Espresso,Illinois,Decaf,260,270,180,530,228,1436,229,63,142,457,87,High
40940,Central,Major Market,Chamomile,Leaves,Herbal Tea,Illinois,Decaf,80,130,110,210,99,766,144,27,105,243,39,High
40940,Central,Major Market,Lemon,Leaves,Herbal Tea,Illinois,Decaf,70,90,60,160,83,613,107,27,68,190,39,Medium
40940,Central,Major Market,Mint,Leaves,Herbal Tea,Illinois,Decaf,80,120,100,200,95,809,137,26,99,232,38,High
40940,Central,Major Market,Darjeeling,Leaves,Tea,Illinois,Regular,60,100,80,160,77,449,112,21,79,189,33,Medium
40940,Central,Major Market,Earl Grey,Leaves,Tea,Illinois,Regular,60,100,50,160,75,549,114,24,59,189,55,Medium
40940,Central,Small Market,Amaretto,Beans,Coffee,Iowa,Regular,10,30,20,40,18,818,27,5,10,45,17,Low
40940,Central,Small Market,Colombian,Beans,Coffee,Iowa,Regular,20,40,20,60,28,961,35,8,6,63,29,Low
40940,Central,Small Market,Decaf Irish Cream,Beans,Coffee,Iowa,Decaf,20,30,20,50,23,620,31,7,12,54,19,Low
40940,Central,Small Market,Caffe Mocha,Beans,Espresso,Iowa,Regular,20,30,20,50,19,774,28,5,11,47,17,Low
40940,Central,Small Market,Decaf Espresso,Beans,Espresso,Iowa,Decaf,0,50,40,50,0,774,43,0,32,43,11,Low
40940,Central,Small Market,Chamomile,Leaves,Herbal Tea,Iowa,Decaf,200,270,190,470,234,1282,311,77,201,545,110,High
40940,Central,Small Market,Lemon,Leaves,Herbal Tea,Iowa,Decaf,80,140,110,220,104,596,150,33,95,254,55,High
40940,Central,Small Market,Darjeeling,Leaves,Tea,Iowa,Regular,190,210,140,400,228,1436,229,63,141,457,88,High
40940,Central,Small Market,Earl Grey,Leaves,Tea,Iowa,Regular,200,260,150,460,240,1391,294,91,169,534,125,High
40940,Central,Small Market,Colombian,Beans,Coffee,Missouri,Regular,90,110,50,200,86,484,107,32,42,193,65,High
40940,Central,Small Market,Decaf Irish Cream,Beans,Coffee,Missouri,Decaf,70,100,60,170,75,956,90,23,46,165,44,Medium
40940,Central,Small Market,Green Tea,Leaves,Tea,Missouri,Regular,20,40,0,60,33,193,41,12,-4,74,45,Low
40940,Central,Small Market,Caffe Mocha,Beans,Espresso,Missouri,Regular,50,90,70,140,50,814,73,14,48,123,25,Medium
40940,Central,Small Market,Decaf Espresso,Beans,Espresso,Missouri,Decaf,40,80,60,120,42,771,61,11,38,103,23,Low
40940,Central,Small Market,Chamomile,Leaves,Herbal Tea,Missouri,Decaf,30,60,10,90,43,256,61,39,-8,104,69,Low
40940,Central,Small Market,Lemon,Leaves,Herbal Tea,Missouri,Decaf,70,10,-20,80,84,625,18,26,-32,102,50,Low
40940,Central,Small Market,Darjeeling,Leaves,Tea,Missouri,Regular,30,40,10,70,35,191,47,11,9,82,38,Low
40940,Central,Small Market,Earl Grey,Leaves,Tea,Missouri,Regular,20,30,-10,50,30,165,38,11,-7,68,45,Low
40940,Central,Major Market,Amaretto,Beans,Coffee,Ohio,Regular,60,80,50,140,60,329,80,19,33,140,47,Medium
40940,Central,Major Market,Colombian,Beans,Coffee,Ohio,Regular,50,80,50,130,52,357,76,16,38,128,38,Medium
40940,Central,Major Market,Decaf Irish Cream,Beans,Coffee,Ohio,Decaf,50,80,20,130,54,427,75,49,-3,129,78,Medium
40940,Central,Major Market,Darjeeling,Leaves,Tea,Ohio,Regular,60,110,60,170,80,640,120,26,62,200,58,High
40940,Central,Major Market,Earl Grey,Leaves,Tea,Ohio,Regular,70,110,70,180,86,490,120,26,71,206,49,High
40940,Central,Major Market,Decaf Espresso,Beans,Espresso,Ohio,Decaf,60,90,40,150,59,331,73,22,18,132,55,Medium
40940,Central,Major Market,Caffe Mocha,Beans,Espresso,Ohio,Regular,190,210,140,400,170,1073,170,47,98,340,72,High
40940,Central,Major Market,Chamomile,Leaves,Herbal Tea,Ohio,Decaf,10,30,30,40,22,452,34,6,17,56,17,Low
40940,Central,Major Market,Lemon,Leaves,Herbal Tea,Ohio,Decaf,20,50,50,70,32,817,48,8,28,80,20,Low
40940,Central,Small Market,Amaretto,Beans,Coffee,Wisconsin,Regular,50,70,30,120,53,306,65,20,12,118,53,Medium
40940,Central,Small Market,Colombian,Beans,Coffee,Wisconsin,Regular,90,140,40,230,92,541,128,83,15,220,113,High
40940,Central,Small Market,Decaf Irish Cream,Beans,Coffee,Wisconsin,Decaf,80,100,60,180,77,423,103,25,50,180,53,Medium
40940,Central,Small Market,Darjeeling,Leaves,Tea,Wisconsin,Regular,40,80,50,120,56,382,81,17,41,137,40,Medium
40940,Central,Small Market,Earl Grey,Leaves,Tea,Wisconsin,Regular,50,80,10,130,65,513,90,58,3,155,87,Medium
40940,Central,Small Market,Decaf Espresso,Beans,Espresso,Wisconsin,Decaf,50,70,50,120,48,617,62,15,35,110,27,Low
40940,Central,Small Market,Caffe Mocha,Beans,Espresso,Wisconsin,Regular,80,100,60,180,70,957,84,21,42,154,42,Medium
40940,Central,Small Market,Chamomile,Leaves,Herbal Tea,Wisconsin,Decaf,50,100,80,150,65,372,109,20,66,174,43,Medium
40940,Central,Small Market,Lemon,Leaves,Herbal Tea,Wisconsin,Decaf,40,60,50,100,47,772,68,13,43,115,25,Medium
40940,East,Small Market,Darjeeling,Leaves,Tea,Connecticut,Regular,50,80,60,130,50,814,73,14,48,123,25,Medium
40940,East,Small Market,Green Tea,Leaves,Tea,Connecticut,Regular,20,50,40,70,27,772,39,7,21,66,18,Low
40940,East,Small Market,Decaf Espresso,Beans,Espresso,Connecticut,Decaf,50,70,40,120,55,305,75,18,29,130,46,Medium
40940,East,Small Market,Caffe Mocha,Beans,Espresso,Connecticut,Regular,60,90,20,150,65,513,90,58,3,155,87,Medium
40940,East,Small Market,Colombian,Beans,Coffee,Connecticut,Regular,120,180,130,300,130,945,195,42,121,325,74,High
40940,East,Small Market,Lemon,Leaves,Herbal Tea,Connecticut,Decaf,60,90,50,150,86,484,107,32,41,193,66,High
40940,East,Small Market,Mint,Leaves,Herbal Tea,Connecticut,Decaf,50,70,50,120,75,956,90,23,46,165,44,Medium
40940,East,Major Market,Darjeeling,Leaves,Tea,Florida,Regular,30,50,40,80,32,817,48,8,28,80,20,Low
40940,East,Major Market,Green Tea,Leaves,Tea,Florida,Regular,40,80,60,120,47,772,68,13,44,115,24,Medium
40940,East,Major Market,Decaf Espresso,Beans,Espresso,Florida,Decaf,70,100,60,170,77,423,103,25,51,180,52,Medium
40940,East,Major Market,Caffe Mocha,Beans,Espresso,Florida,Regular,80,130,40,210,92,541,128,83,16,220,112,High
40940,East,Major Market,Decaf Irish Cream,Beans,Coffee,Florida,Decaf,80,110,70,190,86,490,120,26,71,206,49,High
40940,East,Major Market,Colombian,Beans,Coffee,Florida,Regular,70,120,80,190,80,640,120,26,63,200,57,High
40940,East,Major Market,Chamomile,Leaves,Herbal Tea,Florida,Decaf,30,50,30,80,48,617,62,15,34,110,28,Low
40940,East,Major Market,Lemon,Leaves,Herbal Tea,Florida,Decaf,40,50,20,90,53,306,65,20,12,118,53,Medium
40940,East,Major Market,Mint,Leaves,Herbal Tea,Florida,Decaf,50,70,50,120,70,957,84,21,42,154,42,Medium
40940,East,Major Market,Darjeeling,Leaves,Tea,Massachusetts,Regular,30,50,40,80,32,817,48,8,28,80,20,Low
40940,East,Major Market,Green Tea,Leaves,Tea,Massachusetts,Regular,20,40,30,60,22,452,34,6,17,56,17,Low
40940,East,Major Market,Regular Espresso,Beans,Espresso,Massachusetts,Regular,160,170,110,330,170,1073,170,47,99,340,71,High
40940,East,Major Market,Caffe Mocha,Beans,Espresso,Massachusetts,Regular,50,70,10,120,54,451,74,49,-4,128,78,Medium
40940,East,Major Market,Colombian,Beans,Coffee,Massachusetts,Regular,70,370,330,440,75,235,395,24,340,470,55,High
40940,East,Major Market,Lemon,Leaves,Herbal Tea,Massachusetts,Decaf,40,60,30,100,59,331,73,22,18,132,55,Medium
40940,East,Small Market,Darjeeling,Leaves,Tea,New Hampshire,Regular,10,30,20,40,18,818,27,5,11,45,16,Low
40940,East,Small Market,Green Tea,Leaves,Tea,New Hampshire,Regular,0,40,30,40,0,774,43,0,32,43,11,Low
40940,East,Small Market,Regular Espresso,Beans,Espresso,New Hampshire,Regular,20,40,0,60,30,165,38,11,-6,68,44,Low
40940,East,Small Market,Caffe Mocha,Beans,Espresso,New Hampshire,Regular,40,60,10,100,43,256,61,39,-7,104,68,Low
40940,East,Small Market,Amaretto,Beans,Coffee,New Hampshire,Regular,30,60,40,90,41,236,60,13,25,101,35,Low
40940,East,Small Market,Colombian,Beans,Coffee,New Hampshire,Regular,40,60,30,100,45,366,69,14,23,114,46,Medium
40940,East,Small Market,Lemon,Leaves,Herbal Tea,New Hampshire,Decaf,20,30,0,50,33,193,41,12,-4,74,45,Low
40940,East,Major Market,Darjeeling,Leaves,Tea,New York,Regular,100,150,120,250,95,809,137,26,100,232,37,High
40940,East,Major Market,Earl Grey,Leaves,Tea,New York,Regular,100,160,130,260,99,766,144,27,105,243,39,High
40940,East,Major Market,Green Tea,Leaves,Tea,New York,Regular,80,120,90,200,77,449,112,21,79,189,33,Medium
40940,East,Major Market,Regular Espresso,Beans,Espresso,New York,Regular,210,350,280,560,228,1402,352,63,264,580,88,High
40940,East,Major Market,Caffe Mocha,Beans,Espresso,New York,Regular,110,-60,-190,50,121,901,-60,110,-203,61,143,Low
40940,East,Major Market,Colombian,Beans,Coffee,New York,Regular,240,370,250,610,258,2067,387,90,245,645,142,High
40940,East,Major Market,Lemon,Leaves,Herbal Tea,New York,Decaf,180,200,110,380,240,1454,255,91,131,495,124,High
40940,East,Major Market,Mint,Leaves,Herbal Tea,New York,Decaf,160,-20,-80,140,213,1214,-33,66,-120,180,87,Medium
40940,South,Small Market,Caffe Mocha,Beans,Espresso,Louisiana,Regular,50,90,70,140,65,372,109,20,65,174,44,Medium
40940,South,Small Market,Decaf Espresso,Beans,Espresso,Louisiana,Decaf,40,70,50,110,56,382,81,17,41,137,40,Medium
40940,South,Small Market,Chamomile,Leaves,Herbal Tea,Louisiana,Decaf,40,60,40,100,49,617,63,16,35,112,28,Low
40940,South,Small Market,Lemon,Leaves,Herbal Tea,Louisiana,Decaf,80,100,40,180,86,484,107,32,42,193,65,High
40940,South,Small Market,Caffe Latte,Beans,Espresso,Louisiana,Regular,50,80,10,130,65,342,90,58,2,155,88,Medium
40940,South,Small Market,Colombian,Beans,Coffee,Louisiana,Regular,40,70,60,110,38,772,56,10,34,94,22,Low
40940,South,Small Market,Decaf Irish Cream,Beans,Coffee,Louisiana,Decaf,50,90,70,140,47,772,68,13,44,115,24,Medium
40940,South,Small Market,Caffe Mocha,Beans,Espresso,New Mexico,Regular,30,50,0,80,43,256,61,39,-7,104,68,Low
40940,South,Small Market,Decaf Espresso,Beans,Espresso,New Mexico,Decaf,30,40,10,70,35,191,47,11,8,82,39,Low
40940,South,Small Market,Chamomile,Leaves,Herbal Tea,New Mexico,Decaf,10,30,20,40,18,818,27,5,10,45,17,Low
40940,South,Small Market,Lemon,Leaves,Herbal Tea,New Mexico,Decaf,20,40,20,60,28,961,35,8,5,63,30,Low
40940,South,Small Market,Caffe Latte,Beans,Espresso,New Mexico,Regular,20,30,0,50,30,104,38,11,-7,68,45,Low
40940,South,Small Market,Colombian,Beans,Coffee,New Mexico,Regular,50,90,50,140,45,366,69,14,24,114,45,Medium
40940,South,Small Market,Decaf Irish Cream,Beans,Coffee,New Mexico,Decaf,100,20,-20,120,84,625,18,26,-31,102,49,Low
40940,South,Small Market,Caffe Latte,Beans,Espresso,Oklahoma,Regular,70,100,70,170,86,300,120,26,70,206,50,High
40940,South,Small Market,Caffe Mocha,Beans,Espresso,Oklahoma,Regular,10,30,30,40,22,452,34,6,17,56,17,Low
40940,South,Small Market,Decaf Espresso,Beans,Espresso,Oklahoma,Decaf,60,110,70,170,80,640,120,26,63,200,57,High
40940,South,Small Market,Chamomile,Leaves,Herbal Tea,Oklahoma,Decaf,50,60,20,110,53,306,65,20,11,118,54,Medium
40940,South,Small Market,Lemon,Leaves,Herbal Tea,Oklahoma,Decaf,80,130,40,210,92,541,128,83,15,220,113,High
40940,South,Small Market,Colombian,Beans,Coffee,Oklahoma,Regular,50,70,50,120,44,618,56,14,29,100,27,Low
40940,South,Small Market,Decaf Irish Cream,Beans,Coffee,Oklahoma,Decaf,40,60,50,100,32,817,48,8,29,80,19,Low
40940,South,Major Market,Caffe Latte,Beans,Espresso,Texas,Regular,60,100,60,160,75,378,114,24,58,189,56,Medium
40940,South,Major Market,Caffe Mocha,Beans,Espresso,Texas,Regular,80,120,100,200,99,766,144,27,106,243,38,High
40940,South,Major Market,Decaf Espresso,Beans,Espresso,Texas,Decaf,60,100,90,160,77,449,112,21,80,189,32,Medium
40940,South,Major Market,Chamomile,Leaves,Herbal Tea,Texas,Decaf,50,80,50,130,60,329,80,19,33,140,47,Medium
40940,South,Major Market,Lemon,Leaves,Herbal Tea,Texas,Decaf,40,80,50,120,52,357,76,16,38,128,38,Medium
40940,South,Major Market,Colombian,Beans,Coffee,Texas,Regular,260,320,240,580,213,942,252,66,164,465,88,High
40940,South,Major Market,Decaf Irish Cream,Beans,Coffee,Texas,Decaf,100,130,100,230,83,613,107,27,68,190,39,Medium
40940,West,Small Market,Caffe Latte,Beans,Espresso,Utah,Regular,40,50,30,90,42,771,61,11,38,103,23,Low
40940,West,Small Market,Caffe Mocha,Beans,Espresso,Utah,Regular,40,60,40,100,49,617,63,16,35,112,28,Low
40940,West,Small Market,Decaf Espresso,Beans,Espresso,Utah,Decaf,40,70,50,110,50,814,73,14,48,123,25,Medium
40940,West,Small Market,Chamomile,Leaves,Herbal Tea,Utah,Decaf,30,50,30,80,41,236,60,13,24,101,36,Low
40940,West,Small Market,Lemon,Leaves,Herbal Tea,Utah,Decaf,30,70,40,100,45,366,69,14,24,114,45,Medium
40940,West,Small Market,Mint,Leaves,Herbal Tea,Utah,Decaf,70,10,-30,80,84,625,18,26,-31,102,49,Low
40940,West,Small Market,Darjeeling,Leaves,Tea,Utah,Regular,20,50,10,70,43,256,61,39,-7,104,68,Low
40940,West,Small Market,Earl Grey,Leaves,Tea,Utah,Regular,20,30,10,50,35,191,47,11,9,82,38,Low
40940,West,Small Market,Green Tea,Leaves,Tea,Utah,Regular,10,30,10,40,30,165,38,11,-6,68,44,Low
40940,West,Small Market,Amaretto,Beans,Coffee,Utah,Regular,90,110,70,200,75,956,90,23,46,165,44,Medium
40940,West,Small Market,Colombian,Beans,Coffee,Utah,Regular,60,100,70,160,55,305,75,18,30,130,45,Medium
40940,West,Small Market,Decaf Irish Cream,Beans,Coffee,Utah,Decaf,100,140,80,240,86,484,107,32,41,193,66,High
40940,West,Major Market,Caffe Latte,Beans,Espresso,California,Regular,210,220,150,430,228,1436,229,63,142,457,87,High
40940,West,Major Market,Caffe Mocha,Beans,Espresso,California,Regular,110,160,30,270,121,712,169,110,26,290,143,High
40940,West,Major Market,Decaf Espresso,Beans,Espresso,California,Decaf,220,300,200,520,234,1282,311,77,202,545,109,High
40940,West,Major Market,Chamomile,Leaves,Herbal Tea,California,Decaf,80,120,100,200,95,809,137,26,100,232,37,High
40940,West,Major Market,Lemon,Leaves,Herbal Tea,California,Decaf,180,220,160,400,213,942,252,66,164,465,88,High
40940,West,Major Market,Mint,Leaves,Herbal Tea,California,Decaf,70,90,60,160,83,613,107,27,68,190,39,Medium
40940,West,Major Market,Darjeeling,Leaves,Tea,California,Regular,60,100,90,160,99,766,144,27,106,243,38,High
40940,West,Major Market,Earl Grey,Leaves,Tea,California,Regular,50,70,60,120,77,449,112,21,80,189,32,Medium
40940,West,Major Market,Green Tea,Leaves,Tea,California,Regular,40,80,50,120,75,549,114,24,58,189,56,Medium
40940,West,Major Market,Amaretto,Beans,Coffee,California,Regular,130,30,-20,160,104,685,28,33,-27,132,55,Medium
40940,West,Major Market,Colombian,Beans,Coffee,California,Regular,320,480,360,800,258,2067,387,90,245,645,142,High
40940,West,Major Market,Decaf Irish Cream,Beans,Coffee,California,Decaf,180,-30,-110,150,148,1071,-26,48,-117,122,91,Medium
40940,West,Small Market,Caffe Latte,Beans,Espresso,Nevada,Regular,0,40,30,40,0,774,43,0,31,43,12,Low
40940,West,Small Market,Caffe Mocha,Beans,Espresso,Nevada,Regular,10,30,20,40,18,818,27,5,10,45,17,Low
40940,West,Small Market,Decaf Espresso,Beans,Espresso,Nevada,Decaf,10,30,20,40,19,774,28,5,11,47,17,Low
40940,West,Small Market,Decaf Irish Cream,Beans,Coffee,Nevada,Decaf,30,40,20,70,28,961,35,8,6,63,29,Low
40940,West,Small Market,Chamomile,Leaves,Herbal Tea,Nevada,Decaf,100,150,40,250,121,712,169,110,26,290,143,High
40940,West,Small Market,Lemon,Leaves,Herbal Tea,Nevada,Decaf,120,190,120,310,148,844,206,48,115,354,91,High
40940,West,Small Market,Mint,Leaves,Herbal Tea,Nevada,Decaf,80,140,110,220,104,596,150,33,94,254,56,High
40940,West,Small Market,Darjeeling,Leaves,Tea,Nevada,Regular,150,220,150,370,234,1282,311,77,202,545,109,High
40940,West,Small Market,Earl Grey,Leaves,Tea,Nevada,Regular,150,160,100,310,228,1436,229,63,142,457,87,High
40940,West,Small Market,Green Tea,Leaves,Tea,Nevada,Regular,150,-150,-220,0,240,1937,-240,91,-342,23,125,Low
40940,West,Small Market,Colombian,Beans,Coffee,Nevada,Regular,40,50,10,90,33,193,41,12,-5,74,46,Low
40940,West,Small Market,Caffe Latte,Beans,Espresso,Oregon,Regular,50,70,20,120,59,331,73,22,18,132,55,Medium
40940,West,Small Market,Caffe Mocha,Beans,Espresso,Oregon,Regular,50,80,50,130,60,329,80,19,33,140,47,Medium
40940,West,Small Market,Decaf Espresso,Beans,Espresso,Oregon,Decaf,160,160,100,320,170,1073,170,47,99,340,71,High
40940,West,Small Market,Decaf Irish Cream,Beans,Coffee,Oregon,Decaf,60,100,70,160,52,357,76,16,38,128,38,Medium
40940,West,Small Market,Chamomile,Leaves,Herbal Tea,Oregon,Decaf,20,50,50,70,33,772,48,9,28,81,20,Low
40940,West,Small Market,Lemon,Leaves,Herbal Tea,Oregon,Decaf,30,50,30,80,44,618,56,14,30,100,26,Low
40940,West,Small Market,Darjeeling,Leaves,Tea,Oregon,Regular,10,20,20,30,22,452,34,6,17,56,17,Low
40940,West,Small Market,Earl Grey,Leaves,Tea,Oregon,Regular,50,80,50,130,80,640,120,26,62,200,58,High
40940,West,Small Market,Green Tea,Leaves,Tea,Oregon,Regular,50,90,60,140,86,490,120,26,71,206,49,High
40940,West,Small Market,Amaretto,Beans,Coffee,Oregon,Regular,60,100,40,160,54,427,75,49,-4,129,79,Medium
40940,West,Small Market,Colombian,Beans,Coffee,Oregon,Regular,80,110,50,190,65,392,90,21,25,155,65,Medium
40940,West,Small Market,Caffe Latte,Beans,Espresso,Washington,Regular,40,60,40,100,48,617,62,15,35,110,27,Low
40940,West,Small Market,Caffe Mocha,Beans,Espresso,Washington,Regular,50,60,20,110,53,306,65,20,12,118,53,Medium
40940,West,Small Market,Decaf Espresso,Beans,Espresso,Washington,Decaf,60,80,60,140,70,957,84,21,41,154,43,Medium
40940,West,Small Market,Decaf Irish Cream,Beans,Coffee,Washington,Decaf,110,160,60,270,92,541,128,83,15,220,113,High
40940,West,Small Market,Chamomile,Leaves,Herbal Tea,Washington,Decaf,110,170,120,280,130,945,195,42,121,325,74,High
40940,West,Small Market,Lemon,Leaves,Herbal Tea,Washington,Decaf,30,50,50,80,38,772,56,10,34,94,22,Low
40940,West,Small Market,Darjeeling,Leaves,Tea,Washington,Regular,40,70,40,110,65,372,109,20,66,174,43,Medium
40940,West,Small Market,Earl Grey,Leaves,Tea,Washington,Regular,30,60,40,90,56,382,81,17,41,137,40,Medium
40940,West,Small Market,Green Tea,Leaves,Tea,Washington,Regular,40,60,10,100,65,513,90,58,3,155,87,Medium
40940,West,Small Market,Colombian,Beans,Coffee,Washington,Regular,70,100,70,170,58,331,84,18,44,142,40,Medium
40969,Central,Major Market,Amaretto,Beans,Coffee,Colorado,Regular,90,130,100,220,87,756,126,24,90,213,36,High
40969,Central,Major Market,Colombian,Beans,Coffee,Colorado,Regular,80,120,90,200,84,603,109,27,69,193,40,High
40969,Central,Major Market,Decaf Irish Cream,Beans,Coffee,Colorado,Decaf,100,140,110,240,95,799,139,26,101,234,38,High
40969,Central,Major Market,Green Tea,Leaves,Tea,Colorado,Regular,30,50,30,80,43,613,55,14,29,98,26,Low
40969,Central,Major Market,Caffe Mocha,Beans,Espresso,Colorado,Regular,90,140,110,230,81,441,117,22,84,198,33,High
40969,Central,Major Market,Decaf Espresso,Beans,Espresso,Colorado,Decaf,80,130,80,210,72,541,108,23,54,180,54,Medium
40969,Central,Major Market,Chamomile,Leaves,Herbal Tea,Colorado,Decaf,130,150,100,280,162,1059,163,45,94,325,69,High
40969,Central,Major Market,Lemon,Leaves,Herbal Tea,Colorado,Decaf,40,70,20,110,52,421,73,47,-4,125,77,Medium
40969,Central,Major Market,Mint,Leaves,Herbal Tea,Colorado,Decaf,40,70,40,110,57,323,77,18,31,134,46,Medium
40969,Central,Major Market,Darjeeling,Leaves,Tea,Colorado,Regular,40,70,20,110,58,325,71,22,16,129,55,Medium
40969,Central,Major Market,Earl Grey,Leaves,Tea,Colorado,Regular,50,60,30,110,62,952,73,19,32,135,41,Medium
40969,Central,Major Market,Colombian,Beans,Coffee,Illinois,Regular,160,220,140,380,154,829,213,50,119,367,94,High
40969,Central,Major Market,Decaf Irish Cream,Beans,Coffee,Illinois,Decaf,110,170,120,280,109,585,158,34,102,267,56,High
40969,Central,Major Market,Caffe Mocha,Beans,Espresso,Illinois,Regular,280,380,260,660,243,1260,324,80,211,567,113,High
40969,Central,Major Market,Decaf Espresso,Beans,Espresso,Illinois,Decaf,270,290,200,560,239,1417,239,66,148,478,91,High
40969,Central,Major Market,Chamomile,Leaves,Herbal Tea,Illinois,Decaf,70,110,90,180,87,756,126,24,91,213,35,High
40969,Central,Major Market,Lemon,Leaves,Herbal Tea,Illinois,Decaf,70,90,60,160,84,603,109,27,70,193,39,High
40969,Central,Major Market,Mint,Leaves,Herbal Tea,Illinois,Decaf,80,120,100,200,95,799,139,26,102,234,37,High
40969,Central,Major Market,Darjeeling,Leaves,Tea,Illinois,Regular,60,110,80,170,81,441,117,22,84,198,33,High
40969,Central,Major Market,Earl Grey,Leaves,Tea,Illinois,Regular,60,90,40,150,72,541,108,23,53,180,55,Medium
40969,Central,Small Market,Amaretto,Beans,Coffee,Iowa,Regular,10,30,20,40,18,816,27,5,10,45,17,Low
40969,Central,Small Market,Colombian,Beans,Coffee,Iowa,Regular,20,40,20,60,28,958,35,8,6,63,29,Low
40969,Central,Small Market,Decaf Irish Cream,Beans,Coffee,Iowa,Decaf,20,30,20,50,23,617,31,7,12,54,19,Low
40969,Central,Small Market,Caffe Mocha,Beans,Espresso,Iowa,Regular,10,30,20,40,16,772,25,4,9,41,16,Low
40969,Central,Small Market,Decaf Espresso,Beans,Espresso,Iowa,Decaf,0,50,40,50,0,731,43,0,32,43,11,Low
40969,Central,Small Market,Chamomile,Leaves,Herbal Tea,Iowa,Decaf,200,290,210,490,243,1260,324,80,212,567,112,High
40969,Central,Small Market,Lemon,Leaves,Herbal Tea,Iowa,Decaf,90,140,110,230,109,585,158,34,102,267,56,High
40969,Central,Small Market,Darjeeling,Leaves,Tea,Iowa,Regular,200,220,140,420,239,1417,239,66,148,478,91,High
40969,Central,Small Market,Earl Grey,Leaves,Tea,Iowa,Regular,210,270,160,480,245,1369,301,93,175,546,126,High
40969,Central,Small Market,Colombian,Beans,Coffee,Missouri,Regular,90,100,40,190,85,476,104,32,39,189,65,Medium
40969,Central,Small Market,Decaf Irish Cream,Beans,Coffee,Missouri,Decaf,70,100,60,170,74,949,89,22,45,163,44,Medium
40969,Central,Small Market,Green Tea,Leaves,Tea,Missouri,Regular,20,40,0,60,33,190,42,12,-4,75,46,Low
40969,Central,Small Market,Caffe Mocha,Beans,Espresso,Missouri,Regular,50,90,70,140,49,809,72,13,47,121,25,Medium
40969,Central,Small Market,Decaf Espresso,Beans,Espresso,Missouri,Decaf,50,80,60,130,48,766,70,13,45,118,25,Medium
40969,Central,Small Market,Chamomile,Leaves,Herbal Tea,Missouri,Decaf,30,60,10,90,44,251,63,40,-6,107,69,Low
40969,Central,Small Market,Lemon,Leaves,Herbal Tea,Missouri,Decaf,70,20,-10,90,88,715,18,27,-32,106,50,Low
40969,Central,Small Market,Darjeeling,Leaves,Tea,Missouri,Regular,30,40,10,70,36,187,49,11,11,85,38,Low
40969,Central,Small Market,Earl Grey,Leaves,Tea,Missouri,Regular,20,40,0,60,33,162,42,12,-3,75,45,Low
40969,Central,Major Market,Amaretto,Beans,Coffee,Ohio,Regular,60,80,50,140,57,323,77,18,32,134,45,Medium
40969,Central,Major Market,Colombian,Beans,Coffee,Ohio,Regular,50,70,40,120,49,351,72,15,35,121,37,Medium
40969,Central,Major Market,Decaf Irish Cream,Beans,Coffee,Ohio,Decaf,50,80,20,130,52,421,73,47,-4,125,77,Medium
40969,Central,Major Market,Darjeeling,Leaves,Tea,Ohio,Regular,70,110,60,180,84,632,126,27,68,210,58,High
40969,Central,Major Market,Earl Grey,Leaves,Tea,Ohio,Regular,70,110,70,180,89,481,125,27,74,214,51,High
40969,Central,Major Market,Decaf Espresso,Beans,Espresso,Ohio,Decaf,60,90,40,150,58,325,71,22,15,129,56,Medium
40969,Central,Major Market,Caffe Mocha,Beans,Espresso,Ohio,Regular,180,200,130,380,162,1059,163,45,94,325,69,High
40969,Central,Major Market,Chamomile,Leaves,Herbal Tea,Ohio,Decaf,10,30,30,40,21,449,32,5,15,53,17,Low
40969,Central,Major Market,Lemon,Leaves,Herbal Tea,Ohio,Decaf,20,40,40,60,32,813,47,8,28,79,19,Low
40969,Central,Small Market,Amaretto,Beans,Coffee,Wisconsin,Regular,50,70,30,120,54,301,66,20,13,120,53,Medium
40969,Central,Small Market,Colombian,Beans,Coffee,Wisconsin,Regular,100,130,30,230,95,532,132,86,17,227,115,High
40969,Central,Small Market,Decaf Irish Cream,Beans,Coffee,Wisconsin,Decaf,80,110,70,190,80,415,108,26,55,188,53,Medium
40969,Central,Small Market,Darjeeling,Leaves,Tea,Wisconsin,Regular,40,70,40,110,52,376,77,16,38,129,39,Medium
40969,Central,Small Market,Earl Grey,Leaves,Tea,Wisconsin,Regular,50,80,10,130,63,506,87,57,1,150,86,Medium
40969,Central,Small Market,Decaf Espresso,Beans,Espresso,Wisconsin,Decaf,50,80,60,130,49,611,63,16,34,112,29,Low
40969,Central,Small Market,Caffe Mocha,Beans,Espresso,Wisconsin,Regular,80,100,60,180,71,950,84,22,41,155,43,Medium
40969,Central,Small Market,Chamomile,Leaves,Herbal Tea,Wisconsin,Decaf,50,90,70,140,62,346,105,19,63,167,42,Medium
40969,Central,Small Market,Lemon,Leaves,Herbal Tea,Wisconsin,Decaf,40,60,50,100,49,767,72,13,47,121,25,Medium
40969,East,Small Market,Darjeeling,Leaves,Tea,Connecticut,Regular,50,80,60,130,49,809,72,13,47,121,25,Medium
40969,East,Small Market,Green Tea,Leaves,Tea,Connecticut,Regular,20,40,30,60,25,769,37,7,18,62,19,Low
40969,East,Small Market,Decaf Espresso,Beans,Espresso,Connecticut,Decaf,50,70,40,120,53,299,71,17,26,124,45,Medium
40969,East,Small Market,Caffe Mocha,Beans,Espresso,Connecticut,Regular,60,80,10,140,63,506,87,57,0,150,87,Medium
40969,East,Small Market,Colombian,Beans,Coffee,Connecticut,Regular,110,180,130,290,123,932,186,40,114,309,72,High
40969,East,Small Market,Lemon,Leaves,Herbal Tea,Connecticut,Decaf,60,80,40,140,85,476,104,32,39,189,65,Medium
40969,East,Small Market,Mint,Leaves,Herbal Tea,Connecticut,Decaf,50,70,50,120,74,949,89,22,46,163,43,Medium
40969,East,Major Market,Darjeeling,Leaves,Tea,Florida,Regular,30,50,40,80,33,813,48,9,27,81,21,Low
40969,East,Major Market,Green Tea,Leaves,Tea,Florida,Regular,50,80,60,130,49,767,72,13,47,121,25,Medium
40969,East,Major Market,Decaf Espresso,Beans,Espresso,Florida,Decaf,70,110,70,180,80,415,108,26,54,188,54,Medium
40969,East,Major Market,Caffe Mocha,Beans,Espresso,Florida,Regular,90,130,30,220,95,532,132,86,17,227,115,High
40969,East,Major Market,Decaf Irish Cream,Beans,Coffee,Florida,Decaf,80,120,80,200,89,481,125,27,74,214,51,High
40969,East,Major Market,Colombian,Beans,Coffee,Florida,Regular,80,110,70,190,84,632,126,27,67,210,59,High
40969,East,Major Market,Chamomile,Leaves,Herbal Tea,Florida,Decaf,30,50,30,80,49,611,63,16,35,112,28,Low
40969,East,Major Market,Lemon,Leaves,Herbal Tea,Florida,Decaf,40,50,20,90,54,301,66,20,12,120,54,Medium
40969,East,Major Market,Mint,Leaves,Herbal Tea,Florida,Decaf,50,70,50,120,71,950,84,22,40,155,44,Medium
40969,East,Major Market,Darjeeling,Leaves,Tea,Massachusetts,Regular,30,50,40,80,32,813,47,8,28,79,19,Low
40969,East,Major Market,Green Tea,Leaves,Tea,Massachusetts,Regular,20,30,20,50,21,449,32,5,15,53,17,Low
40969,East,Major Market,Regular Espresso,Beans,Espresso,Massachusetts,Regular,150,160,100,310,162,1059,163,45,94,325,69,High
40969,East,Major Market,Caffe Mocha,Beans,Espresso,Massachusetts,Regular,40,80,20,120,52,446,73,47,-4,125,77,Medium
40969,East,Major Market,Colombian,Beans,Coffee,Massachusetts,Regular,60,400,360,460,72,-54,420,23,366,492,54,High
40969,East,Major Market,Lemon,Leaves,Herbal Tea,Massachusetts,Decaf,40,60,30,100,58,325,71,22,16,129,55,Medium
40969,East,Small Market,Darjeeling,Leaves,Tea,New Hampshire,Regular,10,30,20,40,18,816,27,5,11,45,16,Low
40969,East,Small Market,Green Tea,Leaves,Tea,New Hampshire,Regular,0,40,30,40,0,731,43,0,32,43,11,Low
40969,East,Small Market,Regular Espresso,Beans,Espresso,New Hampshire,Regular,30,40,0,70,33,162,42,12,-4,75,46,Low
40969,East,Small Market,Caffe Mocha,Beans,Espresso,New Hampshire,Regular,40,60,10,100,44,251,63,40,-7,107,70,Low
40969,East,Small Market,Amaretto,Beans,Coffee,New Hampshire,Regular,40,60,40,100,43,231,64,13,29,107,35,Low
40969,East,Small Market,Colombian,Beans,Coffee,New Hampshire,Regular,40,70,40,110,47,361,72,15,26,119,46,Medium
40969,East,Small Market,Lemon,Leaves,Herbal Tea,New Hampshire,Decaf,20,30,0,50,33,190,42,12,-3,75,45,Low
40969,East,Major Market,Darjeeling,Leaves,Tea,New York,Regular,100,150,120,250,95,799,139,26,102,234,37,High
40969,East,Major Market,Earl Grey,Leaves,Tea,New York,Regular,90,140,110,230,87,756,126,24,91,213,35,High
40969,East,Major Market,Green Tea,Leaves,Tea,New York,Regular,80,130,100,210,81,441,117,22,83,198,34,High
40969,East,Major Market,Caffe Mocha,Beans,Espresso,New York,Regular,120,-60,-190,60,125,1118,-62,113,-208,63,146,Low
40969,East,Major Market,Regular Espresso,Beans,Espresso,New York,Regular,220,290,210,510,239,1260,284,66,194,523,90,High
40969,East,Major Market,Colombian,Beans,Coffee,New York,Regular,250,390,270,640,270,2041,405,94,259,675,146,High
40969,East,Major Market,Lemon,Leaves,Herbal Tea,New York,Decaf,180,220,130,400,245,1471,268,93,141,513,127,High
40969,East,Major Market,Mint,Leaves,Herbal Tea,New York,Decaf,160,-20,-80,140,214,1480,-32,66,-119,182,87,Medium
40969,South,Small Market,Caffe Latte,Beans,Espresso,Louisiana,Regular,50,70,0,120,63,187,87,57,1,150,86,Medium
40969,South,Small Market,Caffe Mocha,Beans,Espresso,Louisiana,Regular,50,90,70,140,62,346,105,19,63,167,42,Medium
40969,South,Small Market,Decaf Espresso,Beans,Espresso,Louisiana,Decaf,40,70,50,110,52,376,77,16,38,129,39,Medium
40969,South,Small Market,Chamomile,Leaves,Herbal Tea,Louisiana,Decaf,40,60,40,100,48,611,62,15,34,110,28,Low
40969,South,Small Market,Lemon,Leaves,Herbal Tea,Louisiana,Decaf,80,100,40,180,85,476,104,32,39,189,65,Medium
40969,South,Small Market,Decaf Irish Cream,Beans,Coffee,Louisiana,Decaf,60,90,70,150,49,767,72,13,47,121,25,Medium
40969,South,Small Market,Colombian,Beans,Coffee,Louisiana,Regular,40,60,50,100,33,768,49,9,29,82,20,Low
40969,South,Small Market,Caffe Latte,Beans,Espresso,New Mexico,Regular,20,40,10,60,33,36,42,12,-3,75,45,Low
40969,South,Small Market,Caffe Mocha,Beans,Espresso,New Mexico,Regular,30,60,10,90,44,251,63,40,-7,107,70,Low
40969,South,Small Market,Decaf Espresso,Beans,Espresso,New Mexico,Decaf,30,40,10,70,36,187,49,11,11,85,38,Low
40969,South,Small Market,Chamomile,Leaves,Herbal Tea,New Mexico,Decaf,10,30,20,40,18,816,27,5,10,45,17,Low
40969,South,Small Market,Lemon,Leaves,Herbal Tea,New Mexico,Decaf,20,40,20,60,28,958,35,8,5,63,30,Low
40969,South,Small Market,Decaf Irish Cream,Beans,Coffee,New Mexico,Decaf,110,20,-20,130,88,715,18,27,-33,106,51,Low
40969,South,Small Market,Colombian,Beans,Coffee,New Mexico,Regular,50,90,50,140,47,361,72,15,26,119,46,Medium
40969,South,Small Market,Caffe Latte,Beans,Espresso,Oklahoma,Regular,70,110,80,180,89,94,125,27,74,214,51,High
40969,South,Small Market,Caffe Mocha,Beans,Espresso,Oklahoma,Regular,10,30,30,40,21,449,32,5,15,53,17,Low
40969,South,Small Market,Decaf Espresso,Beans,Espresso,Oklahoma,Decaf,70,110,70,180,84,632,126,27,68,210,58,High
40969,South,Small Market,Chamomile,Leaves,Herbal Tea,Oklahoma,Decaf,50,60,20,110,54,301,66,20,13,120,53,Medium
40969,South,Small Market,Lemon,Leaves,Herbal Tea,Oklahoma,Decaf,90,130,30,220,95,532,132,86,17,227,115,High
40969,South,Small Market,Decaf Irish Cream,Beans,Coffee,Oklahoma,Decaf,40,50,40,90,32,813,47,8,27,79,20,Low
40969,South,Small Market,Colombian,Beans,Coffee,Oklahoma,Regular,50,70,50,120,43,613,55,14,29,98,26,Low
40969,South,Major Market,Caffe Latte,Beans,Espresso,Texas,Regular,60,90,50,150,72,189,108,23,54,180,54,Medium
40969,South,Major Market,Caffe Mocha,Beans,Espresso,Texas,Regular,70,110,90,180,87,756,126,24,91,213,35,High
40969,South,Major Market,Decaf Espresso,Beans,Espresso,Texas,Decaf,60,110,90,170,81,441,117,22,84,198,33,High
40969,South,Major Market,Chamomile,Leaves,Herbal Tea,Texas,Decaf,50,80,50,130,57,323,77,18,31,134,46,Medium
40969,South,Major Market,Lemon,Leaves,Herbal Tea,Texas,Decaf,40,70,40,110,49,351,72,15,35,121,37,Medium
40969,South,Major Market,Decaf Irish Cream,Beans,Coffee,Texas,Decaf,100,140,110,240,84,603,109,27,70,193,39,High
40969,South,Major Market,Colombian,Beans,Coffee,Texas,Regular,260,320,240,580,214,923,253,66,166,467,87,High
40969,West,Small Market,Caffe Latte,Beans,Espresso,Utah,Regular,40,70,50,110,48,766,70,13,45,118,25,Medium
40969,West,Small Market,Caffe Mocha,Beans,Espresso,Utah,Regular,40,60,40,100,48,611,62,15,34,110,28,Low
40969,West,Small Market,Decaf Espresso,Beans,Espresso,Utah,Decaf,40,70,50,110,49,809,72,13,47,121,25,Medium
40969,West,Small Market,Decaf Irish Cream,Beans,Coffee,Utah,Decaf,100,130,70,230,85,476,104,32,38,189,66,Medium
40969,West,Small Market,Chamomile,Leaves,Herbal Tea,Utah,Decaf,30,60,40,90,43,231,64,13,28,107,36,Low
40969,West,Small Market,Lemon,Leaves,Herbal Tea,Utah,Decaf,40,60,30,100,47,361,72,15,26,119,46,Medium
40969,West,Small Market,Mint,Leaves,Herbal Tea,Utah,Decaf,70,20,-20,90,88,715,18,27,-32,106,50,Low
40969,West,Small Market,Darjeeling,Leaves,Tea,Utah,Regular,20,50,10,70,44,251,63,40,-7,107,70,Low
40969,West,Small Market,Earl Grey,Leaves,Tea,Utah,Regular,20,30,10,50,36,187,49,11,10,85,39,Low
40969,West,Small Market,Green Tea,Leaves,Tea,Utah,Regular,20,30,10,50,33,162,42,12,-4,75,46,Low
40969,West,Small Market,Amaretto,Beans,Coffee,Utah,Regular,90,110,70,200,74,949,89,22,45,163,44,Medium
40969,West,Small Market,Colombian,Beans,Coffee,Utah,Regular,60,90,60,150,53,299,71,17,26,124,45,Medium
40969,West,Major Market,Caffe Latte,Beans,Espresso,California,Regular,220,230,150,450,239,1417,239,66,149,478,90,High
40969,West,Major Market,Caffe Mocha,Beans,Espresso,California,Regular,120,160,30,280,125,700,173,113,27,298,146,High
40969,West,Major Market,Decaf Espresso,Beans,Espresso,California,Decaf,230,310,210,540,243,1260,324,80,211,567,113,High
40969,West,Major Market,Decaf Irish Cream,Beans,Coffee,California,Decaf,190,-40,-120,150,154,1288,-27,50,-121,127,94,Medium
40969,West,Major Market,Chamomile,Leaves,Herbal Tea,California,Decaf,80,120,100,200,95,799,139,26,101,234,38,High
40969,West,Major Market,Lemon,Leaves,Herbal Tea,California,Decaf,180,230,170,410,214,923,253,66,165,467,88,High
40969,West,Major Market,Mint,Leaves,Herbal Tea,California,Decaf,70,90,60,160,84,603,109,27,69,193,40,High
40969,West,Major Market,Darjeeling,Leaves,Tea,California,Regular,50,90,80,140,87,756,126,24,91,213,35,High
40969,West,Major Market,Earl Grey,Leaves,Tea,California,Regular,50,80,70,130,81,441,117,22,84,198,33,High
40969,West,Major Market,Green Tea,Leaves,Tea,California,Regular,40,80,50,120,72,541,108,23,54,180,54,Medium
40969,West,Major Market,Amaretto,Beans,Coffee,California,Regular,130,20,-30,150,109,796,16,34,-41,125,57,Medium
40969,West,Major Market,Colombian,Beans,Coffee,California,Regular,340,500,370,840,270,2041,405,94,259,675,146,High
40969,West,Small Market,Caffe Latte,Beans,Espresso,Nevada,Regular,0,40,30,40,0,731,43,0,31,43,12,Low
40969,West,Small Market,Caffe Mocha,Beans,Espresso,Nevada,Regular,10,30,20,40,18,816,27,5,10,45,17,Low
40969,West,Small Market,Decaf Espresso,Beans,Espresso,Nevada,Decaf,10,20,10,30,16,772,25,4,10,41,15,Low
40969,West,Small Market,Decaf Irish Cream,Beans,Coffee,Nevada,Decaf,30,40,20,70,28,958,35,8,6,63,29,Low
40969,West,Small Market,Chamomile,Leaves,Herbal Tea,Nevada,Decaf,100,160,50,260,125,700,173,113,27,298,146,High
40969,West,Small Market,Lemon,Leaves,Herbal Tea,Nevada,Decaf,130,190,120,320,154,829,213,50,119,367,94,High
40969,West,Small Market,Mint,Leaves,Herbal Tea,Nevada,Decaf,90,140,110,230,109,585,158,34,102,267,56,High
40969,West,Small Market,Darjeeling,Leaves,Tea,Nevada,Regular,160,220,150,380,243,1260,324,80,212,567,112,High
40969,West,Small Market,Earl Grey,Leaves,Tea,Nevada,Regular,150,170,110,320,239,1417,239,66,148,478,91,High
40969,West,Small Market,Green Tea,Leaves,Tea,Nevada,Regular,160,-160,-240,0,245,2449,-245,93,-340,32,127,Low
40969,West,Small Market,Colombian,Beans,Coffee,Nevada,Regular,40,50,10,90,33,190,42,12,-4,75,46,Low
40969,West,Small Market,Caffe Latte,Beans,Espresso,Oregon,Regular,50,70,20,120,58,325,71,22,15,129,56,Medium
40969,West,Small Market,Caffe Mocha,Beans,Espresso,Oregon,Regular,50,70,40,120,57,323,77,18,32,134,45,Medium
40969,West,Small Market,Decaf Espresso,Beans,Espresso,Oregon,Decaf,150,160,100,310,162,1059,163,45,94,325,69,High
40969,West,Small Market,Decaf Irish Cream,Beans,Coffee,Oregon,Decaf,60,90,60,150,49,351,72,15,34,121,38,Medium
40969,West,Small Market,Chamomile,Leaves,Herbal Tea,Oregon,Decaf,30,50,50,80,37,768,55,10,33,92,22,Low
40969,West,Small Market,Lemon,Leaves,Herbal Tea,Oregon,Decaf,30,50,30,80,43,613,55,14,29,98,26,Low
40969,West,Small Market,Darjeeling,Leaves,Tea,Oregon,Regular,10,20,20,30,21,449,32,5,16,53,16,Low
40969,West,Small Market,Earl Grey,Leaves,Tea,Oregon,Regular,50,90,60,140,84,632,126,27,68,210,58,High
40969,West,Small Market,Green Tea,Leaves,Tea,Oregon,Regular,50,90,60,140,89,481,125,27,74,214,51,High
40969,West,Small Market,Amaretto,Beans,Coffee,Oregon,Regular,60,90,30,150,52,421,73,47,-3,125,76,Medium
40969,West,Small Market,Colombian,Beans,Coffee,Oregon,Regular,70,110,60,180,62,385,87,20,24,149,63,Medium
40969,West,Small Market,Caffe Latte,Beans,Espresso,Washington,Regular,40,60,40,100,49,611,63,16,35,112,28,Low
40969,West,Small Market,Caffe Mocha,Beans,Espresso,Washington,Regular,50,60,20,110,54,301,66,20,12,120,54,Medium
40969,West,Small Market,Decaf Espresso,Beans,Espresso,Washington,Decaf,60,80,50,140,71,950,84,22,40,155,44,Medium
40969,West,Small Market,Decaf Irish Cream,Beans,Coffee,Washington,Decaf,110,170,70,280,95,532,132,86,16,227,116,High
40969,West,Small Market,Chamomile,Leaves,Herbal Tea,Washington,Decaf,100,170,120,270,123,932,186,40,115,309,71,High
40969,West,Small Market,Lemon,Leaves,Herbal Tea,Washington,Decaf,20,50,50,70,33,768,49,9,29,82,20,Low
40969,West,Small Market,Darjeeling,Leaves,Tea,Washington,Regular,40,70,40,110,62,346,105,19,62,167,43,Medium
40969,West,Small Market,Earl Grey,Leaves,Tea,Washington,Regular,30,50,30,80,52,376,77,16,38,129,39,Medium
40969,West,Small Market,Green Tea,Leaves,Tea,Washington,Regular,40,60,10,100,63,506,87,57,0,150,87,Medium
40969,West,Small Market,Colombian,Beans,Coffee,Washington,Regular,70,110,80,180,61,325,89,19,48,150,41,Medium
41000,Central,Major Market,Amaretto,Beans,Coffee,Colorado,Regular,90,140,110,230,91,777,132,25,96,223,36,High
41000,Central,Major Market,Colombian,Beans,Coffee,Colorado,Regular,80,100,70,180,78,593,100,25,63,178,37,Medium
41000,Central,Major Market,Darjeeling,Leaves,Tea,Colorado,Regular,40,60,20,100,54,337,67,20,13,121,54,Medium
41000,Central,Major Market,Earl Grey,Leaves,Tea,Colorado,Regular,50,70,40,120,63,965,75,19,34,138,41,Medium
41000,Central,Major Market,Green Tea,Leaves,Tea,Colorado,Regular,30,60,40,90,46,608,60,15,32,106,28,Low
41000,Central,Major Market,Caffe Mocha,Beans,Espresso,Colorado,Regular,90,140,110,230,81,460,117,22,84,198,33,High
41000,Central,Major Market,Decaf Espresso,Beans,Espresso,Colorado,Decaf,70,130,80,200,68,559,102,22,48,170,54,Medium
41000,Central,Major Market,Decaf Irish Cream,Beans,Coffee,Colorado,Decaf,100,150,120,250,100,822,145,28,105,245,40,High
41000,Central,Major Market,Chamomile,Leaves,Herbal Tea,Colorado,Decaf,130,150,100,280,162,1091,163,45,94,325,69,High
41000,Central,Major Market,Lemon,Leaves,Herbal Tea,Colorado,Decaf,40,70,20,110,52,433,73,47,-4,125,77,Medium
41000,Central,Major Market,Mint,Leaves,Herbal Tea,Colorado,Decaf,40,70,40,110,55,336,74,18,29,129,45,Medium
41000,Central,Major Market,Colombian,Beans,Coffee,Illinois,Regular,200,270,170,470,191,865,265,63,156,456,109,High
41000,Central,Major Market,Darjeeling,Leaves,Tea,Illinois,Regular,60,110,80,170,81,460,117,22,83,198,34,High
41000,Central,Major Market,Earl Grey,Leaves,Tea,Illinois,Regular,50,90,40,140,68,559,102,22,49,170,53,Medium
41000,Central,Major Market,Caffe Mocha,Beans,Espresso,Illinois,Regular,290,400,280,690,252,1316,335,83,220,587,115,High
41000,Central,Major Market,Decaf Espresso,Beans,Espresso,Illinois,Decaf,270,290,200,560,239,1464,239,66,149,478,90,High
41000,Central,Major Market,Decaf Irish Cream,Beans,Coffee,Illinois,Decaf,130,180,130,310,123,611,178,39,116,301,62,High
41000,Central,Major Market,Chamomile,Leaves,Herbal Tea,Illinois,Decaf,70,120,100,190,91,777,132,25,95,223,37,High
41000,Central,Major Market,Lemon,Leaves,Herbal Tea,Illinois,Decaf,60,90,60,150,78,593,100,25,62,178,38,Medium
41000,Central,Major Market,Mint,Leaves,Herbal Tea,Illinois,Decaf,80,130,110,210,100,822,145,28,106,245,39,High
41000,Central,Small Market,Amaretto,Beans,Coffee,Iowa,Regular,20,20,10,40,19,820,28,5,11,47,17,Low
41000,Central,Small Market,Darjeeling,Leaves,Tea,Iowa,Regular,200,220,140,420,239,1464,239,66,148,478,91,High
41000,Central,Small Market,Earl Grey,Leaves,Tea,Iowa,Regular,220,280,160,500,260,1423,318,98,186,578,132,High
41000,Central,Small Market,Caffe Mocha,Beans,Espresso,Iowa,Regular,10,40,30,50,17,776,26,4,10,43,16,Low
41000,Central,Small Market,Decaf Espresso,Beans,Espresso,Iowa,Decaf,0,50,40,50,0,688,43,0,32,43,11,Low
41000,Central,Small Market,Colombian,Beans,Coffee,Iowa,Regular,20,40,20,60,28,964,33,8,3,61,30,Low
41000,Central,Small Market,Decaf Irish Cream,Beans,Coffee,Iowa,Decaf,20,30,20,50,21,614,28,6,9,49,19,Low
41000,Central,Small Market,Chamomile,Leaves,Herbal Tea,Iowa,Decaf,210,300,210,510,252,1316,335,83,220,587,115,High
41000,Central,Small Market,Lemon,Leaves,Herbal Tea,Iowa,Decaf,100,160,120,260,123,611,178,39,115,301,63,High
41000,Central,Small Market,Darjeeling,Leaves,Tea,Missouri,Regular,30,40,10,70,37,195,51,12,11,88,40,Low
41000,Central,Small Market,Earl Grey,Leaves,Tea,Missouri,Regular,20,30,-10,50,29,169,36,11,-9,65,45,Low
41000,Central,Small Market,Green Tea,Leaves,Tea,Missouri,Regular,30,30,-10,60,35,197,44,13,-2,79,46,Low
41000,Central,Small Market,Caffe Mocha,Beans,Espresso,Missouri,Regular,50,80,60,130,47,821,68,13,43,115,25,Medium
41000,Central,Small Market,Decaf Espresso,Beans,Espresso,Missouri,Decaf,50,80,60,130,45,777,67,12,44,112,23,Low
41000,Central,Small Market,Colombian,Beans,Coffee,Missouri,Regular,80,100,50,180,80,494,98,30,35,178,63,Medium
41000,Central,Small Market,Decaf Irish Cream,Beans,Coffee,Missouri,Decaf,80,90,50,170,76,965,91,23,47,167,44,Medium
41000,Central,Small Market,Chamomile,Leaves,Herbal Tea,Missouri,Decaf,30,60,10,90,44,261,63,40,-6,107,69,Low
41000,Central,Small Market,Lemon,Leaves,Herbal Tea,Missouri,Decaf,70,40,10,110,93,840,40,28,-12,133,52,Medium
41000,Central,Major Market,Darjeeling,Leaves,Tea,Ohio,Regular,70,120,70,190,88,653,134,29,73,222,61,High
41000,Central,Major Market,Earl Grey,Leaves,Tea,Ohio,Regular,90,140,90,230,112,502,155,34,97,267,58,High
41000,Central,Major Market,Caffe Mocha,Beans,Espresso,Ohio,Regular,180,200,130,380,162,1091,163,45,93,325,70,High
41000,Central,Major Market,Decaf Espresso,Beans,Espresso,Ohio,Decaf,60,80,30,140,54,337,67,20,13,121,54,Medium
41000,Central,Major Market,Amaretto,Beans,Coffee,Ohio,Regular,50,80,50,130,55,336,74,18,28,129,46,Medium
41000,Central,Major Market,Colombian,Beans,Coffee,Ohio,Regular,40,70,40,110,43,363,64,13,27,107,37,Low
41000,Central,Major Market,Decaf Irish Cream,Beans,Coffee,Ohio,Decaf,50,80,20,130,52,433,73,47,-3,125,76,Medium
41000,Central,Major Market,Chamomile,Leaves,Herbal Tea,Ohio,Decaf,10,30,30,40,21,454,32,5,16,53,16,Low
41000,Central,Major Market,Lemon,Leaves,Herbal Tea,Ohio,Decaf,20,40,40,60,30,820,45,8,26,75,19,Low
41000,Central,Small Market,Darjeeling,Leaves,Tea,Wisconsin,Regular,30,70,40,100,46,388,68,14,31,114,37,Medium
41000,Central,Small Market,Earl Grey,Leaves,Tea,Wisconsin,Regular,50,80,10,130,63,521,87,57,1,150,86,Medium
41000,Central,Small Market,Caffe Mocha,Beans,Espresso,Wisconsin,Regular,80,90,50,170,69,965,82,21,39,151,43,Medium
41000,Central,Small Market,Decaf Espresso,Beans,Espresso,Wisconsin,Decaf,50,70,50,120,45,605,58,14,32,103,26,Low
41000,Central,Small Market,Amaretto,Beans,Coffee,Wisconsin,Regular,60,70,20,130,57,313,70,21,16,127,54,Medium
41000,Central,Small Market,Colombian,Beans,Coffee,Wisconsin,Regular,100,130,30,230,95,554,132,86,17,227,115,High
41000,Central,Small Market,Decaf Irish Cream,Beans,Coffee,Wisconsin,Decaf,80,120,80,200,83,433,112,27,58,195,54,High
41000,Central,Small Market,Chamomile,Leaves,Herbal Tea,Wisconsin,Decaf,40,70,50,110,49,342,84,15,46,133,38,Medium
41000,Central,Small Market,Lemon,Leaves,Herbal Tea,Wisconsin,Decaf,40,60,50,100,49,779,72,13,47,121,25,Medium
41000,East,Small Market,Darjeeling,Leaves,Tea,Connecticut,Regular,40,80,60,120,47,821,68,13,43,115,25,Medium
41000,East,Small Market,Green Tea,Leaves,Tea,Connecticut,Regular,20,40,30,60,25,775,37,7,18,62,19,Low
41000,East,Small Market,Caffe Mocha,Beans,Espresso,Connecticut,Regular,60,80,10,140,63,521,87,57,0,150,87,Medium
41000,East,Small Market,Decaf Espresso,Beans,Espresso,Connecticut,Decaf,40,70,40,110,51,311,68,16,24,119,44,Medium
41000,East,Small Market,Colombian,Beans,Coffee,Connecticut,Regular,110,160,110,270,116,962,176,38,107,292,69,High
41000,East,Small Market,Lemon,Leaves,Herbal Tea,Connecticut,Decaf,60,70,30,130,80,494,98,30,34,178,64,Medium
41000,East,Small Market,Mint,Leaves,Herbal Tea,Connecticut,Decaf,50,80,60,130,76,965,91,23,46,167,45,Medium
41000,East,Major Market,Darjeeling,Leaves,Tea,Florida,Regular,30,60,50,90,34,821,51,9,30,85,21,Low
41000,East,Major Market,Green Tea,Leaves,Tea,Florida,Regular,50,80,60,130,49,779,72,13,47,121,25,Medium
41000,East,Major Market,Caffe Mocha,Beans,Espresso,Florida,Regular,90,130,30,220,95,554,132,86,17,227,115,High
41000,East,Major Market,Decaf Espresso,Beans,Espresso,Florida,Decaf,70,120,80,190,83,433,112,27,58,195,54,High
41000,East,Major Market,Colombian,Beans,Coffee,Florida,Regular,80,130,90,210,88,653,134,29,73,222,61,High
41000,East,Major Market,Decaf Irish Cream,Beans,Coffee,Florida,Decaf,100,150,100,250,112,502,155,34,98,267,57,High
41000,East,Major Market,Chamomile,Leaves,Herbal Tea,Florida,Decaf,30,50,30,80,45,605,58,14,31,103,27,Low
41000,East,Major Market,Lemon,Leaves,Herbal Tea,Florida,Decaf,40,50,20,90,57,313,70,21,15,127,55,Medium
41000,East,Major Market,Mint,Leaves,Herbal Tea,Florida,Decaf,50,60,40,110,69,965,82,21,39,151,43,Medium
41000,East,Major Market,Darjeeling,Leaves,Tea,Massachusetts,Regular,30,50,40,80,30,820,45,8,26,75,19,Low
41000,East,Major Market,Green Tea,Leaves,Tea,Massachusetts,Regular,20,30,20,50,21,454,32,5,16,53,16,Low
41000,East,Major Market,Caffe Mocha,Beans,Espresso,Massachusetts,Regular,40,70,10,110,52,458,65,47,-12,117,77,Medium
41000,East,Major Market,Regular Espresso,Beans,Espresso,Massachusetts,Regular,150,160,100,310,162,1091,163,45,94,325,69,High
41000,East,Major Market,Colombian,Beans,Coffee,Massachusetts,Regular,60,430,400,490,68,-348,451,22,397,519,54,High
41000,East,Major Market,Lemon,Leaves,Herbal Tea,Massachusetts,Decaf,40,50,20,90,54,337,67,20,13,121,54,Medium
41000,East,Small Market,Darjeeling,Leaves,Tea,New Hampshire,Regular,20,30,20,50,19,820,28,5,12,47,16,Low
41000,East,Small Market,Green Tea,Leaves,Tea,New Hampshire,Regular,0,40,30,40,0,688,43,0,32,43,11,Low
41000,East,Small Market,Caffe Mocha,Beans,Espresso,New Hampshire,Regular,40,60,10,100,44,261,63,40,-6,107,69,Low
41000,East,Small Market,Regular Espresso,Beans,Espresso,New Hampshire,Regular,20,40,0,60,29,169,36,11,-9,65,45,Low
41000,East,Small Market,Amaretto,Beans,Coffee,New Hampshire,Regular,40,70,40,110,49,241,72,15,33,121,39,Medium
41000,East,Small Market,Colombian,Beans,Coffee,New Hampshire,Regular,40,70,40,110,50,372,75,16,27,125,48,Medium
41000,East,Small Market,Lemon,Leaves,Herbal Tea,New Hampshire,Decaf,20,40,10,60,35,197,44,13,-3,79,47,Low
41000,East,Major Market,Darjeeling,Leaves,Tea,New York,Regular,100,160,130,260,100,822,145,28,105,245,40,High
41000,East,Major Market,Earl Grey,Leaves,Tea,New York,Regular,90,150,120,240,91,777,132,25,95,223,37,High
41000,East,Major Market,Green Tea,Leaves,Tea,New York,Regular,80,130,100,210,81,460,117,22,83,198,34,High
41000,East,Major Market,Caffe Mocha,Beans,Espresso,New York,Regular,120,-60,-190,60,125,1382,-59,113,-205,66,146,Low
41000,East,Major Market,Regular Espresso,Beans,Espresso,New York,Regular,220,330,250,550,239,1262,325,66,235,564,90,High
41000,East,Major Market,Colombian,Beans,Coffee,New York,Regular,270,400,280,670,284,2108,428,99,276,712,152,High
41000,East,Major Market,Lemon,Leaves,Herbal Tea,New York,Decaf,190,300,200,490,260,1558,378,98,247,638,131,High
41000,East,Major Market,Mint,Leaves,Herbal Tea,New York,Decaf,150,-10,-70,140,209,1811,-20,64,-105,189,85,Medium
41000,South,Small Market,Caffe Latte,Beans,Espresso,Louisiana,Regular,50,70,0,120,63,37,87,57,1,150,86,Medium
41000,South,Small Market,Caffe Mocha,Beans,Espresso,Louisiana,Regular,40,70,50,110,49,342,84,15,45,133,39,Medium
41000,South,Small Market,Decaf Espresso,Beans,Espresso,Louisiana,Decaf,30,60,40,90,46,388,68,14,31,114,37,Medium
41000,South,Small Market,Chamomile,Leaves,Herbal Tea,Louisiana,Decaf,40,70,50,110,52,605,67,17,38,119,29,Medium
41000,South,Small Market,Lemon,Leaves,Herbal Tea,Louisiana,Decaf,70,100,50,170,80,494,98,30,35,178,63,Medium
41000,South,Small Market,Colombian,Beans,Coffee,Louisiana,Regular,40,60,50,100,35,776,51,9,30,86,21,Low
41000,South,Small Market,Decaf Irish Cream,Beans,Coffee,Louisiana,Decaf,60,90,70,150,49,779,72,13,48,121,24,Medium
41000,South,Small Market,Caffe Latte,Beans,Espresso,New Mexico,Regular,20,30,0,50,29,-39,36,11,-9,65,45,Low
41000,South,Small Market,Caffe Mocha,Beans,Espresso,New Mexico,Regular,30,60,10,90,44,261,63,40,-6,107,69,Low
41000,South,Small Market,Decaf Espresso,Beans,Espresso,New Mexico,Decaf,30,40,10,70,37,195,51,12,12,88,39,Low
41000,South,Small Market,Chamomile,Leaves,Herbal Tea,New Mexico,Decaf,10,30,20,40,19,820,28,5,12,47,16,Low
41000,South,Small Market,Lemon,Leaves,Herbal Tea,New Mexico,Decaf,20,30,10,50,28,964,33,8,3,61,30,Low
41000,South,Small Market,Colombian,Beans,Coffee,New Mexico,Regular,60,90,50,150,50,372,75,16,27,125,48,Medium
41000,South,Small Market,Decaf Irish Cream,Beans,Coffee,New Mexico,Decaf,110,50,10,160,93,840,40,28,-11,133,51,Medium
41000,South,Small Market,Decaf Espresso,Beans,Espresso,Oklahoma,Decaf,70,120,80,190,88,653,134,29,74,222,60,High
41000,South,Small Market,Caffe Latte,Beans,Espresso,Oklahoma,Regular,90,130,90,220,112,-120,155,34,98,267,57,High
41000,South,Small Market,Caffe Mocha,Beans,Espresso,Oklahoma,Regular,10,30,30,40,21,454,32,5,16,53,16,Low
41000,South,Small Market,Chamomile,Leaves,Herbal Tea,Oklahoma,Decaf,50,70,30,120,57,313,70,21,15,127,55,Medium
41000,South,Small Market,Lemon,Leaves,Herbal Tea,Oklahoma,Decaf,90,130,30,220,95,554,132,86,16,227,116,High
41000,South,Small Market,Colombian,Beans,Coffee,Oklahoma,Regular,50,80,60,130,46,608,60,15,33,106,27,Low
41000,South,Small Market,Decaf Irish Cream,Beans,Coffee,Oklahoma,Decaf,30,60,50,90,30,820,45,8,25,75,20,Low
41000,South,Major Market,Decaf Espresso,Beans,Espresso,Texas,Decaf,60,110,90,170,81,460,117,22,84,198,33,High
41000,South,Major Market,Caffe Latte,Beans,Espresso,Texas,Regular,50,90,50,140,68,9,102,22,48,170,54,Medium
41000,South,Major Market,Caffe Mocha,Beans,Espresso,Texas,Regular,70,120,100,190,91,777,132,25,96,223,36,High
41000,South,Major Market,Chamomile,Leaves,Herbal Tea,Texas,Decaf,50,70,40,120,55,336,74,18,28,129,46,Medium
41000,South,Major Market,Lemon,Leaves,Herbal Tea,Texas,Decaf,40,60,30,100,43,363,64,13,27,107,37,Low
41000,South,Major Market,Colombian,Beans,Coffee,Texas,Regular,260,310,230,570,209,969,247,64,161,456,86,High
41000,South,Major Market,Decaf Irish Cream,Beans,Coffee,Texas,Decaf,90,130,100,220,78,593,100,25,63,178,37,Medium
41000,West,Small Market,Caffe Mocha,Beans,Espresso,Utah,Regular,40,70,50,110,52,605,67,17,37,119,30,Medium
41000,West,Small Market,Decaf Espresso,Beans,Espresso,Utah,Decaf,40,70,50,110,47,821,68,13,43,115,25,Medium
41000,West,Small Market,Caffe Latte,Beans,Espresso,Utah,Regular,40,60,40,100,45,777,67,12,43,112,24,Low
41000,West,Small Market,Amaretto,Beans,Coffee,Utah,Regular,90,110,70,200,76,965,91,23,47,167,44,Medium
41000,West,Small Market,Colombian,Beans,Coffee,Utah,Regular,60,80,50,140,51,311,68,16,25,119,43,Medium
41000,West,Small Market,Decaf Irish Cream,Beans,Coffee,Utah,Decaf,100,120,70,220,80,494,98,30,34,178,64,Medium
41000,West,Small Market,Chamomile,Leaves,Herbal Tea,Utah,Decaf,40,60,30,100,49,241,72,15,34,121,38,Medium
41000,West,Small Market,Lemon,Leaves,Herbal Tea,Utah,Decaf,40,70,40,110,50,372,75,16,28,125,47,Medium
41000,West,Small Market,Mint,Leaves,Herbal Tea,Utah,Decaf,70,40,0,110,93,840,40,28,-11,133,51,Medium
41000,West,Small Market,Darjeeling,Leaves,Tea,Utah,Regular,20,50,10,70,44,261,63,40,-6,107,69,Low
41000,West,Small Market,Earl Grey,Leaves,Tea,Utah,Regular,20,30,10,50,37,195,51,12,11,88,40,Low
41000,West,Small Market,Green Tea,Leaves,Tea,Utah,Regular,10,30,10,40,29,169,36,11,-8,65,44,Low
41000,West,Major Market,Caffe Latte,Beans,Espresso,California,Regular,220,230,150,450,239,1464,239,66,148,478,91,High
41000,West,Major Market,Caffe Mocha,Beans,Espresso,California,Regular,120,160,30,280,125,729,173,113,26,298,147,High
41000,West,Major Market,Decaf Espresso,Beans,Espresso,California,Decaf,240,320,220,560,252,1316,335,83,220,587,115,High
41000,West,Major Market,Amaretto,Beans,Coffee,California,Regular,150,-20,-70,130,123,964,-13,39,-76,110,63,Low
41000,West,Major Market,Colombian,Beans,Coffee,California,Regular,350,540,400,890,284,2108,428,99,276,712,152,High
41000,West,Major Market,Decaf Irish Cream,Beans,Coffee,California,Decaf,240,-50,-150,190,191,1564,-32,63,-141,159,109,Medium
41000,West,Major Market,Chamomile,Leaves,Herbal Tea,California,Decaf,80,130,110,210,100,822,145,28,106,245,39,High
41000,West,Major Market,Lemon,Leaves,Herbal Tea,California,Decaf,170,230,170,400,209,969,247,64,162,456,85,High
41000,West,Major Market,Mint,Leaves,Herbal Tea,California,Decaf,60,90,60,150,78,593,100,25,62,178,38,Medium
41000,West,Major Market,Darjeeling,Leaves,Tea,California,Regular,60,90,80,150,91,777,132,25,96,223,36,High
41000,West,Major Market,Earl Grey,Leaves,Tea,California,Regular,50,80,70,130,81,460,117,22,83,198,34,High
41000,West,Major Market,Green Tea,Leaves,Tea,California,Regular,40,70,40,110,68,559,102,22,48,170,54,Medium
41000,West,Small Market,Caffe Latte,Beans,Espresso,Nevada,Regular,0,40,30,40,0,688,43,0,32,43,11,Low
41000,West,Small Market,Caffe Mocha,Beans,Espresso,Nevada,Regular,10,30,20,40,19,820,28,5,11,47,17,Low
41000,West,Small Market,Decaf Espresso,Beans,Espresso,Nevada,Decaf,10,30,20,40,17,776,26,4,10,43,16,Low
41000,West,Small Market,Colombian,Beans,Coffee,Nevada,Regular,40,50,10,90,35,197,44,13,-2,79,46,Low
41000,West,Small Market,Decaf Irish Cream,Beans,Coffee,Nevada,Decaf,30,40,20,70,28,964,33,8,4,61,29,Low
41000,West,Small Market,Chamomile,Leaves,Herbal Tea,Nevada,Decaf,100,160,50,260,125,729,173,113,27,298,146,High
41000,West,Small Market,Lemon,Leaves,Herbal Tea,Nevada,Decaf,160,240,160,400,191,865,265,63,156,456,109,High
41000,West,Small Market,Mint,Leaves,Herbal Tea,Nevada,Decaf,100,160,110,260,123,611,178,39,115,301,63,High
41000,West,Small Market,Darjeeling,Leaves,Tea,Nevada,Regular,160,230,160,390,252,1316,335,83,219,587,116,High
41000,West,Small Market,Earl Grey,Leaves,Tea,Nevada,Regular,150,170,110,320,239,1464,239,66,149,478,90,High
41000,West,Small Market,Green Tea,Leaves,Tea,Nevada,Regular,170,-170,-250,0,260,3049,-260,98,-365,26,131,Low
41000,West,Small Market,Caffe Latte,Beans,Espresso,Oregon,Regular,50,60,20,110,54,337,67,20,13,121,54,Medium
41000,West,Small Market,Caffe Mocha,Beans,Espresso,Oregon,Regular,50,70,40,120,55,336,74,18,28,129,46,Medium
41000,West,Small Market,Decaf Espresso,Beans,Espresso,Oregon,Decaf,150,160,100,310,162,1091,163,45,93,325,70,High
41000,West,Small Market,Amaretto,Beans,Coffee,Oregon,Regular,60,90,30,150,52,433,73,47,-3,125,76,Medium
41000,West,Small Market,Colombian,Beans,Coffee,Oregon,Regular,60,80,30,140,49,399,70,16,8,119,62,Medium
41000,West,Small Market,Chamomile,Leaves,Herbal Tea,Oregon,Decaf,30,40,40,70,35,777,52,9,31,87,21,Low
41000,West,Small Market,Lemon,Leaves,Herbal Tea,Oregon,Decaf,30,60,40,90,46,608,60,15,32,106,28,Low
41000,West,Small Market,Darjeeling,Leaves,Tea,Oregon,Regular,10,20,20,30,21,454,32,5,15,53,17,Low
41000,West,Small Market,Earl Grey,Leaves,Tea,Oregon,Regular,50,100,70,150,88,653,134,29,73,222,61,High
41000,West,Small Market,Green Tea,Leaves,Tea,Oregon,Regular,70,110,70,180,112,502,155,34,98,267,57,High
41000,West,Small Market,Decaf Irish Cream,Beans,Coffee,Oregon,Decaf,50,80,50,130,43,363,64,13,28,107,36,Low
41000,West,Small Market,Caffe Latte,Beans,Espresso,Washington,Regular,40,50,30,90,45,605,58,14,32,103,26,Low
41000,West,Small Market,Caffe Mocha,Beans,Espresso,Washington,Regular,50,70,30,120,57,313,70,21,15,127,55,Medium
41000,West,Small Market,Decaf Espresso,Beans,Espresso,Washington,Decaf,60,80,60,140,69,965,82,21,39,151,43,Medium
41000,West,Small Market,Colombian,Beans,Coffee,Washington,Regular,80,130,90,210,69,340,100,22,54,169,46,Medium
41000,West,Small Market,Chamomile,Leaves,Herbal Tea,Washington,Decaf,90,160,110,250,116,962,176,38,106,292,70,High
41000,West,Small Market,Lemon,Leaves,Herbal Tea,Washington,Decaf,30,40,40,70,35,776,51,9,30,86,21,Low
41000,West,Small Market,Darjeeling,Leaves,Tea,Washington,Regular,30,60,40,90,49,342,84,15,45,133,39,Medium
41000,West,Small Market,Earl Grey,Leaves,Tea,Washington,Regular,30,40,20,70,46,388,68,14,30,114,38,Medium
41000,West,Small Market,Green Tea,Leaves,Tea,Washington,Regular,40,60,10,100,63,521,87,57,0,150,87,Medium
41000,West,Small Market,Decaf Irish Cream,Beans,Coffee,Washington,Decaf,110,170,70,280,95,554,132,86,17,227,115,High
41030,Central,Major Market,Amaretto,Beans,Coffee,Colorado,Regular,110,150,120,260,104,821,152,29,111,256,41,High
41030,Central,Major Market,Colombian,Beans,Coffee,Colorado,Regular,80,110,80,190,83,584,107,27,68,190,39,Medium
41030,Central,Major Market,Darjeeling,Leaves,Tea,Colorado,Regular,40,60,20,100,53,361,65,20,12,118,53,Medium
41030,Central,Major Market,Earl Grey,Leaves,Tea,Colorado,Regular,40,60,30,100,56,992,66,17,27,122,39,Medium
41030,Central,Major Market,Green Tea,Leaves,Tea,Colorado,Regular,30,50,30,80,43,602,56,14,30,99,26,Low
41030,Central,Major Market,Caffe Mocha,Beans,Espresso,Colorado,Regular,90,150,120,240,86,499,124,24,88,210,36,High
41030,Central,Major Market,Decaf Espresso,Beans,Espresso,Colorado,Decaf,70,110,60,180,64,593,96,21,44,160,52,Medium
41030,Central,Major Market,Decaf Irish Cream,Beans,Coffee,Colorado,Decaf,110,150,120,260,104,871,152,29,112,256,40,High
41030,Central,Major Market,Chamomile,Leaves,Herbal Tea,Colorado,Decaf,120,140,90,260,149,1156,149,41,83,298,66,High
41030,Central,Major Market,Lemon,Leaves,Herbal Tea,Colorado,Decaf,40,70,10,110,53,458,75,48,-3,128,78,Medium
41030,Central,Major Market,Mint,Leaves,Herbal Tea,Colorado,Decaf,40,60,30,100,52,361,71,17,26,123,45,Medium
41030,Central,Major Market,Colombian,Beans,Coffee,Illinois,Regular,200,280,180,480,195,956,270,64,161,465,109,High
41030,Central,Major Market,Darjeeling,Leaves,Tea,Illinois,Regular,70,110,80,180,86,499,124,24,88,210,36,High
41030,Central,Major Market,Earl Grey,Leaves,Tea,Illinois,Regular,50,90,50,140,64,593,96,21,44,160,52,Medium
41030,Central,Major Market,Caffe Mocha,Beans,Espresso,Illinois,Regular,300,420,300,720,263,1433,349,86,230,612,119,High
41030,Central,Major Market,Decaf Espresso,Beans,Espresso,Illinois,Decaf,300,310,210,610,260,1559,261,72,165,521,96,High
41030,Central,Major Market,Decaf Irish Cream,Beans,Coffee,Illinois,Decaf,130,190,140,320,127,671,185,40,122,312,63,High
41030,Central,Major Market,Chamomile,Leaves,Herbal Tea,Illinois,Decaf,80,140,120,220,104,821,152,29,112,256,40,High
41030,Central,Major Market,Lemon,Leaves,Herbal Tea,Illinois,Decaf,70,90,60,160,83,584,107,27,68,190,39,Medium
41030,Central,Major Market,Mint,Leaves,Herbal Tea,Illinois,Decaf,80,140,120,220,104,871,152,29,112,256,40,High
41030,Central,Small Market,Amaretto,Beans,Coffee,Iowa,Regular,20,30,20,50,20,829,29,5,12,49,17,Low
41030,Central,Small Market,Darjeeling,Leaves,Tea,Iowa,Regular,220,230,150,450,260,1559,261,72,165,521,96,High
41030,Central,Small Market,Earl Grey,Leaves,Tea,Iowa,Regular,220,290,170,510,265,1538,324,100,190,589,134,High
41030,Central,Small Market,Caffe Mocha,Beans,Espresso,Iowa,Regular,20,30,20,50,20,784,29,5,12,49,17,Low
41030,Central,Small Market,Decaf Espresso,Beans,Espresso,Iowa,Decaf,0,50,40,50,0,645,43,0,31,43,12,Low
41030,Central,Small Market,Colombian,Beans,Coffee,Iowa,Regular,30,40,20,70,31,976,37,9,7,68,30,Low
41030,Central,Small Market,Decaf Irish Cream,Beans,Coffee,Iowa,Decaf,20,30,20,50,22,611,30,7,11,52,19,Low
41030,Central,Small Market,Chamomile,Leaves,Herbal Tea,Iowa,Decaf,220,310,220,530,263,1433,349,86,231,612,118,High
41030,Central,Small Market,Lemon,Leaves,Herbal Tea,Iowa,Decaf,100,170,130,270,127,671,185,40,122,312,63,High
41030,Central,Small Market,Darjeeling,Leaves,Tea,Missouri,Regular,30,50,20,80,39,212,53,12,14,92,39,Low
41030,Central,Small Market,Earl Grey,Leaves,Tea,Missouri,Regular,20,40,0,60,34,182,42,12,-4,76,46,Low
41030,Central,Small Market,Green Tea,Leaves,Tea,Missouri,Regular,30,40,0,70,36,212,45,13,-2,81,47,Low
41030,Central,Small Market,Caffe Mocha,Beans,Espresso,Missouri,Regular,50,70,50,120,44,844,65,12,41,109,24,Low
41030,Central,Small Market,Decaf Espresso,Beans,Espresso,Missouri,Decaf,40,70,50,110,39,799,58,10,36,97,22,Low
41030,Central,Small Market,Colombian,Beans,Coffee,Missouri,Regular,80,100,50,180,77,529,96,29,33,173,63,Medium
41030,Central,Small Market,Decaf Irish Cream,Beans,Coffee,Missouri,Decaf,70,80,40,150,68,998,80,21,38,148,42,Medium
41030,Central,Small Market,Chamomile,Leaves,Herbal Tea,Missouri,Decaf,30,60,10,90,43,282,61,39,-8,104,69,Low
41030,Central,Small Market,Lemon,Leaves,Herbal Tea,Missouri,Decaf,80,30,0,110,98,973,38,30,-15,136,53,Medium
41030,Central,Major Market,Darjeeling,Leaves,Tea,Ohio,Regular,80,120,70,200,94,697,141,31,79,235,62,High
41030,Central,Major Market,Earl Grey,Leaves,Tea,Ohio,Regular,90,150,100,240,114,555,159,35,101,273,58,High
41030,Central,Major Market,Caffe Mocha,Beans,Espresso,Ohio,Regular,170,180,120,350,149,1156,149,41,84,298,65,High
41030,Central,Major Market,Decaf Espresso,Beans,Espresso,Ohio,Decaf,60,70,20,130,53,361,65,20,11,118,54,Medium
41030,Central,Major Market,Amaretto,Beans,Coffee,Ohio,Regular,50,70,40,120,52,361,71,17,27,123,44,Medium
41030,Central,Major Market,Colombian,Beans,Coffee,Ohio,Regular,40,60,30,100,42,384,61,13,24,103,37,Low
41030,Central,Major Market,Decaf Irish Cream,Beans,Coffee,Ohio,Decaf,50,80,20,130,53,458,75,48,-2,128,77,Medium
41030,Central,Major Market,Chamomile,Leaves,Herbal Tea,Ohio,Decaf,10,30,30,40,20,464,29,5,12,49,17,Low
41030,Central,Major Market,Lemon,Leaves,Herbal Tea,Ohio,Decaf,20,40,40,60,29,835,42,8,23,71,19,Low
41030,Central,Small Market,Darjeeling,Leaves,Tea,Wisconsin,Regular,30,60,30,90,45,410,65,14,27,110,38,Low
41030,Central,Small Market,Earl Grey,Leaves,Tea,Wisconsin,Regular,50,80,10,130,64,551,90,58,2,154,88,Medium
41030,Central,Small Market,Caffe Mocha,Beans,Espresso,Wisconsin,Regular,90,110,70,200,78,995,92,24,47,170,45,Medium
41030,Central,Small Market,Decaf Espresso,Beans,Espresso,Wisconsin,Decaf,50,70,50,120,48,599,62,15,35,110,27,Low
41030,Central,Small Market,Amaretto,Beans,Coffee,Wisconsin,Regular,60,70,20,130,58,338,72,22,17,130,55,Medium
41030,Central,Small Market,Colombian,Beans,Coffee,Wisconsin,Regular,90,140,40,230,92,599,129,83,17,221,112,High
41030,Central,Small Market,Decaf Irish Cream,Beans,Coffee,Wisconsin,Decaf,90,120,80,210,87,472,117,28,62,204,55,High
41030,Central,Small Market,Chamomile,Leaves,Herbal Tea,Wisconsin,Decaf,40,70,50,110,48,351,82,14,45,130,37,Medium
41030,Central,Small Market,Lemon,Leaves,Herbal Tea,Wisconsin,Decaf,40,70,60,110,53,803,77,14,51,130,26,Medium
41030,East,Small Market,Darjeeling,Leaves,Tea,Connecticut,Regular,40,70,50,110,44,844,65,12,42,109,23,Low
41030,East,Small Market,Green Tea,Leaves,Tea,Connecticut,Regular,20,40,30,60,23,787,34,6,17,57,17,Low
41030,East,Small Market,Caffe Mocha,Beans,Espresso,Connecticut,Regular,60,90,20,150,64,551,90,58,3,154,87,Medium
41030,East,Small Market,Decaf Espresso,Beans,Espresso,Connecticut,Decaf,40,70,40,110,48,334,65,15,22,113,43,Low
41030,East,Small Market,Colombian,Beans,Coffee,Connecticut,Regular,100,160,110,260,110,1020,165,36,98,275,67,High
41030,East,Small Market,Lemon,Leaves,Herbal Tea,Connecticut,Decaf,50,80,40,130,77,529,96,29,33,173,63,Medium
41030,East,Small Market,Mint,Leaves,Herbal Tea,Connecticut,Decaf,50,60,40,110,68,998,80,21,38,148,42,Medium
41030,East,Major Market,Darjeeling,Leaves,Tea,Florida,Regular,30,60,40,90,36,838,53,10,32,89,21,Low
41030,East,Major Market,Green Tea,Leaves,Tea,Florida,Regular,50,90,70,140,53,803,77,14,52,130,25,Medium
41030,East,Major Market,Caffe Mocha,Beans,Espresso,Florida,Regular,80,130,40,210,92,599,129,83,17,221,112,High
41030,East,Major Market,Decaf Espresso,Beans,Espresso,Florida,Decaf,80,110,70,190,87,472,117,28,62,204,55,High
41030,East,Major Market,Colombian,Beans,Coffee,Florida,Regular,90,130,90,220,94,697,141,31,78,235,63,High
41030,East,Major Market,Decaf Irish Cream,Beans,Coffee,Florida,Decaf,100,150,100,250,114,555,159,35,100,273,59,High
41030,East,Major Market,Chamomile,Leaves,Herbal Tea,Florida,Decaf,30,50,30,80,48,599,62,15,35,110,27,Low
41030,East,Major Market,Lemon,Leaves,Herbal Tea,Florida,Decaf,40,60,30,100,58,338,72,22,17,130,55,Medium
41030,East,Major Market,Mint,Leaves,Herbal Tea,Florida,Decaf,50,80,50,130,78,995,92,24,47,170,45,Medium
41030,East,Major Market,Darjeeling,Leaves,Tea,Massachusetts,Regular,30,40,30,70,29,835,42,8,22,71,20,Low
41030,East,Major Market,Green Tea,Leaves,Tea,Massachusetts,Regular,20,30,20,50,20,464,29,5,12,49,17,Low
41030,East,Major Market,Caffe Mocha,Beans,Espresso,Massachusetts,Regular,50,60,0,110,53,491,61,48,-16,114,77,Medium
41030,East,Major Market,Regular Espresso,Beans,Espresso,Massachusetts,Regular,140,150,100,290,149,1156,149,41,84,298,65,High
41030,East,Major Market,Colombian,Beans,Coffee,Massachusetts,Regular,60,460,430,520,64,-663,487,21,434,551,53,High
41030,East,Major Market,Lemon,Leaves,Herbal Tea,Massachusetts,Decaf,40,50,20,90,53,361,65,20,12,118,53,Medium
41030,East,Small Market,Darjeeling,Leaves,Tea,New Hampshire,Regular,20,30,20,50,20,829,29,5,12,49,17,Low
41030,East,Small Market,Green Tea,Leaves,Tea,New Hampshire,Regular,0,40,30,40,0,645,43,0,32,43,11,Low
41030,East,Small Market,Caffe Mocha,Beans,Espresso,New Hampshire,Regular,40,60,10,100,43,282,61,39,-7,104,68,Low
41030,East,Small Market,Regular Espresso,Beans,Espresso,New Hampshire,Regular,30,40,0,70,34,182,42,12,-3,76,45,Low
41030,East,Small Market,Amaretto,Beans,Coffee,New Hampshire,Regular,40,70,40,110,51,265,74,16,35,125,39,Medium
41030,East,Small Market,Colombian,Beans,Coffee,New Hampshire,Regular,40,80,50,120,52,397,80,17,31,132,49,Medium
41030,East,Small Market,Lemon,Leaves,Herbal Tea,New Hampshire,Decaf,20,40,10,60,36,212,45,13,-1,81,46,Low
41030,East,Major Market,Darjeeling,Leaves,Tea,New York,Regular,110,160,120,270,104,871,152,29,112,256,40,High
41030,East,Major Market,Earl Grey,Leaves,Tea,New York,Regular,110,160,120,270,104,821,152,29,111,256,41,High
41030,East,Major Market,Green Tea,Leaves,Tea,New York,Regular,90,130,100,220,86,499,124,24,89,210,35,High
41030,East,Major Market,Caffe Mocha,Beans,Espresso,New York,Regular,110,-50,-180,60,121,1673,-52,109,-195,69,143,Low
41030,East,Major Market,Regular Espresso,Beans,Espresso,New York,Regular,240,290,210,530,260,1271,283,72,187,543,96,High
41030,East,Major Market,Colombian,Beans,Coffee,New York,Regular,280,430,300,710,302,2250,454,105,295,756,159,High
41030,East,Major Market,Lemon,Leaves,Herbal Tea,New York,Decaf,200,300,200,500,265,1613,386,100,252,651,134,High
41030,East,Major Market,Mint,Leaves,Herbal Tea,New York,Decaf,170,-20,-90,150,235,2169,-37,72,-131,198,94,High
41030,South,Small Market,Decaf Espresso,Beans,Espresso,Louisiana,Decaf,30,60,40,90,45,410,65,14,28,110,37,Low
41030,South,Small Market,Caffe Latte,Beans,Espresso,Louisiana,Regular,50,80,10,130,64,-113,90,58,3,154,87,Medium
41030,South,Small Market,Caffe Mocha,Beans,Espresso,Louisiana,Regular,40,70,50,110,48,351,82,14,44,130,38,Medium
41030,South,Small Market,Chamomile,Leaves,Herbal Tea,Louisiana,Decaf,40,60,40,100,48,599,63,15,35,111,28,Low
41030,South,Small Market,Lemon,Leaves,Herbal Tea,Louisiana,Decaf,70,90,40,160,77,529,96,29,33,173,63,Medium
41030,South,Small Market,Colombian,Beans,Coffee,Louisiana,Regular,50,70,50,120,40,793,59,11,36,99,23,Low
41030,South,Small Market,Decaf Irish Cream,Beans,Coffee,Louisiana,Decaf,60,100,80,160,53,803,77,14,52,130,25,Medium
41030,South,Small Market,Decaf Espresso,Beans,Espresso,New Mexico,Decaf,30,40,10,70,39,212,53,12,14,92,39,Low
41030,South,Small Market,Caffe Latte,Beans,Espresso,New Mexico,Regular,20,40,10,60,34,-104,42,12,-4,76,46,Low
41030,South,Small Market,Caffe Mocha,Beans,Espresso,New Mexico,Regular,30,50,0,80,43,282,61,39,-7,104,68,Low
41030,South,Small Market,Chamomile,Leaves,Herbal Tea,New Mexico,Decaf,10,30,20,40,20,829,29,5,12,49,17,Low
41030,South,Small Market,Lemon,Leaves,Herbal Tea,New Mexico,Decaf,20,40,20,60,31,976,37,9,7,68,30,Low
41030,South,Small Market,Colombian,Beans,Coffee,New Mexico,Regular,60,100,60,160,52,397,80,17,31,132,49,Medium
41030,South,Small Market,Decaf Irish Cream,Beans,Coffee,New Mexico,Decaf,120,50,10,170,98,973,38,30,-15,136,53,Medium
41030,South,Small Market,Decaf Espresso,Beans,Espresso,Oklahoma,Decaf,80,120,80,200,94,697,141,31,79,235,62,High
41030,South,Small Market,Caffe Latte,Beans,Espresso,Oklahoma,Regular,90,140,100,230,114,-387,159,35,101,273,58,High
41030,South,Small Market,Caffe Mocha,Beans,Espresso,Oklahoma,Regular,10,30,30,40,20,464,29,5,13,49,16,Low
41030,South,Small Market,Chamomile,Leaves,Herbal Tea,Oklahoma,Decaf,50,70,20,120,58,338,72,22,17,130,55,Medium
41030,South,Small Market,Lemon,Leaves,Herbal Tea,Oklahoma,Decaf,80,130,40,210,92,599,129,83,17,221,112,High
41030,South,Small Market,Colombian,Beans,Coffee,Oklahoma,Regular,50,70,50,120,43,602,56,14,30,99,26,Low
41030,South,Small Market,Decaf Irish Cream,Beans,Coffee,Oklahoma,Decaf,30,50,40,80,29,835,42,8,22,71,20,Low
41030,South,Major Market,Decaf Espresso,Beans,Espresso,Texas,Decaf,70,110,90,180,86,499,124,24,88,210,36,High
41030,South,Major Market,Caffe Latte,Beans,Espresso,Texas,Regular,50,80,50,130,64,-161,96,21,44,160,52,Medium
41030,South,Major Market,Caffe Mocha,Beans,Espresso,Texas,Regular,80,140,120,220,104,821,152,29,112,256,40,High
41030,South,Major Market,Chamomile,Leaves,Herbal Tea,Texas,Decaf,40,80,50,120,52,361,71,17,27,123,44,Medium
41030,South,Major Market,Lemon,Leaves,Herbal Tea,Texas,Decaf,40,60,30,100,42,384,61,13,25,103,36,Low
41030,South,Major Market,Colombian,Beans,Coffee,Texas,Regular,290,350,270,640,235,1060,277,72,183,512,94,High
41030,South,Major Market,Decaf Irish Cream,Beans,Coffee,Texas,Decaf,100,130,100,230,83,584,107,27,68,190,39,Medium
41030,West,Small Market,Caffe Latte,Beans,Espresso,Utah,Regular,30,60,50,90,39,799,58,10,36,97,22,Low
41030,West,Small Market,Caffe Mocha,Beans,Espresso,Utah,Regular,40,60,40,100,48,599,63,15,36,111,27,Low
41030,West,Small Market,Decaf Espresso,Beans,Espresso,Utah,Decaf,40,60,40,100,44,844,65,12,42,109,23,Low
41030,West,Small Market,Amaretto,Beans,Coffee,Utah,Regular,80,100,60,180,68,998,80,21,38,148,42,Medium
41030,West,Small Market,Colombian,Beans,Coffee,Utah,Regular,60,80,50,140,48,334,65,15,22,113,43,Low
41030,West,Small Market,Decaf Irish Cream,Beans,Coffee,Utah,Decaf,90,120,70,210,77,529,96,29,34,173,62,Medium
41030,West,Small Market,Chamomile,Leaves,Herbal Tea,Utah,Decaf,40,70,40,110,51,265,74,16,34,125,40,Medium
41030,West,Small Market,Lemon,Leaves,Herbal Tea,Utah,Decaf,40,70,40,110,52,397,80,17,32,132,48,Medium
41030,West,Small Market,Mint,Leaves,Herbal Tea,Utah,Decaf,80,30,-10,110,98,973,38,30,-15,136,53,Medium
41030,West,Small Market,Darjeeling,Leaves,Tea,Utah,Regular,20,50,10,70,43,282,61,39,-8,104,69,Low
41030,West,Small Market,Earl Grey,Leaves,Tea,Utah,Regular,20,40,20,60,39,212,53,12,14,92,39,Low
41030,West,Small Market,Green Tea,Leaves,Tea,Utah,Regular,20,30,10,50,34,182,42,12,-3,76,45,Low
41030,West,Major Market,Caffe Latte,Beans,Espresso,California,Regular,240,260,180,500,260,1559,261,72,165,521,96,High
41030,West,Major Market,Caffe Mocha,Beans,Espresso,California,Regular,110,160,30,270,121,788,168,109,25,289,143,High
41030,West,Major Market,Decaf Espresso,Beans,Espresso,California,Decaf,250,330,220,580,263,1433,349,86,230,612,119,High
41030,West,Major Market,Amaretto,Beans,Coffee,California,Regular,160,-30,-80,130,127,1215,-21,40,-84,106,63,Low
41030,West,Major Market,Colombian,Beans,Coffee,California,Regular,380,560,410,940,302,2250,454,105,295,756,159,High
41030,West,Major Market,Decaf Irish Cream,Beans,Coffee,California,Decaf,240,-40,-140,200,195,1952,-32,64,-142,163,110,Medium
41030,West,Major Market,Chamomile,Leaves,Herbal Tea,California,Decaf,80,140,120,220,104,871,152,29,111,256,41,High
41030,West,Major Market,Lemon,Leaves,Herbal Tea,California,Decaf,200,250,180,450,235,1060,277,72,183,512,94,High
41030,West,Major Market,Mint,Leaves,Herbal Tea,California,Decaf,70,90,60,160,83,584,107,27,67,190,40,Medium
41030,West,Major Market,Darjeeling,Leaves,Tea,California,Regular,60,110,100,170,104,821,152,29,111,256,41,High
41030,West,Major Market,Earl Grey,Leaves,Tea,California,Regular,50,90,80,140,86,499,124,24,89,210,35,High
41030,West,Major Market,Green Tea,Leaves,Tea,California,Regular,40,60,30,100,64,593,96,21,43,160,53,Medium
41030,West,Small Market,Caffe Latte,Beans,Espresso,Nevada,Regular,0,40,30,40,0,645,43,0,31,43,12,Low
41030,West,Small Market,Caffe Mocha,Beans,Espresso,Nevada,Regular,10,30,20,40,20,829,29,5,13,49,16,Low
41030,West,Small Market,Decaf Espresso,Beans,Espresso,Nevada,Decaf,10,30,20,40,20,784,29,5,13,49,16,Low
41030,West,Small Market,Colombian,Beans,Coffee,Nevada,Regular,40,60,20,100,36,212,45,13,-1,81,46,Low
41030,West,Small Market,Chamomile,Leaves,Herbal Tea,Nevada,Decaf,100,150,40,250,121,788,168,109,25,289,143,High
41030,West,Small Market,Lemon,Leaves,Herbal Tea,Nevada,Decaf,160,240,160,400,195,956,270,64,160,465,110,High
41030,West,Small Market,Mint,Leaves,Herbal Tea,Nevada,Decaf,100,170,120,270,127,671,185,40,121,312,64,High
41030,West,Small Market,Darjeeling,Leaves,Tea,Nevada,Regular,170,240,170,410,263,1433,349,86,231,612,118,High
41030,West,Small Market,Earl Grey,Leaves,Tea,Nevada,Regular,170,180,120,350,260,1559,261,72,164,521,97,High
41030,West,Small Market,Green Tea,Leaves,Tea,Nevada,Regular,170,-170,-250,0,265,3742,-265,100,-380,18,133,Low
41030,West,Small Market,Decaf Irish Cream,Beans,Coffee,Nevada,Decaf,30,50,30,80,31,976,37,9,6,68,31,Low
41030,West,Small Market,Caffe Latte,Beans,Espresso,Oregon,Regular,50,60,20,110,53,361,65,20,11,118,54,Medium
41030,West,Small Market,Caffe Mocha,Beans,Espresso,Oregon,Regular,40,70,40,110,52,361,71,17,27,123,44,Medium
41030,West,Small Market,Decaf Espresso,Beans,Espresso,Oregon,Decaf,140,140,90,280,149,1156,149,41,83,298,66,High
41030,West,Small Market,Amaretto,Beans,Coffee,Oregon,Regular,60,100,40,160,53,458,75,48,-2,128,77,Medium
41030,West,Small Market,Colombian,Beans,Coffee,Oregon,Regular,60,80,30,140,48,422,68,15,8,116,60,Medium
41030,West,Small Market,Chamomile,Leaves,Herbal Tea,Oregon,Decaf,20,40,40,60,30,794,45,8,26,75,19,Low
41030,West,Small Market,Lemon,Leaves,Herbal Tea,Oregon,Decaf,30,50,30,80,43,602,56,14,30,99,26,Low
41030,West,Small Market,Darjeeling,Leaves,Tea,Oregon,Regular,10,20,20,30,20,464,29,5,12,49,17,Low
41030,West,Small Market,Earl Grey,Leaves,Tea,Oregon,Regular,60,90,50,150,94,697,141,31,79,235,62,High
41030,West,Small Market,Green Tea,Leaves,Tea,Oregon,Regular,70,110,70,180,114,555,159,35,101,273,58,High
41030,West,Small Market,Decaf Irish Cream,Beans,Coffee,Oregon,Decaf,50,70,40,120,42,384,61,13,25,103,36,Low
41030,West,Small Market,Caffe Latte,Beans,Espresso,Washington,Regular,40,60,40,100,48,599,62,15,34,110,28,Low
41030,West,Small Market,Caffe Mocha,Beans,Espresso,Washington,Regular,50,70,20,120,58,338,72,22,16,130,56,Medium
41030,West,Small Market,Decaf Espresso,Beans,Espresso,Washington,Decaf,70,90,60,160,78,995,92,24,47,170,45,Medium
41030,West,Small Market,Colombian,Beans,Coffee,Washington,Regular,80,130,90,210,71,373,104,22,58,175,46,Medium
41030,West,Small Market,Chamomile,Leaves,Herbal Tea,Washington,Decaf,90,150,100,240,110,1020,165,36,98,275,67,High
41030,West,Small Market,Lemon,Leaves,Herbal Tea,Washington,Decaf,30,50,50,80,40,793,59,11,36,99,23,Low
41030,West,Small Market,Darjeeling,Leaves,Tea,Washington,Regular,30,50,30,80,48,351,82,14,44,130,38,Medium
41030,West,Small Market,Earl Grey,Leaves,Tea,Washington,Regular,20,50,30,70,45,410,65,14,27,110,38,Low
41030,West,Small Market,Green Tea,Leaves,Tea,Washington,Regular,40,60,10,100,64,551,90,58,2,154,88,Medium
41030,West,Small Market,Decaf Irish Cream,Beans,Coffee,Washington,Decaf,110,160,60,270,92,599,129,83,16,221,113,High
41061,Central,Major Market,Darjeeling,Leaves,Tea,Colorado,Regular,40,60,20,100,51,396,64,19,11,115,53,Medium
41061,Central,Major Market,Earl Grey,Leaves,Tea,Colorado,Regular,40,60,30,100,53,1028,64,16,27,117,37,Medium
41061,Central,Major Market,Green Tea,Leaves,Tea,Colorado,Regular,30,50,30,80,43,597,56,14,29,99,27,Low
41061,Central,Major Market,Caffe Mocha,Beans,Espresso,Colorado,Regular,100,170,140,270,94,562,136,26,99,230,37,High
41061,Central,Major Market,Decaf Espresso,Beans,Espresso,Colorado,Decaf,60,90,50,150,54,641,81,17,33,135,48,Medium
41061,Central,Major Market,Amaretto,Beans,Coffee,Colorado,Regular,110,170,130,280,113,897,163,31,121,276,42,High
41061,Central,Major Market,Colombian,Beans,Coffee,Colorado,Regular,80,110,80,190,83,574,107,27,68,190,39,Medium
41061,Central,Major Market,Decaf Irish Cream,Beans,Coffee,Colorado,Decaf,130,180,140,310,123,947,178,34,132,301,46,High
41061,Central,Major Market,Chamomile,Leaves,Herbal Tea,Colorado,Decaf,120,140,90,260,149,1245,149,41,83,298,66,High
41061,Central,Major Market,Lemon,Leaves,Herbal Tea,Colorado,Decaf,30,60,10,90,44,496,63,40,-7,107,70,Low
41061,Central,Major Market,Mint,Leaves,Herbal Tea,Colorado,Decaf,40,60,30,100,50,397,68,16,24,118,44,Medium
41061,Central,Major Market,Darjeeling,Leaves,Tea,Illinois,Regular,80,120,90,200,94,562,136,26,99,230,37,High
41061,Central,Major Market,Earl Grey,Leaves,Tea,Illinois,Regular,40,70,30,110,54,641,81,17,33,135,48,Medium
41061,Central,Major Market,Caffe Mocha,Beans,Espresso,Illinois,Regular,310,430,300,740,272,1616,362,89,241,634,121,High
41061,Central,Major Market,Decaf Espresso,Beans,Espresso,Illinois,Decaf,300,310,210,610,260,1715,261,72,164,521,97,High
41061,Central,Major Market,Colombian,Beans,Coffee,Illinois,Regular,210,290,190,500,200,1095,278,66,167,478,111,High
41061,Central,Major Market,Decaf Irish Cream,Beans,Coffee,Illinois,Decaf,140,220,160,360,141,764,204,45,135,345,69,High
41061,Central,Major Market,Chamomile,Leaves,Herbal Tea,Illinois,Decaf,90,150,130,240,113,897,163,31,121,276,42,High
41061,Central,Major Market,Lemon,Leaves,Herbal Tea,Illinois,Decaf,70,90,60,160,83,574,107,27,67,190,40,Medium
41061,Central,Major Market,Mint,Leaves,Herbal Tea,Illinois,Decaf,100,160,140,260,123,947,178,34,133,301,45,High
41061,Central,Small Market,Darjeeling,Leaves,Tea,Iowa,Regular,220,230,150,450,260,1715,261,72,164,521,97,High
41061,Central,Small Market,Earl Grey,Leaves,Tea,Iowa,Regular,230,300,180,530,271,1714,332,102,197,603,135,High
41061,Central,Small Market,Caffe Mocha,Beans,Espresso,Iowa,Regular,20,40,30,60,21,798,32,5,15,53,17,Low
41061,Central,Small Market,Decaf Espresso,Beans,Espresso,Iowa,Decaf,0,50,40,50,0,602,43,0,31,43,12,Low
41061,Central,Small Market,Amaretto,Beans,Coffee,Iowa,Regular,20,40,30,60,23,843,35,6,18,58,17,Low
41061,Central,Small Market,Colombian,Beans,Coffee,Iowa,Regular,30,40,20,70,32,996,38,9,8,70,30,Low
41061,Central,Small Market,Decaf Irish Cream,Beans,Coffee,Iowa,Decaf,20,30,20,50,22,608,30,7,11,52,19,Low
41061,Central,Small Market,Chamomile,Leaves,Herbal Tea,Iowa,Decaf,230,320,230,550,272,1616,362,89,241,634,121,High
41061,Central,Small Market,Lemon,Leaves,Herbal Tea,Iowa,Decaf,120,180,140,300,141,764,204,45,136,345,68,High
41061,Central,Small Market,Darjeeling,Leaves,Tea,Missouri,Regular,30,50,20,80,41,239,55,13,14,96,41,Low
41061,Central,Small Market,Earl Grey,Leaves,Tea,Missouri,Regular,30,30,-10,60,35,204,43,13,-3,78,46,Low
41061,Central,Small Market,Green Tea,Leaves,Tea,Missouri,Regular,30,40,0,70,36,236,46,13,0,82,46,Low
41061,Central,Small Market,Caffe Mocha,Beans,Espresso,Missouri,Regular,40,60,40,100,37,876,55,10,33,92,22,Low
41061,Central,Small Market,Decaf Espresso,Beans,Espresso,Missouri,Decaf,40,60,40,100,36,828,53,10,31,89,22,Low
41061,Central,Small Market,Colombian,Beans,Coffee,Missouri,Regular,80,90,40,170,76,580,93,28,31,169,62,Medium
41061,Central,Small Market,Decaf Irish Cream,Beans,Coffee,Missouri,Decaf,60,80,50,140,65,1042,77,20,35,142,42,Medium
41061,Central,Small Market,Chamomile,Leaves,Herbal Tea,Missouri,Decaf,40,70,20,110,52,313,73,47,-4,125,77,Medium
41061,Central,Small Market,Lemon,Leaves,Herbal Tea,Missouri,Decaf,90,30,0,120,116,1142,25,35,-33,141,58,Medium
41061,Central,Major Market,Darjeeling,Leaves,Tea,Ohio,Regular,90,150,90,240,111,767,167,36,99,278,68,High
41061,Central,Major Market,Earl Grey,Leaves,Tea,Ohio,Regular,100,140,90,240,118,636,164,36,105,282,59,High
41061,Central,Major Market,Caffe Mocha,Beans,Espresso,Ohio,Regular,170,180,120,350,149,1245,149,41,83,298,66,High
41061,Central,Major Market,Decaf Espresso,Beans,Espresso,Ohio,Decaf,50,80,30,130,51,396,64,19,12,115,52,Medium
41061,Central,Major Market,Amaretto,Beans,Coffee,Ohio,Regular,50,70,40,120,50,397,68,16,24,118,44,Medium
41061,Central,Major Market,Colombian,Beans,Coffee,Ohio,Regular,40,50,20,90,38,414,55,12,19,93,36,Low
41061,Central,Major Market,Decaf Irish Cream,Beans,Coffee,Ohio,Decaf,40,70,20,110,44,496,63,40,-6,107,69,Low
41061,Central,Major Market,Chamomile,Leaves,Herbal Tea,Ohio,Decaf,10,20,20,30,18,478,26,5,9,44,17,Low
41061,Central,Major Market,Lemon,Leaves,Herbal Tea,Ohio,Decaf,20,30,30,50,24,856,36,6,18,60,18,Low
41061,Central,Small Market,Darjeeling,Leaves,Tea,Wisconsin,Regular,30,50,20,80,40,443,59,12,24,99,35,Low
41061,Central,Small Market,Earl Grey,Leaves,Tea,Wisconsin,Regular,40,70,10,110,53,597,75,48,-2,128,77,Medium
41061,Central,Small Market,Caffe Mocha,Beans,Espresso,Wisconsin,Regular,90,110,70,200,81,1046,96,25,50,177,46,Medium
41061,Central,Small Market,Decaf Espresso,Beans,Espresso,Wisconsin,Decaf,50,70,50,120,48,593,62,15,34,110,28,Low
41061,Central,Small Market,Amaretto,Beans,Coffee,Wisconsin,Regular,60,70,20,130,59,377,74,22,19,133,55,Medium
41061,Central,Small Market,Colombian,Beans,Coffee,Wisconsin,Regular,110,160,50,270,110,665,154,100,24,264,130,High
41061,Central,Small Market,Decaf Irish Cream,Beans,Coffee,Wisconsin,Decaf,90,130,90,220,91,533,121,30,63,212,58,High
41061,Central,Small Market,Chamomile,Leaves,Herbal Tea,Wisconsin,Decaf,40,70,50,110,47,371,78,14,40,125,38,Medium
41061,Central,Small Market,Lemon,Leaves,Herbal Tea,Wisconsin,Decaf,50,70,60,120,59,842,85,16,58,144,27,Medium
41061,East,Small Market,Darjeeling,Leaves,Tea,Connecticut,Regular,30,60,40,90,37,876,55,10,33,92,22,Low
41061,East,Small Market,Green Tea,Leaves,Tea,Connecticut,Regular,20,30,20,50,20,804,31,5,15,51,16,Low
41061,East,Small Market,Caffe Mocha,Beans,Espresso,Connecticut,Regular,50,70,10,120,53,597,75,48,-2,128,77,Medium
41061,East,Small Market,Decaf Espresso,Beans,Espresso,Connecticut,Decaf,40,60,30,100,46,367,62,15,19,108,43,Low
41061,East,Small Market,Colombian,Beans,Coffee,Connecticut,Regular,80,140,100,220,92,1102,140,30,79,232,61,High
41061,East,Small Market,Lemon,Leaves,Herbal Tea,Connecticut,Decaf,50,80,40,130,76,580,93,28,32,169,61,Medium
41061,East,Small Market,Mint,Leaves,Herbal Tea,Connecticut,Decaf,40,70,50,110,65,1042,77,20,36,142,41,Medium
41061,East,Major Market,Darjeeling,Leaves,Tea,Florida,Regular,40,70,50,110,43,864,62,12,38,105,24,Low
41061,East,Major Market,Green Tea,Leaves,Tea,Florida,Regular,60,90,70,150,59,842,85,16,58,144,27,Medium
41061,East,Major Market,Caffe Mocha,Beans,Espresso,Florida,Regular,100,150,40,250,110,665,154,100,25,264,129,High
41061,East,Major Market,Decaf Espresso,Beans,Espresso,Florida,Decaf,80,120,80,200,91,533,121,30,63,212,58,High
41061,East,Major Market,Colombian,Beans,Coffee,Florida,Regular,100,160,110,260,111,767,167,36,99,278,68,High
41061,East,Major Market,Decaf Irish Cream,Beans,Coffee,Florida,Decaf,110,150,100,260,118,636,164,36,105,282,59,High
41061,East,Major Market,Chamomile,Leaves,Herbal Tea,Florida,Decaf,30,50,30,80,48,593,62,15,35,110,27,Low
41061,East,Major Market,Lemon,Leaves,Herbal Tea,Florida,Decaf,40,60,30,100,59,377,74,22,19,133,55,Medium
41061,East,Major Market,Mint,Leaves,Herbal Tea,Florida,Decaf,60,70,40,130,81,1046,96,25,49,177,47,Medium
41061,East,Major Market,Darjeeling,Leaves,Tea,Massachusetts,Regular,20,40,30,60,24,856,36,6,19,60,17,Low
41061,East,Major Market,Green Tea,Leaves,Tea,Massachusetts,Regular,10,30,20,40,18,478,26,5,10,44,16,Low
41061,East,Major Market,Caffe Mocha,Beans,Espresso,Massachusetts,Regular,40,60,10,100,44,543,67,40,-3,111,70,Low
41061,East,Major Market,Regular Espresso,Beans,Espresso,Massachusetts,Regular,140,150,100,290,149,1245,149,41,83,298,66,High
41061,East,Major Market,Colombian,Beans,Coffee,Massachusetts,Regular,50,560,530,610,54,-1006,595,17,547,649,48,High
41061,East,Major Market,Lemon,Leaves,Herbal Tea,Massachusetts,Decaf,30,50,20,80,51,396,64,19,12,115,52,Medium
41061,East,Small Market,Darjeeling,Leaves,Tea,New Hampshire,Regular,20,40,30,60,23,843,35,6,17,58,18,Low
41061,East,Small Market,Green Tea,Leaves,Tea,New Hampshire,Regular,0,40,30,40,0,602,43,0,32,43,11,Low
41061,East,Small Market,Caffe Mocha,Beans,Espresso,New Hampshire,Regular,40,80,20,120,52,313,73,47,-4,125,77,Medium
41061,East,Small Market,Regular Espresso,Beans,Espresso,New Hampshire,Regular,30,40,0,70,35,204,43,13,-3,78,46,Low
41061,East,Small Market,Amaretto,Beans,Coffee,New Hampshire,Regular,50,80,50,130,56,302,82,17,41,138,41,Medium
41061,East,Small Market,Colombian,Beans,Coffee,New Hampshire,Regular,50,90,60,140,62,436,94,20,42,156,52,Medium
41061,East,Small Market,Lemon,Leaves,Herbal Tea,New Hampshire,Decaf,20,40,10,60,36,236,46,13,0,82,46,Low
41061,East,Major Market,Darjeeling,Leaves,Tea,New York,Regular,130,190,150,320,123,947,178,34,133,301,45,High
41061,East,Major Market,Earl Grey,Leaves,Tea,New York,Regular,110,180,140,290,113,897,163,31,121,276,42,High
41061,East,Major Market,Green Tea,Leaves,Tea,New York,Regular,90,150,120,240,94,562,136,26,99,230,37,High
41061,East,Major Market,Caffe Mocha,Beans,Espresso,New York,Regular,130,-60,-210,70,144,1979,-72,131,-236,72,164,Low
41061,East,Major Market,Regular Espresso,Beans,Espresso,New York,Regular,240,420,340,660,260,1405,415,72,318,675,97,High
41061,East,Major Market,Colombian,Beans,Coffee,New York,Regular,340,500,350,840,356,2476,534,124,357,890,177,High
41061,East,Major Market,Lemon,Leaves,Herbal Tea,New York,Decaf,200,320,220,520,271,1727,398,102,263,669,135,High
41061,East,Major Market,Mint,Leaves,Herbal Tea,New York,Decaf,180,-30,-100,150,244,2636,-46,75,-143,198,97,High
41061,South,Small Market,Decaf Espresso,Beans,Espresso,Louisiana,Decaf,30,50,30,80,40,443,59,12,23,99,36,Low
41061,South,Small Market,Caffe Latte,Beans,Espresso,Louisiana,Regular,40,70,10,110,53,-267,75,48,-3,128,78,Medium
41061,South,Small Market,Caffe Mocha,Beans,Espresso,Louisiana,Regular,40,60,40,100,47,371,78,14,41,125,37,Medium
41061,South,Small Market,Chamomile,Leaves,Herbal Tea,Louisiana,Decaf,40,60,40,100,48,593,63,15,36,111,27,Low
41061,South,Small Market,Lemon,Leaves,Herbal Tea,Louisiana,Decaf,70,90,40,160,76,580,93,28,32,169,61,Medium
41061,South,Small Market,Colombian,Beans,Coffee,Louisiana,Regular,50,80,60,130,43,822,64,12,40,107,24,Low
41061,South,Small Market,Decaf Irish Cream,Beans,Coffee,Louisiana,Decaf,70,110,90,180,59,842,85,16,58,144,27,Medium
41061,South,Small Market,Decaf Espresso,Beans,Espresso,New Mexico,Decaf,30,50,20,80,41,239,55,13,14,96,41,Low
41061,South,Small Market,Caffe Latte,Beans,Espresso,New Mexico,Regular,30,30,0,60,35,-180,43,13,-3,78,46,Low
41061,South,Small Market,Caffe Mocha,Beans,Espresso,New Mexico,Regular,40,60,0,100,52,313,73,47,-3,125,76,Medium
41061,South,Small Market,Chamomile,Leaves,Herbal Tea,New Mexico,Decaf,20,30,20,50,23,843,35,6,18,58,17,Low
41061,South,Small Market,Lemon,Leaves,Herbal Tea,New Mexico,Decaf,30,30,10,60,32,996,38,9,8,70,30,Low
41061,South,Small Market,Colombian,Beans,Coffee,New Mexico,Regular,70,120,80,190,62,436,94,20,43,156,51,Medium
41061,South,Small Market,Decaf Irish Cream,Beans,Coffee,New Mexico,Decaf,140,30,-20,170,116,1142,25,35,-34,141,59,Medium
41061,South,Small Market,Decaf Espresso,Beans,Espresso,Oklahoma,Decaf,90,140,90,230,111,767,167,36,99,278,68,High
41061,South,Small Market,Caffe Latte,Beans,Espresso,Oklahoma,Regular,100,140,100,240,118,-660,164,36,105,282,59,High
41061,South,Small Market,Caffe Mocha,Beans,Espresso,Oklahoma,Regular,10,20,20,30,18,478,26,5,10,44,16,Low
41061,South,Small Market,Chamomile,Leaves,Herbal Tea,Oklahoma,Decaf,50,80,30,130,59,377,74,22,19,133,55,Medium
41061,South,Small Market,Lemon,Leaves,Herbal Tea,Oklahoma,Decaf,100,150,40,250,110,665,154,100,25,264,129,High
41061,South,Small Market,Colombian,Beans,Coffee,Oklahoma,Regular,50,70,50,120,43,597,56,14,29,99,27,Low
41061,South,Small Market,Decaf Irish Cream,Beans,Coffee,Oklahoma,Decaf,30,40,30,70,24,856,36,6,19,60,17,Low
41061,South,Major Market,Decaf Espresso,Beans,Espresso,Texas,Decaf,80,110,90,190,94,562,136,26,99,230,37,High
41061,South,Major Market,Caffe Latte,Beans,Espresso,Texas,Regular,40,70,40,110,54,-321,81,17,33,135,48,Medium
41061,South,Major Market,Caffe Mocha,Beans,Espresso,Texas,Regular,90,140,120,230,113,897,163,31,120,276,43,High
41061,South,Major Market,Chamomile,Leaves,Herbal Tea,Texas,Decaf,40,70,40,110,50,397,68,16,24,118,44,Medium
41061,South,Major Market,Lemon,Leaves,Herbal Tea,Texas,Decaf,30,60,30,90,38,414,55,12,20,93,35,Low
41061,South,Major Market,Colombian,Beans,Coffee,Texas,Regular,300,360,270,660,244,1213,288,75,192,532,96,High
41061,South,Major Market,Decaf Irish Cream,Beans,Coffee,Texas,Decaf,100,130,100,230,83,574,107,27,68,190,39,Medium
41061,West,Small Market,Caffe Latte,Beans,Espresso,Utah,Regular,30,50,40,80,36,828,53,10,31,89,22,Low
41061,West,Small Market,Caffe Mocha,Beans,Espresso,Utah,Regular,40,60,40,100,48,593,63,15,35,111,28,Low
41061,West,Small Market,Decaf Espresso,Beans,Espresso,Utah,Decaf,30,50,40,80,37,876,55,10,34,92,21,Low
41061,West,Small Market,Amaretto,Beans,Coffee,Utah,Regular,80,90,60,170,65,1042,77,20,36,142,41,Medium
41061,West,Small Market,Colombian,Beans,Coffee,Utah,Regular,50,80,50,130,46,367,62,15,19,108,43,Low
41061,West,Small Market,Chamomile,Leaves,Herbal Tea,Utah,Decaf,40,80,50,120,56,302,82,17,42,138,40,Medium
41061,West,Small Market,Lemon,Leaves,Herbal Tea,Utah,Decaf,50,80,50,130,62,436,94,20,42,156,52,Medium
41061,West,Small Market,Mint,Leaves,Herbal Tea,Utah,Decaf,90,30,-10,120,116,1142,25,35,-33,141,58,Medium
41061,West,Small Market,Darjeeling,Leaves,Tea,Utah,Regular,30,50,0,80,52,313,73,47,-3,125,76,Medium
41061,West,Small Market,Earl Grey,Leaves,Tea,Utah,Regular,20,40,20,60,41,239,55,13,14,96,41,Low
41061,West,Small Market,Green Tea,Leaves,Tea,Utah,Regular,20,30,10,50,35,204,43,13,-3,78,46,Low
41061,West,Small Market,Decaf Irish Cream,Beans,Coffee,Utah,Decaf,90,120,70,210,76,580,93,28,32,169,61,Medium
41061,West,Major Market,Caffe Latte,Beans,Espresso,California,Regular,240,260,180,500,260,1715,261,72,165,521,96,High
41061,West,Major Market,Caffe Mocha,Beans,Espresso,California,Regular,130,200,50,330,144,874,201,131,36,345,165,High
41061,West,Major Market,Decaf Espresso,Beans,Espresso,California,Decaf,260,340,230,600,272,1616,362,89,240,634,122,High
41061,West,Major Market,Amaretto,Beans,Coffee,California,Regular,170,-50,-110,120,141,1514,-45,45,-113,96,68,Low
41061,West,Major Market,Colombian,Beans,Coffee,California,Regular,440,670,500,1110,356,2476,534,124,357,890,177,High
41061,West,Major Market,Chamomile,Leaves,Herbal Tea,California,Decaf,100,160,140,260,123,947,178,34,133,301,45,High
41061,West,Major Market,Lemon,Leaves,Herbal Tea,California,Decaf,200,260,190,460,244,1213,288,75,192,532,96,High
41061,West,Major Market,Mint,Leaves,Herbal Tea,California,Decaf,70,90,60,160,83,574,107,27,67,190,40,Medium
41061,West,Major Market,Darjeeling,Leaves,Tea,California,Regular,70,110,90,180,113,897,163,31,120,276,43,High
41061,West,Major Market,Earl Grey,Leaves,Tea,California,Regular,60,90,80,150,94,562,136,26,98,230,38,High
41061,West,Major Market,Green Tea,Leaves,Tea,California,Regular,30,60,30,90,54,641,81,17,32,135,49,Medium
41061,West,Major Market,Decaf Irish Cream,Beans,Coffee,California,Decaf,250,-40,-140,210,200,2393,-31,66,-142,169,111,Medium
41061,West,Small Market,Caffe Latte,Beans,Espresso,Nevada,Regular,0,40,30,40,0,602,43,0,31,43,12,Low
41061,West,Small Market,Caffe Mocha,Beans,Espresso,Nevada,Regular,20,30,20,50,23,843,35,6,18,58,17,Low
41061,West,Small Market,Decaf Espresso,Beans,Espresso,Nevada,Decaf,20,30,20,50,21,798,32,5,15,53,17,Low
41061,West,Small Market,Colombian,Beans,Coffee,Nevada,Regular,40,60,20,100,36,236,46,13,0,82,46,Low
41061,West,Small Market,Chamomile,Leaves,Herbal Tea,Nevada,Decaf,120,180,50,300,144,874,201,131,37,345,164,High
41061,West,Small Market,Lemon,Leaves,Herbal Tea,Nevada,Decaf,170,250,170,420,200,1095,278,66,166,478,112,High
41061,West,Small Market,Mint,Leaves,Herbal Tea,Nevada,Decaf,120,180,130,300,141,764,204,45,136,345,68,High
41061,West,Small Market,Darjeeling,Leaves,Tea,Nevada,Regular,170,260,190,430,272,1616,362,89,241,634,121,High
41061,West,Small Market,Earl Grey,Leaves,Tea,Nevada,Regular,170,180,120,350,260,1715,261,72,165,521,96,High
41061,West,Small Market,Green Tea,Leaves,Tea,Nevada,Regular,170,-170,-250,0,271,4507,-271,102,-369,37,135,Low
41061,West,Small Market,Decaf Irish Cream,Beans,Coffee,Nevada,Decaf,40,40,20,80,32,996,38,9,8,70,30,Low
41061,West,Small Market,Caffe Latte,Beans,Espresso,Oregon,Regular,40,70,30,110,51,396,64,19,11,115,53,Medium
41061,West,Small Market,Caffe Mocha,Beans,Espresso,Oregon,Regular,40,70,40,110,50,397,68,16,24,118,44,Medium
41061,West,Small Market,Decaf Espresso,Beans,Espresso,Oregon,Decaf,140,140,90,280,149,1245,149,41,83,298,66,High
41061,West,Small Market,Amaretto,Beans,Coffee,Oregon,Regular,50,80,30,130,44,496,63,40,-6,107,69,Low
41061,West,Small Market,Colombian,Beans,Coffee,Oregon,Regular,50,90,40,140,47,456,65,15,4,112,61,Low
41061,West,Small Market,Chamomile,Leaves,Herbal Tea,Oregon,Decaf,20,40,40,60,28,816,41,7,22,69,19,Low
41061,West,Small Market,Lemon,Leaves,Herbal Tea,Oregon,Decaf,30,50,30,80,43,597,56,14,30,99,26,Low
41061,West,Small Market,Darjeeling,Leaves,Tea,Oregon,Regular,10,10,10,20,18,478,26,5,9,44,17,Low
41061,West,Small Market,Earl Grey,Leaves,Tea,Oregon,Regular,70,110,70,180,111,767,167,36,100,278,67,High
41061,West,Small Market,Green Tea,Leaves,Tea,Oregon,Regular,70,120,80,190,118,636,164,36,105,282,59,High
41061,West,Small Market,Decaf Irish Cream,Beans,Coffee,Oregon,Decaf,40,70,40,110,38,414,55,12,20,93,35,Low
41061,West,Small Market,Caffe Latte,Beans,Espresso,Washington,Regular,40,60,40,100,48,593,62,15,34,110,28,Low
41061,West,Small Market,Caffe Mocha,Beans,Espresso,Washington,Regular,50,70,20,120,59,377,74,22,18,133,56,Medium
41061,West,Small Market,Decaf Espresso,Beans,Espresso,Washington,Decaf,70,90,60,160,81,1046,96,25,49,177,47,Medium
41061,West,Small Market,Colombian,Beans,Coffee,Washington,Regular,90,150,110,240,79,425,114,25,66,193,48,High
41061,West,Small Market,Chamomile,Leaves,Herbal Tea,Washington,Decaf,70,130,90,200,92,1102,140,30,79,232,61,High
41061,West,Small Market,Lemon,Leaves,Herbal Tea,Washington,Decaf,30,60,50,90,43,822,64,12,40,107,24,Low
41061,West,Small Market,Darjeeling,Leaves,Tea,Washington,Regular,30,50,30,80,47,371,78,14,41,125,37,Medium
41061,West,Small Market,Earl Grey,Leaves,Tea,Washington,Regular,20,40,20,60,40,443,59,12,24,99,35,Low
41061,West,Small Market,Green Tea,Leaves,Tea,Washington,Regular,30,50,0,80,53,597,75,48,-3,128,78,Medium
41061,West,Small Market,Decaf Irish Cream,Beans,Coffee,Washington,Decaf,130,200,90,330,110,665,154,100,24,264,130,High
41091,Central,Major Market,Chamomile,Leaves,Herbal Tea,Colorado,Decaf,120,130,80,250,145,1304,146,40,81,291,65,High
41091,Central,Major Market,Lemon,Leaves,Herbal Tea,Colorado,Decaf,30,50,0,80,39,517,56,36,-10,95,66,Low
41091,Central,Major Market,Mint,Leaves,Herbal Tea,Colorado,Decaf,40,50,20,90,47,420,63,15,21,110,42,Low
41091,Central,Major Market,Darjeeling,Leaves,Tea,Colorado,Regular,40,60,20,100,51,419,64,19,12,115,52,Medium
41091,Central,Major Market,Earl Grey,Leaves,Tea,Colorado,Regular,40,50,20,90,50,1051,59,15,23,109,36,Low
41091,Central,Major Market,Green Tea,Leaves,Tea,Colorado,Regular,30,50,30,80,41,592,53,13,27,94,26,Low
41091,Central,Major Market,Caffe Mocha,Beans,Espresso,Colorado,Regular,100,170,140,270,94,608,136,26,98,230,38,High
41091,Central,Major Market,Decaf Espresso,Beans,Espresso,Colorado,Decaf,60,90,50,150,52,668,79,17,31,131,48,Medium
41091,Central,Major Market,Decaf Irish Cream,Beans,Coffee,Colorado,Decaf,130,190,150,320,127,1007,185,35,139,312,46,High
41091,Central,Major Market,Amaretto,Beans,Coffee,Colorado,Regular,110,150,120,260,104,952,152,29,111,256,41,High
41091,Central,Major Market,Colombian,Beans,Coffee,Colorado,Regular,90,110,80,200,87,564,112,28,71,199,41,High
41091,Central,Major Market,Chamomile,Leaves,Herbal Tea,Illinois,Decaf,80,140,120,220,104,952,152,29,111,256,41,High
41091,Central,Major Market,Lemon,Leaves,Herbal Tea,Illinois,Decaf,70,100,70,170,87,564,112,28,72,199,40,High
41091,Central,Major Market,Mint,Leaves,Herbal Tea,Illinois,Decaf,100,170,150,270,127,1007,185,35,139,312,46,High
41091,Central,Major Market,Darjeeling,Leaves,Tea,Illinois,Regular,80,120,90,200,94,608,136,26,99,230,37,High
41091,Central,Major Market,Earl Grey,Leaves,Tea,Illinois,Regular,40,70,30,110,52,668,79,17,31,131,48,Medium
41091,Central,Major Market,Caffe Mocha,Beans,Espresso,Illinois,Regular,330,470,340,800,291,1742,387,96,259,678,128,High
41091,Central,Major Market,Decaf Espresso,Beans,Espresso,Illinois,Decaf,300,320,220,620,266,1819,266,74,168,532,98,High
41091,Central,Major Market,Decaf Irish Cream,Beans,Coffee,Illinois,Decaf,160,230,170,390,154,833,222,49,150,376,72,High
41091,Central,Major Market,Colombian,Beans,Coffee,Illinois,Regular,250,340,230,590,238,1190,329,78,208,567,121,High
41091,Central,Small Market,Chamomile,Leaves,Herbal Tea,Iowa,Decaf,250,340,240,590,291,1742,387,96,258,678,129,High
41091,Central,Small Market,Lemon,Leaves,Herbal Tea,Iowa,Decaf,130,200,150,330,154,833,222,49,150,376,72,High
41091,Central,Small Market,Darjeeling,Leaves,Tea,Iowa,Regular,220,240,150,460,266,1819,266,74,167,532,99,High
41091,Central,Small Market,Earl Grey,Leaves,Tea,Iowa,Regular,230,290,170,520,270,1834,332,102,197,602,135,High
41091,Central,Small Market,Caffe Mocha,Beans,Espresso,Iowa,Regular,20,30,20,50,20,808,29,5,13,49,16,Low
41091,Central,Small Market,Decaf Espresso,Beans,Espresso,Iowa,Decaf,0,50,40,50,0,559,43,0,31,43,12,Low
41091,Central,Small Market,Decaf Irish Cream,Beans,Coffee,Iowa,Decaf,20,30,20,50,23,605,31,7,12,54,19,Low
41091,Central,Small Market,Amaretto,Beans,Coffee,Iowa,Regular,20,40,30,60,25,854,36,7,17,61,19,Low
41091,Central,Small Market,Colombian,Beans,Coffee,Iowa,Regular,30,40,20,70,34,1010,41,10,9,75,32,Low
41091,Central,Small Market,Chamomile,Leaves,Herbal Tea,Missouri,Decaf,50,70,10,120,59,338,82,53,-1,141,83,Medium
41091,Central,Small Market,Lemon,Leaves,Herbal Tea,Missouri,Decaf,100,40,0,140,120,1334,49,37,-12,169,61,Medium
41091,Central,Small Market,Darjeeling,Leaves,Tea,Missouri,Regular,30,60,30,90,44,258,59,14,17,103,42,Low
41091,Central,Small Market,Earl Grey,Leaves,Tea,Missouri,Regular,30,40,0,70,40,219,49,15,1,89,48,Low
41091,Central,Small Market,Green Tea,Leaves,Tea,Missouri,Regular,30,40,0,70,36,252,46,13,0,82,46,Low
41091,Central,Small Market,Caffe Mocha,Beans,Espresso,Missouri,Regular,40,60,40,100,35,894,52,9,32,87,20,Low
41091,Central,Small Market,Decaf Espresso,Beans,Espresso,Missouri,Decaf,40,70,50,110,39,845,57,10,35,96,22,Low
41091,Central,Small Market,Decaf Irish Cream,Beans,Coffee,Missouri,Decaf,60,70,40,130,60,1070,72,18,32,132,40,Medium
41091,Central,Small Market,Colombian,Beans,Coffee,Missouri,Regular,80,90,40,170,76,613,93,28,31,169,62,Medium
41091,Central,Major Market,Chamomile,Leaves,Herbal Tea,Ohio,Decaf,10,20,20,30,18,486,26,5,9,44,17,Low
41091,Central,Major Market,Lemon,Leaves,Herbal Tea,Ohio,Decaf,10,40,40,50,23,868,34,6,16,57,18,Low
41091,Central,Major Market,Darjeeling,Leaves,Tea,Ohio,Regular,90,160,100,250,114,822,172,37,104,286,68,High
41091,Central,Major Market,Earl Grey,Leaves,Tea,Ohio,Regular,120,170,110,290,141,692,195,43,128,336,67,High
41091,Central,Major Market,Caffe Mocha,Beans,Espresso,Ohio,Regular,160,180,120,340,145,1304,146,40,81,291,65,High
41091,Central,Major Market,Decaf Espresso,Beans,Espresso,Ohio,Decaf,50,80,30,130,51,419,64,19,11,115,53,Medium
41091,Central,Major Market,Amaretto,Beans,Coffee,Ohio,Regular,40,70,40,110,47,420,63,15,20,110,43,Low
41091,Central,Major Market,Colombian,Beans,Coffee,Ohio,Regular,30,50,30,80,34,432,51,10,18,85,33,Low
41091,Central,Major Market,Decaf Irish Cream,Beans,Coffee,Ohio,Decaf,40,50,0,90,39,517,56,36,-9,95,65,Low
41091,Central,Small Market,Chamomile,Leaves,Herbal Tea,Wisconsin,Decaf,30,60,40,90,39,380,65,12,29,104,36,Low
41091,Central,Small Market,Lemon,Leaves,Herbal Tea,Wisconsin,Decaf,50,70,60,120,59,870,85,16,58,144,27,Medium
41091,Central,Small Market,Darjeeling,Leaves,Tea,Wisconsin,Regular,30,40,10,70,36,462,54,11,21,90,33,Low
41091,Central,Small Market,Earl Grey,Leaves,Tea,Wisconsin,Regular,40,50,0,90,47,622,66,42,-6,113,72,Low
41091,Central,Small Market,Caffe Mocha,Beans,Espresso,Wisconsin,Regular,90,130,90,220,86,1081,103,26,56,189,47,Medium
41091,Central,Small Market,Decaf Espresso,Beans,Espresso,Wisconsin,Decaf,50,80,60,130,50,587,65,16,36,115,29,Medium
41091,Central,Small Market,Amaretto,Beans,Coffee,Wisconsin,Regular,60,70,20,130,59,403,74,22,18,133,56,Medium
41091,Central,Small Market,Colombian,Beans,Coffee,Wisconsin,Regular,130,180,60,310,124,717,173,112,32,297,141,High
41091,Central,Small Market,Decaf Irish Cream,Beans,Coffee,Wisconsin,Decaf,100,130,80,230,97,575,130,32,71,227,59,High
41091,East,Small Market,Darjeeling,Leaves,Tea,Connecticut,Regular,30,60,50,90,35,894,52,9,32,87,20,Low
41091,East,Small Market,Green Tea,Leaves,Tea,Connecticut,Regular,20,30,20,50,20,814,31,5,15,51,16,Low
41091,East,Small Market,Lemon,Leaves,Herbal Tea,Connecticut,Decaf,50,80,40,130,76,613,93,28,32,169,61,Medium
41091,East,Small Market,Mint,Leaves,Herbal Tea,Connecticut,Decaf,40,60,40,100,60,1070,72,18,33,132,39,Medium
41091,East,Small Market,Caffe Mocha,Beans,Espresso,Connecticut,Regular,40,70,20,110,47,622,66,42,-5,113,71,Low
41091,East,Small Market,Decaf Espresso,Beans,Espresso,Connecticut,Decaf,40,50,20,90,43,388,57,14,16,100,41,Low
41091,East,Small Market,Colombian,Beans,Coffee,Connecticut,Regular,80,130,90,210,90,1148,135,29,75,225,60,High
41091,East,Major Market,Darjeeling,Leaves,Tea,Florida,Regular,40,70,50,110,45,885,65,12,41,110,24,Low
41091,East,Major Market,Green Tea,Leaves,Tea,Florida,Regular,60,90,70,150,59,870,85,16,58,144,27,Medium
41091,East,Major Market,Chamomile,Leaves,Herbal Tea,Florida,Decaf,30,50,30,80,50,587,65,16,36,115,29,Medium
41091,East,Major Market,Lemon,Leaves,Herbal Tea,Florida,Decaf,40,60,30,100,59,403,74,22,19,133,55,Medium
41091,East,Major Market,Mint,Leaves,Herbal Tea,Florida,Decaf,60,80,50,140,86,1081,103,26,55,189,48,Medium
41091,East,Major Market,Caffe Mocha,Beans,Espresso,Florida,Regular,110,180,60,290,124,717,173,112,32,297,141,High
41091,East,Major Market,Decaf Espresso,Beans,Espresso,Florida,Decaf,90,130,80,220,97,575,130,32,71,227,59,High
41091,East,Major Market,Colombian,Beans,Coffee,Florida,Regular,100,170,120,270,114,822,172,37,104,286,68,High
41091,East,Major Market,Decaf Irish Cream,Beans,Coffee,Florida,Decaf,130,180,130,310,141,692,195,43,129,336,66,High
41091,East,Major Market,Darjeeling,Leaves,Tea,Massachusetts,Regular,20,40,30,60,23,868,34,6,16,57,18,Low
41091,East,Major Market,Green Tea,Leaves,Tea,Massachusetts,Regular,10,30,20,40,18,486,26,5,9,44,17,Low
41091,East,Major Market,Lemon,Leaves,Herbal Tea,Massachusetts,Decaf,30,50,20,80,51,419,64,19,11,115,53,Medium
41091,East,Major Market,Caffe Mocha,Beans,Espresso,Massachusetts,Regular,30,70,20,100,39,560,72,36,7,111,65,Low
41091,East,Major Market,Regular Espresso,Beans,Espresso,Massachusetts,Regular,130,150,100,280,145,1304,146,40,81,291,65,High
41091,East,Major Market,Colombian,Beans,Coffee,Massachusetts,Regular,40,590,560,630,52,-1493,613,17,564,665,49,High
41091,East,Small Market,Darjeeling,Leaves,Tea,New Hampshire,Regular,20,40,30,60,25,854,36,7,17,61,19,Low
41091,East,Small Market,Green Tea,Leaves,Tea,New Hampshire,Regular,0,40,30,40,0,559,43,0,31,43,12,Low
41091,East,Small Market,Lemon,Leaves,Herbal Tea,New Hampshire,Decaf,20,40,10,60,36,252,46,13,0,82,46,Low
41091,East,Small Market,Caffe Mocha,Beans,Espresso,New Hampshire,Regular,50,80,10,130,59,338,82,53,-1,141,83,Medium
41091,East,Small Market,Regular Espresso,Beans,Espresso,New Hampshire,Regular,30,50,10,80,40,219,49,15,0,89,49,Low
41091,East,Small Market,Amaretto,Beans,Coffee,New Hampshire,Regular,50,90,70,140,61,329,90,19,49,151,41,Medium
41091,East,Small Market,Colombian,Beans,Coffee,New Hampshire,Regular,60,90,60,150,64,467,96,21,43,160,53,Medium
41091,East,Major Market,Darjeeling,Leaves,Tea,New York,Regular,130,200,160,330,127,1007,185,35,138,312,47,High
41091,East,Major Market,Earl Grey,Leaves,Tea,New York,Regular,110,160,120,270,104,952,152,29,111,256,41,High
41091,East,Major Market,Green Tea,Leaves,Tea,New York,Regular,90,150,120,240,94,608,136,26,98,230,38,High
41091,East,Major Market,Lemon,Leaves,Herbal Tea,New York,Decaf,200,410,310,610,270,1781,523,102,388,793,135,High
41091,East,Major Market,Mint,Leaves,Herbal Tea,New York,Decaf,190,-40,-110,150,260,3076,-62,80,-164,198,102,High
41091,East,Major Market,Regular Espresso,Beans,Espresso,New York,Regular,250,280,190,530,266,1355,280,74,182,546,98,High
41091,East,Major Market,Caffe Mocha,Beans,Espresso,New York,Regular,150,-80,-240,70,162,2321,-85,147,-266,77,181,Low
41091,East,Major Market,Colombian,Beans,Coffee,New York,Regular,340,520,370,860,364,2654,548,127,370,912,178,High
41091,South,Small Market,Decaf Irish Cream,Beans,Coffee,Louisiana,Decaf,70,110,90,180,59,870,85,16,58,144,27,Medium
41091,South,Small Market,Colombian,Beans,Coffee,Louisiana,Regular,50,70,50,120,40,843,59,11,36,99,23,Low
41091,South,Small Market,Chamomile,Leaves,Herbal Tea,Louisiana,Decaf,40,60,40,100,46,587,60,15,32,106,28,Low
41091,South,Small Market,Lemon,Leaves,Herbal Tea,Louisiana,Decaf,70,90,40,160,76,613,93,28,31,169,62,Medium
41091,South,Small Market,Caffe Latte,Beans,Espresso,Louisiana,Regular,40,50,0,90,47,-395,66,42,-6,113,72,Low
41091,South,Small Market,Caffe Mocha,Beans,Espresso,Louisiana,Regular,30,50,30,80,39,380,65,12,30,104,35,Low
41091,South,Small Market,Decaf Espresso,Beans,Espresso,Louisiana,Decaf,30,40,20,70,36,462,54,11,21,90,33,Low
41091,South,Small Market,Decaf Irish Cream,Beans,Coffee,New Mexico,Decaf,150,60,10,210,120,1334,49,37,-11,169,60,Medium
41091,South,Small Market,Colombian,Beans,Coffee,New Mexico,Regular,80,120,70,200,64,467,96,21,44,160,52,Medium
41091,South,Small Market,Chamomile,Leaves,Herbal Tea,New Mexico,Decaf,20,30,20,50,25,854,36,7,17,61,19,Low
41091,South,Small Market,Lemon,Leaves,Herbal Tea,New Mexico,Decaf,30,40,20,70,34,1010,41,10,10,75,31,Low
41091,South,Small Market,Caffe Latte,Beans,Espresso,New Mexico,Regular,30,40,10,70,40,-258,49,15,1,89,48,Low
41091,South,Small Market,Caffe Mocha,Beans,Espresso,New Mexico,Regular,50,70,0,120,59,338,82,53,-1,141,83,Medium
41091,South,Small Market,Decaf Espresso,Beans,Espresso,New Mexico,Decaf,30,50,20,80,44,258,59,14,18,103,41,Low
41091,South,Small Market,Decaf Irish Cream,Beans,Coffee,Oklahoma,Decaf,20,50,40,70,23,868,34,6,16,57,18,Low
41091,South,Small Market,Colombian,Beans,Coffee,Oklahoma,Regular,50,60,40,110,41,592,53,13,28,94,25,Low
41091,South,Small Market,Lemon,Leaves,Herbal Tea,Oklahoma,Decaf,110,180,60,290,124,717,173,112,32,297,141,High
41091,South,Small Market,Chamomile,Leaves,Herbal Tea,Oklahoma,Decaf,50,80,30,130,59,403,74,22,19,133,55,Medium
41091,South,Small Market,Caffe Latte,Beans,Espresso,Oklahoma,Regular,120,160,110,280,141,-942,195,43,128,336,67,High
41091,South,Small Market,Caffe Mocha,Beans,Espresso,Oklahoma,Regular,10,20,20,30,18,486,26,5,9,44,17,Low
41091,South,Small Market,Decaf Espresso,Beans,Espresso,Oklahoma,Decaf,90,150,100,240,114,822,172,37,103,286,69,High
41091,South,Major Market,Decaf Irish Cream,Beans,Coffee,Texas,Decaf,100,140,110,240,87,564,112,28,71,199,41,High
41091,South,Major Market,Colombian,Beans,Coffee,Texas,Regular,320,380,290,700,260,1319,307,80,206,567,101,High
41091,South,Major Market,Lemon,Leaves,Herbal Tea,Texas,Decaf,30,50,30,80,34,432,51,10,19,85,32,Low
41091,South,Major Market,Chamomile,Leaves,Herbal Tea,Texas,Decaf,40,60,30,100,47,420,63,15,20,110,43,Low
41091,South,Major Market,Caffe Latte,Beans,Espresso,Texas,Regular,40,70,40,110,52,-456,79,17,30,131,49,Medium
41091,South,Major Market,Caffe Mocha,Beans,Espresso,Texas,Regular,80,140,120,220,104,952,152,29,112,256,40,High
41091,South,Major Market,Decaf Espresso,Beans,Espresso,Texas,Decaf,80,110,90,190,94,608,136,26,98,230,38,High
41091,West,Small Market,Amaretto,Beans,Coffee,Utah,Regular,70,90,60,160,60,1070,72,18,32,132,40,Medium
41091,West,Small Market,Colombian,Beans,Coffee,Utah,Regular,50,70,40,120,43,388,57,14,16,100,41,Low
41091,West,Small Market,Chamomile,Leaves,Herbal Tea,Utah,Decaf,50,80,60,130,61,329,90,19,48,151,42,Medium
41091,West,Small Market,Lemon,Leaves,Herbal Tea,Utah,Decaf,50,90,60,140,64,467,96,21,44,160,52,Medium
41091,West,Small Market,Mint,Leaves,Herbal Tea,Utah,Decaf,100,40,-10,140,120,1334,49,37,-12,169,61,Medium
41091,West,Small Market,Darjeeling,Leaves,Tea,Utah,Regular,30,60,10,90,59,338,82,53,0,141,82,Medium
41091,West,Small Market,Earl Grey,Leaves,Tea,Utah,Regular,20,50,30,70,44,258,59,14,17,103,42,Low
41091,West,Small Market,Green Tea,Leaves,Tea,Utah,Regular,20,40,20,60,40,219,49,15,1,89,48,Low
41091,West,Small Market,Decaf Irish Cream,Beans,Coffee,Utah,Decaf,90,120,70,210,76,613,93,28,31,169,62,Medium
41091,West,Small Market,Caffe Latte,Beans,Espresso,Utah,Regular,30,60,50,90,39,845,57,10,36,96,21,Low
41091,West,Small Market,Caffe Mocha,Beans,Espresso,Utah,Regular,40,60,40,100,46,587,60,15,32,106,28,Low
41091,West,Small Market,Decaf Espresso,Beans,Espresso,Utah,Decaf,30,50,40,80,35,894,52,9,31,87,21,Low
41091,West,Major Market,Amaretto,Beans,Coffee,California,Regular,190,-90,-150,100,154,1832,-67,49,-138,87,71,Low
41091,West,Major Market,Colombian,Beans,Coffee,California,Regular,450,690,530,1140,364,2654,548,127,370,912,178,High
41091,West,Major Market,Chamomile,Leaves,Herbal Tea,California,Decaf,100,170,150,270,127,1007,185,35,139,312,46,High
41091,West,Major Market,Lemon,Leaves,Herbal Tea,California,Decaf,220,270,200,490,260,1319,307,80,205,567,102,High
41091,West,Major Market,Mint,Leaves,Herbal Tea,California,Decaf,70,100,70,170,87,564,112,28,72,199,40,High
41091,West,Major Market,Darjeeling,Leaves,Tea,California,Regular,60,110,100,170,104,952,152,29,112,256,40,High
41091,West,Major Market,Earl Grey,Leaves,Tea,California,Regular,60,90,80,150,94,608,136,26,98,230,38,High
41091,West,Major Market,Green Tea,Leaves,Tea,California,Regular,30,50,20,80,52,668,79,17,30,131,49,Medium
41091,West,Major Market,Decaf Irish Cream,Beans,Coffee,California,Decaf,290,-40,-150,250,238,2797,-36,78,-157,202,121,High
41091,West,Major Market,Caffe Latte,Beans,Espresso,California,Regular,250,260,170,510,266,1819,266,74,167,532,99,High
41091,West,Major Market,Caffe Mocha,Beans,Espresso,California,Regular,150,220,60,370,162,943,225,147,45,387,180,High
41091,West,Major Market,Decaf Espresso,Beans,Espresso,California,Decaf,270,380,260,650,291,1742,387,96,259,678,128,High
41091,West,Small Market,Colombian,Beans,Coffee,Nevada,Regular,40,60,20,100,36,252,46,13,-1,82,47,Low
41091,West,Small Market,Chamomile,Leaves,Herbal Tea,Nevada,Decaf,130,210,70,340,162,943,225,147,45,387,180,High
41091,West,Small Market,Lemon,Leaves,Herbal Tea,Nevada,Decaf,200,290,200,490,238,1190,329,78,208,567,121,High
41091,West,Small Market,Mint,Leaves,Herbal Tea,Nevada,Decaf,130,200,150,330,154,833,222,49,150,376,72,High
41091,West,Small Market,Darjeeling,Leaves,Tea,Nevada,Regular,190,270,190,460,291,1742,387,96,258,678,129,High
41091,West,Small Market,Earl Grey,Leaves,Tea,Nevada,Regular,170,190,130,360,266,1819,266,74,168,532,98,High
41091,West,Small Market,Green Tea,Leaves,Tea,Nevada,Regular,170,-170,-250,0,270,5230,-270,102,-378,27,135,Low
41091,West,Small Market,Decaf Irish Cream,Beans,Coffee,Nevada,Decaf,40,50,30,90,34,1010,41,10,9,75,32,Low
41091,West,Small Market,Caffe Latte,Beans,Espresso,Nevada,Regular,0,40,30,40,0,559,43,0,32,43,11,Low
41091,West,Small Market,Caffe Mocha,Beans,Espresso,Nevada,Regular,20,30,20,50,25,854,36,7,17,61,19,Low
41091,West,Small Market,Decaf Espresso,Beans,Espresso,Nevada,Decaf,10,30,20,40,20,808,29,5,12,49,17,Low
41091,West,Small Market,Amaretto,Beans,Coffee,Oregon,Regular,40,70,20,110,39,517,56,36,-10,95,66,Low
41091,West,Small Market,Colombian,Beans,Coffee,Oregon,Regular,40,70,20,110,39,478,55,12,0,94,55,Low
41091,West,Small Market,Chamomile,Leaves,Herbal Tea,Oregon,Decaf,20,40,40,60,30,829,44,8,24,74,20,Low
41091,West,Small Market,Lemon,Leaves,Herbal Tea,Oregon,Decaf,30,50,30,80,41,592,53,13,27,94,26,Low
41091,West,Small Market,Darjeeling,Leaves,Tea,Oregon,Regular,10,10,10,20,18,486,26,5,9,44,17,Low
41091,West,Small Market,Earl Grey,Leaves,Tea,Oregon,Regular,70,120,80,190,114,822,172,37,104,286,68,High
41091,West,Small Market,Green Tea,Leaves,Tea,Oregon,Regular,90,130,90,220,141,692,195,43,129,336,66,High
41091,West,Small Market,Decaf Irish Cream,Beans,Coffee,Oregon,Decaf,40,60,40,100,34,432,51,10,18,85,33,Low
41091,West,Small Market,Caffe Latte,Beans,Espresso,Oregon,Regular,40,70,30,110,51,419,64,19,12,115,52,Medium
41091,West,Small Market,Caffe Mocha,Beans,Espresso,Oregon,Regular,40,60,30,100,47,420,63,15,20,110,43,Low
41091,West,Small Market,Decaf Espresso,Beans,Espresso,Oregon,Decaf,130,140,90,270,145,1304,146,40,81,291,65,High
41091,West,Small Market,Chamomile,Leaves,Herbal Tea,Washington,Decaf,70,120,80,190,90,1148,135,29,75,225,60,High
41091,West,Small Market,Lemon,Leaves,Herbal Tea,Washington,Decaf,30,50,50,80,40,843,59,11,37,99,22,Low
41091,West,Small Market,Darjeeling,Leaves,Tea,Washington,Regular,20,50,30,70,39,380,65,12,29,104,36,Low
41091,West,Small Market,Earl Grey,Leaves,Tea,Washington,Regular,20,40,30,60,36,462,54,11,20,90,34,Low
41091,West,Small Market,Green Tea,Leaves,Tea,Washington,Regular,30,40,0,70,47,622,66,42,-5,113,71,Low
41091,West,Small Market,Colombian,Beans,Coffee,Washington,Regular,100,160,120,260,86,463,125,27,75,211,50,High
41091,West,Small Market,Decaf Irish Cream,Beans,Coffee,Washington,Decaf,150,220,100,370,124,717,173,112,31,297,142,High
41091,West,Small Market,Caffe Latte,Beans,Espresso,Washington,Regular,40,70,50,110,50,587,65,16,36,115,29,Medium
41091,West,Small Market,Caffe Mocha,Beans,Espresso,Washington,Regular,50,70,20,120,59,403,74,22,18,133,56,Medium
41091,West,Small Market,Decaf Espresso,Beans,Espresso,Washington,Decaf,80,100,70,180,86,1081,103,26,56,189,47,Medium
41122,Central,Major Market,Chamomile,Leaves,Herbal Tea,Colorado,Decaf,120,130,80,250,145,1292,146,40,82,291,64,High
41122,Central,Major Market,Lemon,Leaves,Herbal Tea,Colorado,Decaf,30,40,0,70,37,513,52,33,-10,89,62,Low
41122,Central,Major Market,Mint,Leaves,Herbal Tea,Colorado,Decaf,30,60,30,90,46,415,62,15,20,108,42,Low
41122,Central,Major Market,Darjeeling,Leaves,Tea,Colorado,Regular,40,50,10,90,49,414,60,18,9,109,51,Low
41122,Central,Major Market,Earl Grey,Leaves,Tea,Colorado,Regular,30,50,20,80,41,1046,50,12,16,91,34,Low
41122,Central,Major Market,Green Tea,Leaves,Tea,Colorado,Regular,50,80,50,130,68,587,87,22,53,155,34,Medium
41122,Central,Major Market,Caffe Mocha,Beans,Espresso,Colorado,Regular,110,170,130,280,100,598,145,28,105,245,40,High
41122,Central,Major Market,Decaf Espresso,Beans,Espresso,Colorado,Decaf,60,90,50,150,52,662,79,17,30,131,49,Medium
41122,Central,Major Market,Decaf Irish Cream,Beans,Coffee,Colorado,Decaf,130,200,160,330,132,994,191,36,144,323,47,High
41122,Central,Major Market,Amaretto,Beans,Coffee,Colorado,Regular,130,180,140,310,123,941,178,34,133,301,45,High
41122,Central,Major Market,Colombian,Beans,Coffee,Colorado,Regular,50,70,50,120,52,554,68,17,39,120,29,Medium
41122,Central,Major Market,Chamomile,Leaves,Herbal Tea,Illinois,Decaf,100,160,140,260,123,941,178,34,132,301,46,High
41122,Central,Major Market,Lemon,Leaves,Herbal Tea,Illinois,Decaf,40,60,40,100,52,554,68,17,39,120,29,Medium
41122,Central,Major Market,Mint,Leaves,Herbal Tea,Illinois,Decaf,110,170,140,280,132,994,191,36,143,323,48,High
41122,Central,Major Market,Darjeeling,Leaves,Tea,Illinois,Regular,80,130,100,210,100,598,145,28,105,245,40,High
41122,Central,Major Market,Earl Grey,Leaves,Tea,Illinois,Regular,40,70,30,110,52,662,79,17,30,131,49,Medium
41122,Central,Major Market,Caffe Mocha,Beans,Espresso,Illinois,Regular,340,470,340,810,295,1714,392,97,262,687,130,High
41122,Central,Major Market,Decaf Espresso,Beans,Espresso,Illinois,Decaf,300,320,220,620,266,1797,266,74,167,532,99,High
41122,Central,Major Market,Decaf Irish Cream,Beans,Coffee,Illinois,Decaf,160,230,170,390,154,817,222,49,150,376,72,High
41122,Central,Major Market,Colombian,Beans,Coffee,Illinois,Regular,200,290,190,490,196,1167,271,64,163,467,108,High
41122,Central,Small Market,Chamomile,Leaves,Herbal Tea,Iowa,Decaf,250,350,250,600,295,1714,392,97,262,687,130,High
41122,Central,Small Market,Lemon,Leaves,Herbal Tea,Iowa,Decaf,130,200,150,330,154,817,222,49,151,376,71,High
41122,Central,Small Market,Darjeeling,Leaves,Tea,Iowa,Regular,220,240,150,460,266,1797,266,74,167,532,99,High
41122,Central,Small Market,Earl Grey,Leaves,Tea,Iowa,Regular,240,310,180,550,284,1809,348,107,207,632,141,High
41122,Central,Small Market,Caffe Mocha,Beans,Espresso,Iowa,Regular,20,40,30,60,23,806,35,6,18,58,17,Low
41122,Central,Small Market,Decaf Espresso,Beans,Espresso,Iowa,Decaf,0,50,40,50,0,516,43,0,31,43,12,Low
41122,Central,Small Market,Colombian,Beans,Coffee,Iowa,Regular,40,50,20,90,41,1007,49,12,15,90,34,Low
41122,Central,Small Market,Decaf Irish Cream,Beans,Coffee,Iowa,Decaf,10,20,10,30,14,602,18,4,1,32,17,Low
41122,Central,Small Market,Amaretto,Beans,Coffee,Iowa,Regular,20,40,30,60,25,851,38,7,19,63,19,Low
41122,Central,Small Market,Chamomile,Leaves,Herbal Tea,Missouri,Decaf,50,80,20,130,63,332,88,57,2,151,86,Medium
41122,Central,Small Market,Lemon,Leaves,Herbal Tea,Missouri,Decaf,100,20,-20,120,120,1439,19,37,-41,139,60,Medium
41122,Central,Small Market,Darjeeling,Leaves,Tea,Missouri,Regular,30,60,30,90,45,253,60,14,19,105,41,Low
41122,Central,Small Market,Earl Grey,Leaves,Tea,Missouri,Regular,20,30,-10,50,29,215,36,11,-9,65,45,Low
41122,Central,Small Market,Green Tea,Leaves,Tea,Missouri,Regular,30,40,0,70,38,248,48,14,1,86,47,Low
41122,Central,Small Market,Caffe Mocha,Beans,Espresso,Missouri,Regular,30,60,40,90,34,890,49,9,29,83,20,Low
41122,Central,Small Market,Decaf Espresso,Beans,Espresso,Missouri,Decaf,30,60,50,90,32,841,48,8,28,80,20,Low
41122,Central,Small Market,Colombian,Beans,Coffee,Missouri,Regular,70,90,40,160,72,606,88,27,27,160,61,Medium
41122,Central,Small Market,Decaf Irish Cream,Beans,Coffee,Missouri,Decaf,50,60,30,110,50,1064,60,15,24,110,36,Low
41122,Central,Major Market,Chamomile,Leaves,Herbal Tea,Ohio,Decaf,10,20,20,30,16,484,25,4,9,41,16,Low
41122,Central,Major Market,Lemon,Leaves,Herbal Tea,Ohio,Decaf,10,30,30,40,22,865,33,6,16,55,17,Low
41122,Central,Major Market,Darjeeling,Leaves,Tea,Ohio,Regular,90,160,100,250,114,810,172,37,103,286,69,High
41122,Central,Major Market,Earl Grey,Leaves,Tea,Ohio,Regular,90,150,100,240,116,678,161,35,103,277,58,High
41122,Central,Major Market,Caffe Mocha,Beans,Espresso,Ohio,Regular,160,180,120,340,145,1292,146,40,81,291,65,High
41122,Central,Major Market,Decaf Espresso,Beans,Espresso,Ohio,Decaf,50,70,20,120,49,414,60,18,8,109,52,Low
41122,Central,Major Market,Amaretto,Beans,Coffee,Ohio,Regular,40,70,40,110,46,415,62,15,19,108,43,Low
41122,Central,Major Market,Colombian,Beans,Coffee,Ohio,Regular,30,50,30,80,34,428,51,10,19,85,32,Low
41122,Central,Major Market,Decaf Irish Cream,Beans,Coffee,Ohio,Decaf,30,60,10,90,37,513,52,33,-11,89,63,Low
41122,Central,Small Market,Chamomile,Leaves,Herbal Tea,Wisconsin,Decaf,40,70,50,110,47,366,79,14,41,126,38,Medium
41122,Central,Small Market,Lemon,Leaves,Herbal Tea,Wisconsin,Decaf,50,80,70,130,63,864,91,17,63,154,28,Medium
41122,Central,Small Market,Darjeeling,Leaves,Tea,Wisconsin,Regular,30,40,10,70,36,458,54,11,20,90,34,Low
41122,Central,Small Market,Earl Grey,Leaves,Tea,Wisconsin,Regular,30,60,10,90,44,617,61,39,-7,105,68,Low
41122,Central,Small Market,Caffe Mocha,Beans,Espresso,Wisconsin,Regular,110,150,100,260,103,1073,123,31,70,226,53,High
41122,Central,Small Market,Decaf Espresso,Beans,Espresso,Wisconsin,Decaf,30,50,30,80,30,581,39,9,18,69,21,Low
41122,Central,Small Market,Amaretto,Beans,Coffee,Wisconsin,Regular,60,80,30,140,63,397,77,23,21,140,56,Medium
41122,Central,Small Market,Colombian,Beans,Coffee,Wisconsin,Regular,140,190,60,330,133,705,184,120,35,317,149,High
41122,Central,Small Market,Decaf Irish Cream,Beans,Coffee,Wisconsin,Decaf,100,140,90,240,99,565,132,32,73,231,59,High
41122,East,Small Market,Darjeeling,Leaves,Tea,Connecticut,Regular,30,50,40,80,34,890,49,9,28,83,21,Low
41122,East,Small Market,Green Tea,Leaves,Tea,Connecticut,Regular,20,30,20,50,19,811,28,5,12,47,16,Low
41122,East,Small Market,Lemon,Leaves,Herbal Tea,Connecticut,Decaf,50,70,30,120,72,606,88,27,28,160,60,Medium
41122,East,Small Market,Mint,Leaves,Herbal Tea,Connecticut,Decaf,30,50,30,80,50,1064,60,15,24,110,36,Low
41122,East,Small Market,Caffe Mocha,Beans,Espresso,Connecticut,Regular,40,60,10,100,44,617,61,39,-8,105,69,Low
41122,East,Small Market,Decaf Espresso,Beans,Espresso,Connecticut,Decaf,40,50,20,90,42,384,56,13,16,98,40,Low
41122,East,Small Market,Colombian,Beans,Coffee,Connecticut,Regular,80,130,90,210,90,1139,135,29,75,225,60,High
41122,East,Major Market,Darjeeling,Leaves,Tea,Florida,Regular,40,80,60,120,46,880,68,12,44,114,24,Medium
41122,East,Major Market,Green Tea,Leaves,Tea,Florida,Regular,60,100,80,160,63,864,91,17,63,154,28,Medium
41122,East,Major Market,Chamomile,Leaves,Herbal Tea,Florida,Decaf,20,30,20,50,30,581,39,9,18,69,21,Low
41122,East,Major Market,Lemon,Leaves,Herbal Tea,Florida,Decaf,40,60,30,100,63,397,77,23,20,140,57,Medium
41122,East,Major Market,Mint,Leaves,Herbal Tea,Florida,Decaf,70,100,70,170,103,1073,123,31,70,226,53,High
41122,East,Major Market,Caffe Mocha,Beans,Espresso,Florida,Regular,120,190,60,310,133,705,184,120,35,317,149,High
41122,East,Major Market,Decaf Espresso,Beans,Espresso,Florida,Decaf,90,130,80,220,99,565,132,32,73,231,59,High
41122,East,Major Market,Colombian,Beans,Coffee,Florida,Regular,100,170,120,270,114,810,172,37,104,286,68,High
41122,East,Major Market,Decaf Irish Cream,Beans,Coffee,Florida,Decaf,110,150,100,260,116,678,161,35,102,277,59,High
41122,East,Major Market,Darjeeling,Leaves,Tea,Massachusetts,Regular,20,30,20,50,22,865,33,6,16,55,17,Low
41122,East,Major Market,Green Tea,Leaves,Tea,Massachusetts,Regular,10,30,20,40,16,484,25,4,9,41,16,Low
41122,East,Major Market,Lemon,Leaves,Herbal Tea,Massachusetts,Decaf,30,50,20,80,49,414,60,18,9,109,51,Low
41122,East,Major Market,Caffe Mocha,Beans,Espresso,Massachusetts,Regular,30,70,20,100,37,540,68,33,6,105,62,Low
41122,East,Major Market,Regular Espresso,Beans,Espresso,Massachusetts,Regular,130,150,100,280,145,1292,146,40,82,291,64,High
41122,East,Major Market,Colombian,Beans,Coffee,Massachusetts,Regular,40,590,560,630,52,-2033,612,17,563,664,49,High
41122,East,Small Market,Darjeeling,Leaves,Tea,New Hampshire,Regular,20,40,30,60,25,851,38,7,20,63,18,Low
41122,East,Small Market,Green Tea,Leaves,Tea,New Hampshire,Regular,0,40,30,40,0,516,43,0,31,43,12,Low
41122,East,Small Market,Lemon,Leaves,Herbal Tea,New Hampshire,Decaf,20,40,10,60,38,248,48,14,1,86,47,Low
41122,East,Small Market,Caffe Mocha,Beans,Espresso,New Hampshire,Regular,60,80,10,140,63,332,88,57,1,151,87,Medium
41122,East,Small Market,Regular Espresso,Beans,Espresso,New Hampshire,Regular,20,40,0,60,29,215,36,11,-9,65,45,Low
41122,East,Small Market,Amaretto,Beans,Coffee,New Hampshire,Regular,50,90,70,140,61,322,90,19,48,151,42,Medium
41122,East,Small Market,Colombian,Beans,Coffee,New Hampshire,Regular,60,90,60,150,64,460,96,21,44,160,52,Medium
41122,East,Major Market,Darjeeling,Leaves,Tea,New York,Regular,130,210,170,340,132,994,191,36,144,323,47,High
41122,East,Major Market,Earl Grey,Leaves,Tea,New York,Regular,130,190,150,320,123,941,178,34,133,301,45,High
41122,East,Major Market,Green Tea,Leaves,Tea,New York,Regular,100,160,130,260,100,598,145,28,105,245,40,High
41122,East,Major Market,Lemon,Leaves,Herbal Tea,New York,Decaf,210,290,180,500,284,1565,369,107,229,653,140,High
41122,East,Major Market,Mint,Leaves,Herbal Tea,New York,Decaf,230,-140,-230,90,311,3422,-187,96,-304,124,117,Medium
41122,East,Major Market,Regular Espresso,Beans,Espresso,New York,Regular,250,280,190,530,266,1319,277,74,179,543,98,High
41122,East,Major Market,Caffe Mocha,Beans,Espresso,New York,Regular,160,-90,-260,70,173,2615,-95,156,-284,78,189,Low
41122,East,Major Market,Colombian,Beans,Coffee,New York,Regular,340,520,370,860,364,2617,546,127,368,910,178,High
41122,South,Small Market,Decaf Irish Cream,Beans,Coffee,Louisiana,Decaf,70,120,100,190,63,864,91,17,63,154,28,Medium
41122,South,Small Market,Colombian,Beans,Coffee,Louisiana,Regular,60,80,60,140,48,839,70,13,46,118,24,Medium
41122,South,Small Market,Chamomile,Leaves,Herbal Tea,Louisiana,Decaf,70,100,70,170,77,581,99,25,61,176,38,Medium
41122,South,Small Market,Lemon,Leaves,Herbal Tea,Louisiana,Decaf,60,90,40,150,72,606,88,27,28,160,60,Medium
41122,South,Small Market,Caffe Latte,Beans,Espresso,Louisiana,Regular,30,60,10,90,44,-508,61,39,-7,105,68,Low
41122,South,Small Market,Caffe Mocha,Beans,Espresso,Louisiana,Regular,40,60,40,100,47,366,79,14,41,126,38,Medium
41122,South,Small Market,Decaf Espresso,Beans,Espresso,Louisiana,Decaf,30,40,20,70,36,458,54,11,21,90,33,Low
41122,South,Small Market,Decaf Irish Cream,Beans,Coffee,New Mexico,Decaf,150,20,-30,170,120,1439,19,37,-42,139,61,Medium
41122,South,Small Market,Colombian,Beans,Coffee,New Mexico,Regular,80,120,70,200,64,460,96,21,44,160,52,Medium
41122,South,Small Market,Chamomile,Leaves,Herbal Tea,New Mexico,Decaf,20,40,30,60,25,851,38,7,19,63,19,Low
41122,South,Small Market,Lemon,Leaves,Herbal Tea,New Mexico,Decaf,30,50,20,80,41,1007,49,12,15,90,34,Low
41122,South,Small Market,Caffe Latte,Beans,Espresso,New Mexico,Regular,20,30,0,50,29,-347,36,11,-8,65,44,Low
41122,South,Small Market,Caffe Mocha,Beans,Espresso,New Mexico,Regular,50,70,0,120,63,332,88,57,2,151,86,Medium
41122,South,Small Market,Decaf Espresso,Beans,Espresso,New Mexico,Decaf,30,60,30,90,45,253,60,14,18,105,42,Low
41122,South,Small Market,Decaf Irish Cream,Beans,Coffee,Oklahoma,Decaf,20,40,30,60,22,865,33,6,16,55,17,Low
41122,South,Small Market,Colombian,Beans,Coffee,Oklahoma,Regular,80,110,80,190,68,587,87,22,53,155,34,Medium
41122,South,Small Market,Lemon,Leaves,Herbal Tea,Oklahoma,Decaf,120,190,60,310,133,705,184,120,34,317,150,High
41122,South,Small Market,Chamomile,Leaves,Herbal Tea,Oklahoma,Decaf,60,70,20,130,63,397,77,23,20,140,57,Medium
41122,South,Small Market,Caffe Latte,Beans,Espresso,Oklahoma,Regular,90,140,100,230,116,-1278,161,35,102,277,59,High
41122,South,Small Market,Caffe Mocha,Beans,Espresso,Oklahoma,Regular,10,20,20,30,16,484,25,4,10,41,15,Low
41122,South,Small Market,Decaf Espresso,Beans,Espresso,Oklahoma,Decaf,90,150,100,240,114,810,172,37,103,286,69,High
41122,South,Major Market,Decaf Irish Cream,Beans,Coffee,Texas,Decaf,60,90,70,150,52,554,68,17,39,120,29,Medium
41122,South,Major Market,Colombian,Beans,Coffee,Texas,Regular,390,450,340,840,311,1296,367,96,250,678,117,High
41122,South,Major Market,Lemon,Leaves,Herbal Tea,Texas,Decaf,30,50,30,80,34,428,51,10,19,85,32,Low
41122,South,Major Market,Chamomile,Leaves,Herbal Tea,Texas,Decaf,40,60,30,100,46,415,62,15,19,108,43,Low
41122,South,Major Market,Caffe Latte,Beans,Espresso,Texas,Regular,40,70,40,110,52,-587,79,17,30,131,49,Medium
41122,South,Major Market,Caffe Mocha,Beans,Espresso,Texas,Regular,100,150,120,250,123,941,178,34,133,301,45,High
41122,South,Major Market,Decaf Espresso,Beans,Espresso,Texas,Decaf,80,130,110,210,100,598,145,28,105,245,40,High
41122,West,Small Market,Amaretto,Beans,Coffee,Utah,Regular,60,70,40,130,50,1064,60,15,24,110,36,Low
41122,West,Small Market,Colombian,Beans,Coffee,Utah,Regular,50,70,40,120,42,384,56,13,15,98,41,Low
41122,West,Small Market,Chamomile,Leaves,Herbal Tea,Utah,Decaf,50,80,60,130,61,322,90,19,49,151,41,Medium
41122,West,Small Market,Lemon,Leaves,Herbal Tea,Utah,Decaf,50,90,60,140,64,460,96,21,44,160,52,Medium
41122,West,Small Market,Mint,Leaves,Herbal Tea,Utah,Decaf,100,20,-30,120,120,1439,19,37,-41,139,60,Medium
41122,West,Small Market,Darjeeling,Leaves,Tea,Utah,Regular,40,60,10,100,63,332,88,57,2,151,86,Medium
41122,West,Small Market,Earl Grey,Leaves,Tea,Utah,Regular,20,50,30,70,45,253,60,14,19,105,41,Low
41122,West,Small Market,Green Tea,Leaves,Tea,Utah,Regular,10,30,10,40,29,215,36,11,-9,65,45,Low
41122,West,Small Market,Decaf Irish Cream,Beans,Coffee,Utah,Decaf,90,110,60,200,72,606,88,27,27,160,61,Medium
41122,West,Small Market,Caffe Latte,Beans,Espresso,Utah,Regular,30,40,30,70,32,841,48,8,28,80,20,Low
41122,West,Small Market,Caffe Mocha,Beans,Espresso,Utah,Regular,70,90,60,160,77,581,99,25,62,176,37,Medium
41122,West,Small Market,Decaf Espresso,Beans,Espresso,Utah,Decaf,30,40,30,70,34,890,49,9,28,83,21,Low
41122,West,Major Market,Amaretto,Beans,Coffee,California,Regular,190,-90,-150,100,154,2105,-67,49,-139,87,72,Low
41122,West,Major Market,Colombian,Beans,Coffee,California,Regular,450,680,520,1130,364,2617,546,127,368,910,178,High
41122,West,Major Market,Chamomile,Leaves,Herbal Tea,California,Decaf,110,170,140,280,132,994,191,36,143,323,48,High
41122,West,Major Market,Lemon,Leaves,Herbal Tea,California,Decaf,260,330,240,590,311,1296,367,96,249,678,118,High
41122,West,Major Market,Mint,Leaves,Herbal Tea,California,Decaf,40,60,40,100,52,554,68,17,38,120,30,Medium
41122,West,Major Market,Darjeeling,Leaves,Tea,California,Regular,80,120,100,200,123,941,178,34,133,301,45,High
41122,West,Major Market,Earl Grey,Leaves,Tea,California,Regular,60,100,90,160,100,598,145,28,105,245,40,High
41122,West,Major Market,Green Tea,Leaves,Tea,California,Regular,30,50,20,80,52,662,79,17,30,131,49,Medium
41122,West,Major Market,Decaf Irish Cream,Beans,Coffee,California,Decaf,240,-40,-140,200,196,3139,-30,64,-137,166,107,Medium
41122,West,Major Market,Caffe Latte,Beans,Espresso,California,Regular,250,260,170,510,266,1797,266,74,167,532,99,High
41122,West,Major Market,Caffe Mocha,Beans,Espresso,California,Regular,160,230,60,390,173,927,239,156,50,412,189,High
41122,West,Major Market,Decaf Espresso,Beans,Espresso,California,Decaf,280,370,250,650,295,1714,392,97,262,687,130,High
41122,West,Small Market,Colombian,Beans,Coffee,Nevada,Regular,40,60,20,100,38,248,48,14,1,86,47,Low
41122,West,Small Market,Chamomile,Leaves,Herbal Tea,Nevada,Decaf,140,220,70,360,173,927,239,156,49,412,190,High
41122,West,Small Market,Lemon,Leaves,Herbal Tea,Nevada,Decaf,160,250,170,410,196,1167,271,64,163,467,108,High
41122,West,Small Market,Mint,Leaves,Herbal Tea,Nevada,Decaf,130,200,150,330,154,817,222,49,150,376,72,High
41122,West,Small Market,Darjeeling,Leaves,Tea,Nevada,Regular,190,270,190,460,295,1714,392,97,262,687,130,High
41122,West,Small Market,Earl Grey,Leaves,Tea,Nevada,Regular,170,190,130,360,266,1797,266,74,167,532,99,High
41122,West,Small Market,Green Tea,Leaves,Tea,Nevada,Regular,180,-180,-260,0,284,5807,-284,107,-404,21,141,Low
41122,West,Small Market,Decaf Irish Cream,Beans,Coffee,Nevada,Decaf,50,60,30,110,41,1007,49,12,16,90,33,Low
41122,West,Small Market,Caffe Latte,Beans,Espresso,Nevada,Regular,0,40,30,40,0,516,43,0,32,43,11,Low
41122,West,Small Market,Caffe Mocha,Beans,Espresso,Nevada,Regular,20,40,30,60,25,851,38,7,19,63,19,Low
41122,West,Small Market,Decaf Espresso,Beans,Espresso,Nevada,Decaf,20,30,20,50,23,806,35,6,17,58,18,Low
41122,West,Small Market,Amaretto,Beans,Coffee,Oregon,Regular,40,70,20,110,37,513,52,33,-11,89,63,Low
41122,West,Small Market,Colombian,Beans,Coffee,Oregon,Regular,50,90,40,140,47,474,67,15,8,114,59,Medium
41122,West,Small Market,Chamomile,Leaves,Herbal Tea,Oregon,Decaf,20,30,30,50,25,826,37,7,19,62,18,Low
41122,West,Small Market,Lemon,Leaves,Herbal Tea,Oregon,Decaf,50,80,60,130,68,587,87,22,53,155,34,Medium
41122,West,Small Market,Darjeeling,Leaves,Tea,Oregon,Regular,10,10,10,20,16,484,25,4,9,41,16,Low
41122,West,Small Market,Earl Grey,Leaves,Tea,Oregon,Regular,70,120,80,190,114,810,172,37,104,286,68,High
41122,West,Small Market,Green Tea,Leaves,Tea,Oregon,Regular,70,110,70,180,116,678,161,35,102,277,59,High
41122,West,Small Market,Decaf Irish Cream,Beans,Coffee,Oregon,Decaf,40,60,40,100,34,428,51,10,19,85,32,Low
41122,West,Small Market,Caffe Latte,Beans,Espresso,Oregon,Regular,40,60,20,100,49,414,60,18,9,109,51,Low
41122,West,Small Market,Caffe Mocha,Beans,Espresso,Oregon,Regular,40,60,30,100,46,415,62,15,19,108,43,Low
41122,West,Small Market,Decaf Espresso,Beans,Espresso,Oregon,Decaf,130,140,90,270,145,1292,146,40,81,291,65,High
41122,West,Small Market,Chamomile,Leaves,Herbal Tea,Washington,Decaf,70,120,80,190,90,1139,135,29,75,225,60,High
41122,West,Small Market,Lemon,Leaves,Herbal Tea,Washington,Decaf,40,60,50,100,48,839,70,13,45,118,25,Medium
41122,West,Small Market,Darjeeling,Leaves,Tea,Washington,Regular,30,50,30,80,47,366,79,14,42,126,37,Medium
41122,West,Small Market,Earl Grey,Leaves,Tea,Washington,Regular,20,40,30,60,36,458,54,11,20,90,34,Low
41122,West,Small Market,Green Tea,Leaves,Tea,Washington,Regular,20,50,10,70,44,617,61,39,-8,105,69,Low
41122,West,Small Market,Colombian,Beans,Coffee,Washington,Regular,100,160,120,260,86,454,125,27,76,211,49,High
41122,West,Small Market,Decaf Irish Cream,Beans,Coffee,Washington,Decaf,160,230,100,390,133,705,184,120,34,317,150,High
41122,West,Small Market,Caffe Latte,Beans,Espresso,Washington,Regular,20,40,30,60,30,581,39,9,17,69,22,Low
41122,West,Small Market,Caffe Mocha,Beans,Espresso,Washington,Regular,60,70,20,130,63,397,77,23,20,140,57,Medium
41122,West,Small Market,Decaf Espresso,Beans,Espresso,Washington,Decaf,90,120,90,210,103,1073,123,31,71,226,52,High
41153,Central,Major Market,Chamomile,Leaves,Herbal Tea,Colorado,Decaf,130,140,90,270,155,1280,155,43,87,310,68,High
41153,Central,Major Market,Lemon,Leaves,Herbal Tea,Colorado,Decaf,40,70,20,110,52,509,74,47,-2,126,76,Medium
41153,Central,Major Market,Mint,Leaves,Herbal Tea,Colorado,Decaf,40,70,40,110,53,410,72,17,27,125,45,Medium
41153,Central,Major Market,Darjeeling,Leaves,Tea,Colorado,Regular,30,50,10,80,45,409,57,17,7,102,50,Low
41153,Central,Major Market,Earl Grey,Leaves,Tea,Colorado,Regular,40,50,20,90,51,1042,62,15,25,113,37,Low
41153,Central,Major Market,Green Tea,Leaves,Tea,Colorado,Regular,50,70,50,120,61,579,79,20,47,140,32,Medium
41153,Central,Major Market,Caffe Mocha,Beans,Espresso,Colorado,Regular,90,140,110,230,81,588,118,22,84,199,34,High
41153,Central,Major Market,Decaf Espresso,Beans,Espresso,Colorado,Decaf,60,110,60,170,60,656,90,19,39,150,51,Medium
41153,Central,Major Market,Amaretto,Beans,Coffee,Colorado,Regular,130,180,140,310,123,928,179,34,134,302,45,High
41153,Central,Major Market,Colombian,Beans,Coffee,Colorado,Regular,60,70,50,130,58,548,74,19,42,132,32,Medium
41153,Central,Major Market,Decaf Irish Cream,Beans,Coffee,Colorado,Decaf,100,150,120,250,100,981,145,28,106,245,39,High
41153,Central,Major Market,Chamomile,Leaves,Herbal Tea,Illinois,Decaf,100,160,140,260,123,928,179,34,133,302,46,High
41153,Central,Major Market,Lemon,Leaves,Herbal Tea,Illinois,Decaf,40,70,50,110,58,548,74,19,43,132,31,Medium
41153,Central,Major Market,Mint,Leaves,Herbal Tea,Illinois,Decaf,80,130,110,210,100,981,145,28,106,245,39,High
41153,Central,Major Market,Darjeeling,Leaves,Tea,Illinois,Regular,60,110,80,170,81,588,118,22,84,199,34,High
41153,Central,Major Market,Earl Grey,Leaves,Tea,Illinois,Regular,50,80,40,130,60,656,90,19,40,150,50,Medium
41153,Central,Major Market,Caffe Mocha,Beans,Espresso,Illinois,Regular,290,400,280,690,253,1686,336,83,220,589,116,High
41153,Central,Major Market,Decaf Espresso,Beans,Espresso,Illinois,Decaf,280,300,210,580,249,1775,249,69,155,498,94,High
41153,Central,Major Market,Colombian,Beans,Coffee,Illinois,Regular,170,230,140,400,162,1148,225,53,129,387,96,High
41153,Central,Major Market,Decaf Irish Cream,Beans,Coffee,Illinois,Decaf,120,190,140,310,122,801,176,39,115,298,61,High
41153,Central,Small Market,Chamomile,Leaves,Herbal Tea,Iowa,Decaf,210,300,210,510,253,1686,336,83,220,589,116,High
41153,Central,Small Market,Lemon,Leaves,Herbal Tea,Iowa,Decaf,100,160,120,260,122,801,176,39,115,298,61,High
41153,Central,Small Market,Darjeeling,Leaves,Tea,Iowa,Regular,210,220,140,430,249,1775,249,69,155,498,94,High
41153,Central,Small Market,Earl Grey,Leaves,Tea,Iowa,Regular,250,340,210,590,302,1783,370,114,223,672,147,High
41153,Central,Small Market,Caffe Mocha,Beans,Espresso,Iowa,Regular,20,40,30,60,23,803,35,6,18,58,17,Low
41153,Central,Small Market,Decaf Espresso,Beans,Espresso,Iowa,Decaf,0,50,40,50,0,473,43,0,32,43,11,Low
41153,Central,Small Market,Amaretto,Beans,Coffee,Iowa,Regular,20,30,20,50,19,848,29,5,13,48,16,Low
41153,Central,Small Market,Colombian,Beans,Coffee,Iowa,Regular,30,40,20,70,33,1003,39,10,7,72,32,Low
41153,Central,Small Market,Decaf Irish Cream,Beans,Coffee,Iowa,Decaf,10,20,10,30,15,600,20,4,3,35,17,Low
41153,Central,Small Market,Chamomile,Leaves,Herbal Tea,Missouri,Decaf,30,60,10,90,44,325,62,40,-7,106,69,Low
41153,Central,Small Market,Lemon,Leaves,Herbal Tea,Missouri,Decaf,80,20,-10,100,104,1574,11,32,-44,115,55,Medium
41153,Central,Small Market,Darjeeling,Leaves,Tea,Missouri,Regular,30,50,20,80,39,248,52,12,13,91,39,Low
41153,Central,Small Market,Earl Grey,Leaves,Tea,Missouri,Regular,20,20,-10,40,24,212,30,9,-12,54,42,Low
41153,Central,Small Market,Green Tea,Leaves,Tea,Missouri,Regular,30,50,10,80,40,244,51,15,2,91,49,Low
41153,Central,Small Market,Caffe Mocha,Beans,Espresso,Missouri,Regular,50,70,50,120,44,886,64,12,41,108,23,Low
41153,Central,Small Market,Decaf Espresso,Beans,Espresso,Missouri,Decaf,30,60,50,90,32,837,47,8,27,79,20,Low
41153,Central,Small Market,Colombian,Beans,Coffee,Missouri,Regular,70,80,30,150,67,599,83,25,25,150,58,Medium
41153,Central,Small Market,Decaf Irish Cream,Beans,Coffee,Missouri,Decaf,60,80,50,140,62,1059,74,19,34,136,40,Medium
41153,Central,Major Market,Chamomile,Leaves,Herbal Tea,Ohio,Decaf,10,30,30,40,20,482,30,5,14,50,16,Low
41153,Central,Major Market,Lemon,Leaves,Herbal Tea,Ohio,Decaf,20,40,40,60,29,862,43,8,23,72,20,Low
41153,Central,Major Market,Darjeeling,Leaves,Tea,Ohio,Regular,80,130,70,210,99,798,150,32,87,249,63,High
41153,Central,Major Market,Earl Grey,Leaves,Tea,Ohio,Regular,80,120,80,200,96,666,134,29,81,230,53,High
41153,Central,Major Market,Caffe Mocha,Beans,Espresso,Ohio,Regular,170,190,130,360,155,1280,155,43,87,310,68,High
41153,Central,Major Market,Decaf Espresso,Beans,Espresso,Ohio,Decaf,50,70,30,120,45,409,57,17,6,102,51,Low
41153,Central,Major Market,Amaretto,Beans,Coffee,Ohio,Regular,50,80,50,130,53,410,72,17,28,125,44,Medium
41153,Central,Major Market,Colombian,Beans,Coffee,Ohio,Regular,40,70,40,110,43,424,64,13,29,107,35,Low
41153,Central,Major Market,Decaf Irish Cream,Beans,Coffee,Ohio,Decaf,50,80,20,130,52,509,74,47,-3,126,77,Medium
41153,Central,Small Market,Chamomile,Leaves,Herbal Tea,Wisconsin,Decaf,40,90,70,130,57,349,94,17,53,151,41,Medium
41153,Central,Small Market,Lemon,Leaves,Herbal Tea,Wisconsin,Decaf,40,70,60,110,51,857,75,14,50,126,25,Medium
41153,Central,Small Market,Darjeeling,Leaves,Tea,Wisconsin,Regular,30,60,30,90,46,454,67,14,31,113,36,Low
41153,Central,Small Market,Earl Grey,Leaves,Tea,Wisconsin,Regular,50,80,10,130,62,612,87,56,2,149,85,Medium
41153,Central,Small Market,Caffe Mocha,Beans,Espresso,Wisconsin,Regular,90,120,80,210,83,1063,99,25,53,182,46,Medium
41153,Central,Small Market,Decaf Espresso,Beans,Espresso,Wisconsin,Decaf,30,50,30,80,33,577,43,10,21,76,22,Low
41153,Central,Small Market,Amaretto,Beans,Coffee,Wisconsin,Regular,70,80,30,150,67,391,82,25,23,149,59,Medium
41153,Central,Small Market,Colombian,Beans,Coffee,Wisconsin,Regular,90,140,40,230,93,692,130,84,16,223,114,High
41153,Central,Small Market,Decaf Irish Cream,Beans,Coffee,Wisconsin,Decaf,90,110,70,200,85,555,114,28,58,199,56,High
41153,East,Small Market,Darjeeling,Leaves,Tea,Connecticut,Regular,40,70,50,110,44,886,64,12,41,108,23,Low
41153,East,Small Market,Green Tea,Leaves,Tea,Connecticut,Regular,20,40,30,60,23,809,34,6,17,57,17,Low
41153,East,Small Market,Lemon,Leaves,Herbal Tea,Connecticut,Decaf,50,60,20,110,67,599,83,25,24,150,59,Medium
41153,East,Small Market,Mint,Leaves,Herbal Tea,Connecticut,Decaf,40,60,40,100,62,1059,74,19,33,136,41,Medium
41153,East,Small Market,Caffe Mocha,Beans,Espresso,Connecticut,Regular,50,90,20,140,62,612,87,56,2,149,85,Medium
41153,East,Small Market,Decaf Espresso,Beans,Espresso,Connecticut,Decaf,40,70,40,110,48,380,65,15,23,113,42,Low
41153,East,Small Market,Colombian,Beans,Coffee,Connecticut,Regular,90,150,110,240,103,1130,155,33,91,258,64,High
41153,East,Major Market,Darjeeling,Leaves,Tea,Florida,Regular,30,60,50,90,35,875,52,9,32,87,20,Low
41153,East,Major Market,Green Tea,Leaves,Tea,Florida,Regular,50,80,60,130,51,857,75,14,49,126,26,Medium
41153,East,Major Market,Chamomile,Leaves,Herbal Tea,Florida,Decaf,20,30,20,50,33,577,43,10,21,76,22,Low
41153,East,Major Market,Lemon,Leaves,Herbal Tea,Florida,Decaf,50,60,20,110,67,391,82,25,24,149,58,Medium
41153,East,Major Market,Mint,Leaves,Herbal Tea,Florida,Decaf,60,80,50,140,83,1063,99,25,53,182,46,Medium
41153,East,Major Market,Decaf Espresso,Beans,Espresso,Florida,Decaf,80,110,70,190,85,555,114,28,58,199,56,High
41153,East,Major Market,Caffe Mocha,Beans,Espresso,Florida,Regular,80,130,40,210,93,692,130,84,17,223,113,High
41153,East,Major Market,Colombian,Beans,Coffee,Florida,Regular,90,140,100,230,99,798,150,32,86,249,64,High
41153,East,Major Market,Decaf Irish Cream,Beans,Coffee,Florida,Decaf,90,120,80,210,96,666,134,29,81,230,53,High
41153,East,Major Market,Darjeeling,Leaves,Tea,Massachusetts,Regular,30,40,30,70,29,862,43,8,23,72,20,Low
41153,East,Major Market,Green Tea,Leaves,Tea,Massachusetts,Regular,20,30,20,50,20,482,30,5,13,50,17,Low
41153,East,Major Market,Lemon,Leaves,Herbal Tea,Massachusetts,Decaf,30,40,10,70,45,409,57,17,6,102,51,Low
41153,East,Major Market,Regular Espresso,Beans,Espresso,Massachusetts,Regular,140,160,100,300,155,1280,155,43,87,310,68,High
41153,East,Major Market,Caffe Mocha,Beans,Espresso,Massachusetts,Regular,40,50,-10,90,52,520,46,47,-31,98,77,Low
41153,East,Major Market,Colombian,Beans,Coffee,Massachusetts,Regular,50,490,460,540,60,-2572,516,19,465,576,51,High
41153,East,Small Market,Darjeeling,Leaves,Tea,New Hampshire,Regular,20,30,20,50,19,848,29,5,12,48,17,Low
41153,East,Small Market,Green Tea,Leaves,Tea,New Hampshire,Regular,0,40,30,40,0,473,43,0,31,43,12,Low
41153,East,Small Market,Lemon,Leaves,Herbal Tea,New Hampshire,Decaf,30,40,10,70,40,244,51,15,2,91,49,Low
41153,East,Small Market,Regular Espresso,Beans,Espresso,New Hampshire,Regular,20,30,0,50,24,212,30,9,-12,54,42,Low
41153,East,Small Market,Caffe Mocha,Beans,Espresso,New Hampshire,Regular,40,60,10,100,44,325,62,40,-7,106,69,Low
41153,East,Small Market,Amaretto,Beans,Coffee,New Hampshire,Regular,40,70,50,110,49,315,71,15,33,120,38,Medium
41153,East,Small Market,Colombian,Beans,Coffee,New Hampshire,Regular,50,80,50,130,55,453,84,18,34,139,50,Medium
41153,East,Major Market,Darjeeling,Leaves,Tea,New York,Regular,100,160,130,260,100,981,145,28,106,245,39,High
41153,East,Major Market,Earl Grey,Leaves,Tea,New York,Regular,130,190,150,320,123,928,179,34,133,302,46,High
41153,East,Major Market,Green Tea,Leaves,Tea,New York,Regular,80,130,100,210,81,588,118,22,84,199,34,High
41153,East,Major Market,Lemon,Leaves,Herbal Tea,New York,Decaf,220,200,90,420,302,1518,239,114,92,541,147,High
41153,East,Major Market,Mint,Leaves,Herbal Tea,New York,Decaf,190,-110,-180,80,251,3948,-139,77,-238,112,99,Low
41153,East,Major Market,Regular Espresso,Beans,Espresso,New York,Regular,230,320,240,550,249,1286,318,69,224,567,94,High
41153,East,Major Market,Caffe Mocha,Beans,Espresso,New York,Regular,110,-50,-180,60,121,2932,-53,110,-197,68,144,Low
41153,East,Major Market,Colombian,Beans,Coffee,New York,Regular,300,450,320,750,316,2580,474,110,312,790,162,High
41153,South,Small Market,Decaf Irish Cream,Beans,Coffee,Louisiana,Decaf,60,90,70,150,51,857,75,14,50,126,25,Medium
41153,South,Small Market,Colombian,Beans,Coffee,Louisiana,Regular,60,80,60,140,48,834,71,13,46,119,25,Medium
41153,South,Small Market,Chamomile,Leaves,Herbal Tea,Louisiana,Decaf,60,90,60,150,69,572,90,22,55,159,35,Medium
41153,South,Small Market,Lemon,Leaves,Herbal Tea,Louisiana,Decaf,60,80,30,140,67,599,83,25,25,150,58,Medium
41153,South,Small Market,Caffe Latte,Beans,Espresso,Louisiana,Regular,50,70,0,120,62,-613,87,56,2,149,85,Medium
41153,South,Small Market,Caffe Mocha,Beans,Espresso,Louisiana,Regular,40,80,60,120,57,349,94,17,53,151,41,Medium
41153,South,Small Market,Decaf Espresso,Beans,Espresso,Louisiana,Decaf,30,60,40,90,46,454,67,14,31,113,36,Low
41153,South,Small Market,Decaf Irish Cream,Beans,Coffee,New Mexico,Decaf,130,10,-40,140,104,1574,11,32,-44,115,55,Medium
41153,South,Small Market,Colombian,Beans,Coffee,New Mexico,Regular,60,110,70,170,55,453,84,18,34,139,50,Medium
41153,South,Small Market,Chamomile,Leaves,Herbal Tea,New Mexico,Decaf,10,30,20,40,19,848,29,5,13,48,16,Low
41153,South,Small Market,Lemon,Leaves,Herbal Tea,New Mexico,Decaf,30,40,20,70,33,1003,39,10,8,72,31,Low
41153,South,Small Market,Caffe Latte,Beans,Espresso,New Mexico,Regular,20,20,0,40,24,-412,30,9,-12,54,42,Low
41153,South,Small Market,Caffe Mocha,Beans,Espresso,New Mexico,Regular,30,60,10,90,44,325,62,40,-8,106,70,Low
41153,South,Small Market,Decaf Espresso,Beans,Espresso,New Mexico,Decaf,30,40,10,70,39,248,52,12,13,91,39,Low
41153,South,Small Market,Decaf Irish Cream,Beans,Coffee,Oklahoma,Decaf,30,60,50,90,29,862,43,8,23,72,20,Low
41153,South,Small Market,Colombian,Beans,Coffee,Oklahoma,Regular,70,100,80,170,61,579,79,20,47,140,32,Medium
41153,South,Small Market,Chamomile,Leaves,Herbal Tea,Oklahoma,Decaf,60,80,30,140,67,391,82,25,24,149,58,Medium
41153,South,Small Market,Lemon,Leaves,Herbal Tea,Oklahoma,Decaf,80,130,40,210,93,692,130,84,16,223,114,High
41153,South,Small Market,Caffe Latte,Beans,Espresso,Oklahoma,Regular,80,110,80,190,96,-1555,134,29,82,230,52,High
41153,South,Small Market,Caffe Mocha,Beans,Espresso,Oklahoma,Regular,10,30,30,40,20,482,30,5,13,50,17,Low
41153,South,Small Market,Decaf Espresso,Beans,Espresso,Oklahoma,Decaf,80,130,80,210,99,798,150,32,87,249,63,High
41153,South,Major Market,Decaf Irish Cream,Beans,Coffee,Texas,Decaf,70,90,70,160,58,548,74,19,42,132,32,Medium
41153,South,Major Market,Colombian,Beans,Coffee,Texas,Regular,310,370,280,680,251,1268,295,77,197,546,98,High
41153,South,Major Market,Chamomile,Leaves,Herbal Tea,Texas,Decaf,50,70,40,120,53,410,72,17,27,125,45,Medium
41153,South,Major Market,Lemon,Leaves,Herbal Tea,Texas,Decaf,40,60,30,100,43,424,64,13,28,107,36,Low
41153,South,Major Market,Caffe Latte,Beans,Espresso,Texas,Regular,50,70,40,120,60,-718,90,19,39,150,51,Medium
41153,South,Major Market,Caffe Mocha,Beans,Espresso,Texas,Regular,100,150,120,250,123,928,179,34,134,302,45,High
41153,South,Major Market,Decaf Espresso,Beans,Espresso,Texas,Decaf,60,110,90,170,81,588,118,22,85,199,33,High
41153,West,Small Market,Amaretto,Beans,Coffee,Utah,Regular,70,100,70,170,62,1059,74,19,33,136,41,Medium
41153,West,Small Market,Colombian,Beans,Coffee,Utah,Regular,60,80,50,140,48,380,65,15,22,113,43,Low
41153,West,Small Market,Chamomile,Leaves,Herbal Tea,Utah,Decaf,40,60,40,100,49,315,71,15,34,120,37,Medium
41153,West,Small Market,Lemon,Leaves,Herbal Tea,Utah,Decaf,40,80,50,120,55,453,84,18,34,139,50,Medium
41153,West,Small Market,Mint,Leaves,Herbal Tea,Utah,Decaf,80,20,-20,100,104,1574,11,32,-45,115,56,Medium
41153,West,Small Market,Darjeeling,Leaves,Tea,Utah,Regular,20,50,10,70,44,325,62,40,-7,106,69,Low
41153,West,Small Market,Earl Grey,Leaves,Tea,Utah,Regular,20,40,20,60,39,248,52,12,12,91,40,Low
41153,West,Small Market,Green Tea,Leaves,Tea,Utah,Regular,10,20,0,30,24,212,30,9,-13,54,43,Low
41153,West,Small Market,Decaf Irish Cream,Beans,Coffee,Utah,Decaf,80,100,50,180,67,599,83,25,24,150,59,Medium
41153,West,Small Market,Caffe Latte,Beans,Espresso,Utah,Regular,30,40,30,70,32,837,47,8,27,79,20,Low
41153,West,Small Market,Caffe Mocha,Beans,Espresso,Utah,Regular,60,90,60,150,69,572,90,22,56,159,34,Medium
41153,West,Small Market,Decaf Espresso,Beans,Espresso,Utah,Decaf,40,60,40,100,44,886,64,12,40,108,24,Low
41153,West,Major Market,Amaretto,Beans,Coffee,California,Regular,150,-20,-70,130,122,2378,-13,39,-74,109,61,Low
41153,West,Major Market,Colombian,Beans,Coffee,California,Regular,390,590,450,980,316,2580,474,110,313,790,161,High
41153,West,Major Market,Chamomile,Leaves,Herbal Tea,California,Decaf,80,130,110,210,100,981,145,28,105,245,40,High
41153,West,Major Market,Lemon,Leaves,Herbal Tea,California,Decaf,210,270,200,480,251,1268,295,77,196,546,99,High
41153,West,Major Market,Mint,Leaves,Herbal Tea,California,Decaf,40,70,50,110,58,548,74,19,43,132,31,Medium
41153,West,Major Market,Darjeeling,Leaves,Tea,California,Regular,80,120,100,200,123,928,179,34,134,302,45,High
41153,West,Major Market,Earl Grey,Leaves,Tea,California,Regular,50,80,70,130,81,588,118,22,84,199,34,High
41153,West,Major Market,Green Tea,Leaves,Tea,California,Regular,30,70,40,100,60,656,90,19,39,150,51,Medium
41153,West,Major Market,Decaf Irish Cream,Beans,Coffee,California,Decaf,200,-30,-120,170,162,3421,-24,53,-120,138,96,Medium
41153,West,Major Market,Caffe Latte,Beans,Espresso,California,Regular,230,240,160,470,249,1775,249,69,156,498,93,High
41153,West,Major Market,Caffe Mocha,Beans,Espresso,California,Regular,110,160,30,270,121,910,169,110,26,290,143,High
41153,West,Major Market,Decaf Espresso,Beans,Espresso,California,Decaf,240,320,220,560,253,1686,336,83,220,589,116,High
41153,West,Small Market,Colombian,Beans,Coffee,Nevada,Regular,50,60,20,110,40,244,51,15,2,91,49,Low
41153,West,Small Market,Chamomile,Leaves,Herbal Tea,Nevada,Decaf,100,150,40,250,121,910,169,110,26,290,143,High
41153,West,Small Market,Lemon,Leaves,Herbal Tea,Nevada,Decaf,130,210,140,340,162,1148,225,53,129,387,96,High
41153,West,Small Market,Mint,Leaves,Herbal Tea,Nevada,Decaf,100,160,120,260,122,801,176,39,115,298,61,High
41153,West,Small Market,Darjeeling,Leaves,Tea,Nevada,Regular,160,240,170,400,253,1686,336,83,221,589,115,High
41153,West,Small Market,Earl Grey,Leaves,Tea,Nevada,Regular,160,170,110,330,249,1775,249,69,156,498,93,High
41153,West,Small Market,Green Tea,Leaves,Tea,Nevada,Regular,190,-190,-280,0,302,6413,-302,114,-430,19,147,Low
41153,West,Small Market,Decaf Irish Cream,Beans,Coffee,Nevada,Decaf,40,50,30,90,33,1003,39,10,7,72,32,Low
41153,West,Small Market,Caffe Latte,Beans,Espresso,Nevada,Regular,0,40,30,40,0,473,43,0,32,43,11,Low
41153,West,Small Market,Caffe Mocha,Beans,Espresso,Nevada,Regular,10,30,20,40,19,848,29,5,12,48,17,Low
41153,West,Small Market,Decaf Espresso,Beans,Espresso,Nevada,Decaf,20,30,20,50,23,803,35,6,17,58,18,Low
41153,West,Small Market,Amaretto,Beans,Coffee,Oregon,Regular,60,90,30,150,52,509,74,47,-3,126,77,Medium
41153,West,Small Market,Chamomile,Leaves,Herbal Tea,Oregon,Decaf,20,30,30,50,25,823,36,7,17,61,19,Low
41153,West,Small Market,Lemon,Leaves,Herbal Tea,Oregon,Decaf,50,70,50,120,61,579,79,20,47,140,32,Medium
41153,West,Small Market,Darjeeling,Leaves,Tea,Oregon,Regular,10,20,20,30,20,482,30,5,13,50,17,Low
41153,West,Small Market,Earl Grey,Leaves,Tea,Oregon,Regular,60,100,60,160,99,798,150,32,87,249,63,High
41153,West,Small Market,Green Tea,Leaves,Tea,Oregon,Regular,60,90,60,150,96,666,134,29,81,230,53,High
41153,West,Small Market,Colombian,Beans,Coffee,Oregon,Regular,70,100,50,170,57,469,80,18,18,137,62,Medium
41153,West,Small Market,Decaf Irish Cream,Beans,Coffee,Oregon,Decaf,50,80,50,130,43,424,64,13,28,107,36,Low
41153,West,Small Market,Caffe Latte,Beans,Espresso,Oregon,Regular,40,50,10,90,45,409,57,17,6,102,51,Low
41153,West,Small Market,Caffe Mocha,Beans,Espresso,Oregon,Regular,50,70,40,120,53,410,72,17,28,125,44,Medium
41153,West,Small Market,Decaf Espresso,Beans,Espresso,Oregon,Decaf,140,150,90,290,155,1280,155,43,87,310,68,High
41153,West,Small Market,Chamomile,Leaves,Herbal Tea,Washington,Decaf,80,140,100,220,103,1130,155,33,91,258,64,High
41153,West,Small Market,Lemon,Leaves,Herbal Tea,Washington,Decaf,40,60,50,100,48,834,71,13,47,119,24,Medium
41153,West,Small Market,Darjeeling,Leaves,Tea,Washington,Regular,30,70,40,100,57,349,94,17,54,151,40,Medium
41153,West,Small Market,Earl Grey,Leaves,Tea,Washington,Regular,30,40,30,70,46,454,67,14,31,113,36,Low
41153,West,Small Market,Green Tea,Leaves,Tea,Washington,Regular,40,60,10,100,62,612,87,56,2,149,85,Medium
41153,West,Small Market,Colombian,Beans,Coffee,Washington,Regular,80,120,80,200,68,445,99,21,56,167,43,Medium
41153,West,Small Market,Decaf Irish Cream,Beans,Coffee,Washington,Decaf,110,160,60,270,93,692,130,84,16,223,114,High
41153,West,Small Market,Caffe Latte,Beans,Espresso,Washington,Regular,30,40,30,70,33,577,43,10,21,76,22,Low
41153,West,Small Market,Caffe Mocha,Beans,Espresso,Washington,Regular,60,80,30,140,67,391,82,25,23,149,59,Medium
41153,West,Small Market,Decaf Espresso,Beans,Espresso,Washington,Decaf,70,100,70,170,83,1063,99,25,53,182,46,Medium
41183,Central,Major Market,Green Tea,Leaves,Tea,Colorado,Regular,50,90,80,140,90,572,115,29,74,205,41,High
41183,Central,Major Market,Chamomile,Leaves,Herbal Tea,Colorado,Decaf,120,140,110,260,161,1267,161,45,92,322,69,High
41183,Central,Major Market,Lemon,Leaves,Herbal Tea,Colorado,Decaf,30,60,30,90,51,503,71,46,-5,122,76,Medium
41183,Central,Major Market,Mint,Leaves,Herbal Tea,Colorado,Decaf,30,60,50,90,52,405,71,17,26,123,45,Medium
41183,Central,Major Market,Darjeeling,Leaves,Tea,Colorado,Regular,30,50,30,80,54,404,66,20,13,120,53,Medium
41183,Central,Major Market,Earl Grey,Leaves,Tea,Colorado,Regular,30,50,40,80,54,1037,64,16,27,118,37,Medium
41183,Central,Major Market,Decaf Espresso,Beans,Espresso,Colorado,Decaf,100,160,130,260,72,650,110,23,56,182,54,Medium
41183,Central,Major Market,Caffe Mocha,Beans,Espresso,Colorado,Regular,100,180,170,280,76,580,111,21,79,187,32,Medium
41183,Central,Major Market,Decaf Irish Cream,Beans,Coffee,Colorado,Decaf,100,160,150,260,108,971,157,30,116,265,41,High
41183,Central,Major Market,Amaretto,Beans,Coffee,Colorado,Regular,120,180,160,300,123,915,179,34,133,302,46,High
41183,Central,Major Market,Colombian,Beans,Coffee,Colorado,Regular,30,50,50,80,39,541,51,12,27,90,24,Low
41183,Central,Major Market,Chamomile,Leaves,Herbal Tea,Illinois,Decaf,90,150,140,240,123,915,179,34,133,302,46,High
41183,Central,Major Market,Lemon,Leaves,Herbal Tea,Illinois,Decaf,20,40,40,60,39,541,51,12,27,90,24,Low
41183,Central,Major Market,Mint,Leaves,Herbal Tea,Illinois,Decaf,80,130,120,210,108,971,157,30,116,265,41,High
41183,Central,Major Market,Darjeeling,Leaves,Tea,Illinois,Regular,50,80,80,130,76,580,111,21,78,187,33,Medium
41183,Central,Major Market,Earl Grey,Leaves,Tea,Illinois,Regular,50,80,50,130,72,650,110,23,55,182,55,Medium
41183,Central,Major Market,Decaf Espresso,Beans,Espresso,Illinois,Decaf,340,370,300,710,239,1755,239,66,149,478,90,High
41183,Central,Major Market,Caffe Mocha,Beans,Espresso,Illinois,Regular,370,520,420,890,257,1662,341,84,224,598,117,High
41183,Central,Major Market,Decaf Irish Cream,Beans,Coffee,Illinois,Decaf,110,190,160,300,122,789,176,39,115,298,61,High
41183,Central,Major Market,Colombian,Beans,Coffee,Illinois,Regular,150,220,160,370,154,1132,213,50,120,367,93,High
41183,Central,Small Market,Chamomile,Leaves,Herbal Tea,Iowa,Decaf,200,280,210,480,257,1662,341,84,224,598,117,High
41183,Central,Small Market,Lemon,Leaves,Herbal Tea,Iowa,Decaf,90,150,130,240,122,789,176,39,114,298,62,High
41183,Central,Small Market,Darjeeling,Leaves,Tea,Iowa,Regular,170,170,110,340,239,1755,239,66,149,478,90,High
41183,Central,Small Market,Earl Grey,Leaves,Tea,Iowa,Regular,170,230,130,400,255,1756,312,96,183,567,129,High
41183,Central,Small Market,Caffe Mocha,Beans,Espresso,Iowa,Regular,20,50,50,70,23,800,35,6,18,58,17,Low
41183,Central,Small Market,Decaf Espresso,Beans,Espresso,Iowa,Decaf,0,60,60,60,0,430,43,0,31,43,12,Low
41183,Central,Small Market,Decaf Irish Cream,Beans,Coffee,Iowa,Decaf,0,10,10,10,10,598,13,3,-2,23,15,Low
41183,Central,Small Market,Amaretto,Beans,Coffee,Iowa,Regular,10,30,30,40,21,846,31,5,15,52,16,Low
41183,Central,Small Market,Colombian,Beans,Coffee,Iowa,Regular,20,40,30,60,31,1000,37,9,7,68,30,Low
41183,Central,Small Market,Green Tea,Leaves,Tea,Missouri,Regular,10,30,10,40,34,240,43,12,-3,77,46,Low
41183,Central,Small Market,Chamomile,Leaves,Herbal Tea,Missouri,Decaf,20,60,30,80,45,320,64,41,-6,109,70,Low
41183,Central,Small Market,Lemon,Leaves,Herbal Tea,Missouri,Decaf,60,20,10,80,86,1698,23,26,-26,109,49,Low
41183,Central,Small Market,Darjeeling,Leaves,Tea,Missouri,Regular,20,40,30,60,39,244,53,12,13,92,40,Low
41183,Central,Small Market,Earl Grey,Leaves,Tea,Missouri,Regular,10,20,0,30,25,209,31,9,-11,56,42,Low
41183,Central,Small Market,Caffe Mocha,Beans,Espresso,Missouri,Regular,50,90,90,140,40,881,59,11,36,99,23,Low
41183,Central,Small Market,Decaf Espresso,Beans,Espresso,Missouri,Decaf,30,80,80,110,32,833,47,8,28,79,19,Low
41183,Central,Small Market,Decaf Irish Cream,Beans,Coffee,Missouri,Decaf,50,80,70,130,65,1053,77,20,35,142,42,Medium
41183,Central,Small Market,Colombian,Beans,Coffee,Missouri,Regular,70,100,70,170,79,593,98,30,35,177,63,Medium
41183,Central,Major Market,Darjeeling,Leaves,Tea,Ohio,Regular,50,90,60,140,82,788,123,27,65,205,58,High
41183,Central,Major Market,Earl Grey,Leaves,Tea,Ohio,Regular,50,100,80,150,91,656,127,28,76,218,51,High
41183,Central,Major Market,Chamomile,Leaves,Herbal Tea,Ohio,Decaf,0,30,30,30,21,480,32,5,16,53,16,Low
41183,Central,Major Market,Lemon,Leaves,Herbal Tea,Ohio,Decaf,10,30,30,40,27,859,39,7,20,66,19,Low
41183,Central,Major Market,Caffe Mocha,Beans,Espresso,Ohio,Regular,230,240,190,470,161,1267,161,45,92,322,69,High
41183,Central,Major Market,Decaf Espresso,Beans,Espresso,Ohio,Decaf,70,100,70,170,54,404,66,20,12,120,54,Medium
41183,Central,Major Market,Amaretto,Beans,Coffee,Ohio,Regular,40,70,60,110,52,405,71,17,26,123,45,Medium
41183,Central,Major Market,Colombian,Beans,Coffee,Ohio,Regular,30,70,60,100,43,419,64,13,28,107,36,Low
41183,Central,Major Market,Decaf Irish Cream,Beans,Coffee,Ohio,Decaf,40,70,30,110,51,503,71,46,-5,122,76,Medium
41183,Central,Small Market,Darjeeling,Leaves,Tea,Wisconsin,Regular,20,50,40,70,46,449,67,14,30,113,37,Low
41183,Central,Small Market,Earl Grey,Leaves,Tea,Wisconsin,Regular,40,50,0,90,60,606,84,54,0,144,84,Medium
41183,Central,Small Market,Chamomile,Leaves,Herbal Tea,Wisconsin,Decaf,40,80,80,120,60,329,99,18,57,159,42,Medium
41183,Central,Small Market,Lemon,Leaves,Herbal Tea,Wisconsin,Decaf,30,60,60,90,48,851,70,13,45,118,25,Medium
41183,Central,Small Market,Caffe Mocha,Beans,Espresso,Wisconsin,Regular,110,140,120,250,80,1055,94,24,48,174,46,Medium
41183,Central,Small Market,Decaf Espresso,Beans,Espresso,Wisconsin,Decaf,20,50,50,70,22,573,29,7,10,51,19,Low
41183,Central,Small Market,Amaretto,Beans,Coffee,Wisconsin,Regular,40,80,50,120,56,385,70,21,15,126,55,Medium
41183,Central,Small Market,Colombian,Beans,Coffee,Wisconsin,Regular,90,140,60,230,96,683,134,87,18,230,116,High
41183,Central,Small Market,Decaf Irish Cream,Beans,Coffee,Wisconsin,Decaf,80,120,100,200,86,547,116,28,61,202,55,High
41183,East,Small Market,Darjeeling,Leaves,Tea,Connecticut,Regular,40,60,50,100,40,881,59,11,36,99,23,Low
41183,East,Small Market,Green Tea,Leaves,Tea,Connecticut,Regular,20,40,40,60,24,806,36,6,18,60,18,Low
41183,East,Small Market,Lemon,Leaves,Herbal Tea,Connecticut,Decaf,40,50,30,90,79,593,98,30,34,177,64,Medium
41183,East,Small Market,Mint,Leaves,Herbal Tea,Connecticut,Decaf,30,50,50,80,65,1053,77,20,35,142,42,Medium
41183,East,Small Market,Caffe Mocha,Beans,Espresso,Connecticut,Regular,40,90,40,130,60,606,84,54,1,144,83,Medium
41183,East,Small Market,Decaf Espresso,Beans,Espresso,Connecticut,Decaf,30,60,50,90,47,375,64,15,21,111,43,Low
41183,East,Small Market,Colombian,Beans,Coffee,Connecticut,Regular,100,160,130,260,125,1119,188,41,115,313,73,High
41183,East,Major Market,Darjeeling,Leaves,Tea,Florida,Regular,40,60,50,100,38,871,56,10,35,94,21,Low
41183,East,Major Market,Green Tea,Leaves,Tea,Florida,Regular,50,70,60,120,48,851,70,13,46,118,24,Medium
41183,East,Major Market,Chamomile,Leaves,Herbal Tea,Florida,Decaf,0,20,20,20,22,573,29,7,10,51,19,Low
41183,East,Major Market,Lemon,Leaves,Herbal Tea,Florida,Decaf,30,30,20,60,56,385,70,21,16,126,54,Medium
41183,East,Major Market,Mint,Leaves,Herbal Tea,Florida,Decaf,40,50,40,90,80,1055,94,24,48,174,46,Medium
41183,East,Major Market,Caffe Mocha,Beans,Espresso,Florida,Regular,80,130,50,210,96,683,134,87,18,230,116,High
41183,East,Major Market,Decaf Espresso,Beans,Espresso,Florida,Decaf,70,110,90,180,86,547,116,28,60,202,56,High
41183,East,Major Market,Decaf Irish Cream,Beans,Coffee,Florida,Decaf,70,110,90,180,91,656,127,28,76,218,51,High
41183,East,Major Market,Colombian,Beans,Coffee,Florida,Regular,60,110,90,170,82,788,123,27,64,205,59,High
41183,East,Major Market,Darjeeling,Leaves,Tea,Massachusetts,Regular,20,50,50,70,27,859,39,7,20,66,19,Low
41183,East,Major Market,Green Tea,Leaves,Tea,Massachusetts,Regular,20,30,30,50,21,480,32,5,15,53,17,Low
41183,East,Major Market,Lemon,Leaves,Herbal Tea,Massachusetts,Decaf,30,30,20,60,54,404,66,20,13,120,53,Medium
41183,East,Major Market,Caffe Mocha,Beans,Espresso,Massachusetts,Regular,30,70,30,100,51,542,65,46,-11,116,76,Medium
41183,East,Major Market,Regular Espresso,Beans,Espresso,Massachusetts,Regular,140,160,120,300,161,1267,161,45,92,322,69,High
41183,East,Major Market,Colombian,Beans,Coffee,Massachusetts,Regular,50,350,330,400,72,-3004,402,23,348,474,54,High
41183,East,Small Market,Darjeeling,Leaves,Tea,New Hampshire,Regular,20,30,30,50,21,846,31,5,14,52,17,Low
41183,East,Small Market,Green Tea,Leaves,Tea,New Hampshire,Regular,0,40,40,40,0,430,43,0,32,43,11,Low
41183,East,Small Market,Lemon,Leaves,Herbal Tea,New Hampshire,Decaf,10,30,20,40,34,240,43,12,-3,77,46,Low
41183,East,Small Market,Caffe Mocha,Beans,Espresso,New Hampshire,Regular,30,60,30,90,45,320,64,41,-7,109,71,Low
41183,East,Small Market,Regular Espresso,Beans,Espresso,New Hampshire,Regular,10,30,10,40,25,209,31,9,-12,56,43,Low
41183,East,Small Market,Colombian,Beans,Coffee,New Hampshire,Regular,30,60,50,90,45,447,69,14,24,114,45,Medium
41183,East,Small Market,Amaretto,Beans,Coffee,New Hampshire,Regular,30,60,60,90,49,310,71,15,33,120,38,Medium
41183,East,Major Market,Darjeeling,Leaves,Tea,New York,Regular,110,170,140,280,108,971,157,30,115,265,42,High
41183,East,Major Market,Earl Grey,Leaves,Tea,New York,Regular,130,190,160,320,123,915,179,34,134,302,45,High
41183,East,Major Market,Green Tea,Leaves,Tea,New York,Regular,80,120,100,200,76,580,111,21,78,187,33,Medium
41183,East,Major Market,Lemon,Leaves,Herbal Tea,New York,Decaf,140,150,70,290,255,1622,258,96,129,513,129,High
41183,East,Major Market,Mint,Leaves,Herbal Tea,New York,Decaf,130,-50,-100,80,239,4360,-75,74,-170,164,95,Medium
41183,East,Major Market,Caffe Mocha,Beans,Espresso,New York,Regular,110,-60,-170,50,125,3142,-56,113,-202,69,146,Low
41183,East,Major Market,Regular Espresso,Beans,Espresso,New York,Regular,210,510,450,720,239,1197,526,66,435,765,91,High
41183,East,Major Market,Colombian,Beans,Coffee,New York,Regular,210,330,230,540,260,2548,390,91,247,650,143,High
41183,South,Small Market,Colombian,Beans,Coffee,Louisiana,Regular,70,90,80,160,48,829,71,13,47,119,24,Medium
41183,South,Small Market,Decaf Irish Cream,Beans,Coffee,Louisiana,Decaf,70,90,80,160,48,851,70,13,45,118,25,Medium
41183,South,Small Market,Chamomile,Leaves,Herbal Tea,Louisiana,Decaf,80,130,110,210,103,564,133,33,87,236,46,High
41183,South,Small Market,Lemon,Leaves,Herbal Tea,Louisiana,Decaf,60,90,60,150,79,593,98,30,34,177,64,Medium
41183,South,Small Market,Caffe Latte,Beans,Espresso,Louisiana,Regular,30,60,10,90,60,-762,84,54,1,144,83,Medium
41183,South,Small Market,Caffe Mocha,Beans,Espresso,Louisiana,Regular,30,70,70,100,60,329,99,18,58,159,41,Medium
41183,South,Small Market,Decaf Espresso,Beans,Espresso,Louisiana,Decaf,20,40,40,60,46,449,67,14,30,113,37,Low
41183,South,Small Market,Colombian,Beans,Coffee,New Mexico,Regular,50,110,80,160,45,447,69,14,23,114,46,Medium
41183,South,Small Market,Decaf Irish Cream,Beans,Coffee,New Mexico,Decaf,110,40,10,150,86,1698,23,26,-26,109,49,Low
41183,South,Small Market,Chamomile,Leaves,Herbal Tea,New Mexico,Decaf,10,30,30,40,21,846,31,5,14,52,17,Low
41183,South,Small Market,Lemon,Leaves,Herbal Tea,New Mexico,Decaf,10,40,30,50,31,1000,37,9,6,68,31,Low
41183,South,Small Market,Caffe Latte,Beans,Espresso,New Mexico,Regular,10,20,10,30,25,-466,31,9,-12,56,43,Low
41183,South,Small Market,Caffe Mocha,Beans,Espresso,New Mexico,Regular,20,40,10,60,45,320,64,41,-6,109,70,Low
41183,South,Small Market,Decaf Espresso,Beans,Espresso,New Mexico,Decaf,20,30,20,50,39,244,53,12,14,92,39,Low
41183,South,Small Market,Colombian,Beans,Coffee,Oklahoma,Regular,130,160,140,290,90,572,115,29,74,205,41,High
41183,South,Small Market,Decaf Irish Cream,Beans,Coffee,Oklahoma,Decaf,30,60,60,90,27,859,39,7,21,66,18,Low
41183,South,Small Market,Chamomile,Leaves,Herbal Tea,Oklahoma,Decaf,40,70,50,110,56,385,70,21,16,126,54,Medium
41183,South,Small Market,Lemon,Leaves,Herbal Tea,Oklahoma,Decaf,80,120,40,200,96,683,134,87,17,230,117,High
41183,South,Small Market,Caffe Latte,Beans,Espresso,Oklahoma,Regular,50,80,70,130,91,-1785,127,28,76,218,51,High
41183,South,Small Market,Caffe Mocha,Beans,Espresso,Oklahoma,Regular,0,30,30,30,21,480,32,5,15,53,17,Low
41183,South,Small Market,Decaf Espresso,Beans,Espresso,Oklahoma,Decaf,50,80,60,130,82,788,123,27,65,205,58,High
41183,South,Major Market,Colombian,Beans,Coffee,Texas,Regular,350,420,340,770,239,1246,281,74,185,520,96,High
41183,South,Major Market,Decaf Irish Cream,Beans,Coffee,Texas,Decaf,40,90,80,130,39,541,51,12,26,90,25,Low
41183,South,Major Market,Chamomile,Leaves,Herbal Tea,Texas,Decaf,30,80,70,110,52,405,71,17,26,123,45,Medium
41183,South,Major Market,Lemon,Leaves,Herbal Tea,Texas,Decaf,30,60,50,90,43,419,64,13,28,107,36,Low
41183,South,Major Market,Caffe Latte,Beans,Espresso,Texas,Regular,40,70,50,110,72,-868,110,23,55,182,55,Medium
41183,South,Major Market,Caffe Mocha,Beans,Espresso,Texas,Regular,70,120,100,190,123,915,179,34,133,302,46,High
41183,South,Major Market,Decaf Espresso,Beans,Espresso,Texas,Decaf,40,80,80,120,76,580,111,21,78,187,33,Medium
41183,West,Small Market,Chamomile,Leaves,Herbal Tea,Utah,Decaf,30,60,60,90,49,310,71,15,33,120,38,Medium
41183,West,Small Market,Lemon,Leaves,Herbal Tea,Utah,Decaf,20,70,60,90,45,447,69,14,23,114,46,Medium
41183,West,Small Market,Mint,Leaves,Herbal Tea,Utah,Decaf,60,20,0,80,86,1698,23,26,-27,109,50,Low
41183,West,Small Market,Darjeeling,Leaves,Tea,Utah,Regular,10,40,20,50,45,320,64,41,-6,109,70,Low
41183,West,Small Market,Earl Grey,Leaves,Tea,Utah,Regular,10,30,20,40,39,244,53,12,14,92,39,Low
41183,West,Small Market,Green Tea,Leaves,Tea,Utah,Regular,0,20,10,20,25,209,31,9,-12,56,43,Low
41183,West,Small Market,Amaretto,Beans,Coffee,Utah,Regular,90,110,90,200,65,1053,77,20,36,142,41,Medium
41183,West,Small Market,Colombian,Beans,Coffee,Utah,Regular,50,100,80,150,47,375,64,15,22,111,42,Low
41183,West,Small Market,Decaf Irish Cream,Beans,Coffee,Utah,Decaf,100,160,120,260,79,593,98,30,34,177,64,Medium
41183,West,Small Market,Caffe Latte,Beans,Espresso,Utah,Regular,20,40,40,60,32,833,47,8,28,79,19,Low
41183,West,Small Market,Caffe Mocha,Beans,Espresso,Utah,Regular,80,130,110,210,103,564,133,33,87,236,46,High
41183,West,Small Market,Decaf Espresso,Beans,Espresso,Utah,Decaf,20,60,60,80,40,881,59,11,37,99,22,Low
41183,West,Major Market,Chamomile,Leaves,Herbal Tea,California,Decaf,80,130,120,210,108,971,157,30,115,265,42,High
41183,West,Major Market,Lemon,Leaves,Herbal Tea,California,Decaf,190,220,170,410,239,1246,281,74,186,520,95,High
41183,West,Major Market,Mint,Leaves,Herbal Tea,California,Decaf,20,40,40,60,39,541,51,12,26,90,25,Low
41183,West,Major Market,Darjeeling,Leaves,Tea,California,Regular,50,90,80,140,123,915,179,34,134,302,45,High
41183,West,Major Market,Earl Grey,Leaves,Tea,California,Regular,30,50,50,80,76,580,111,21,79,187,32,Medium
41183,West,Major Market,Green Tea,Leaves,Tea,California,Regular,20,60,50,80,72,650,110,23,56,182,54,Medium
41183,West,Major Market,Amaretto,Beans,Coffee,California,Regular,170,-20,-60,150,122,2555,-13,39,-74,109,61,Low
41183,West,Major Market,Colombian,Beans,Coffee,California,Regular,380,580,470,960,260,2548,390,91,247,650,143,High
41183,West,Major Market,Decaf Irish Cream,Beans,Coffee,California,Decaf,220,-30,-100,190,154,3654,-24,50,-117,130,93,Medium
41183,West,Major Market,Caffe Latte,Beans,Espresso,California,Regular,210,220,160,430,239,1755,239,66,149,478,90,High
41183,West,Major Market,Caffe Mocha,Beans,Espresso,California,Regular,110,160,50,270,125,898,173,113,27,298,146,High
41183,West,Major Market,Decaf Espresso,Beans,Espresso,California,Decaf,230,320,240,550,257,1662,341,84,225,598,116,High
41183,West,Small Market,Chamomile,Leaves,Herbal Tea,Nevada,Decaf,90,150,60,240,125,898,173,113,26,298,147,High
41183,West,Small Market,Lemon,Leaves,Herbal Tea,Nevada,Decaf,120,170,120,290,154,1132,213,50,120,367,93,High
41183,West,Small Market,Mint,Leaves,Herbal Tea,Nevada,Decaf,90,150,130,240,122,789,176,39,114,298,62,High
41183,West,Small Market,Darjeeling,Leaves,Tea,Nevada,Regular,110,180,130,290,257,1662,341,84,224,598,117,High
41183,West,Small Market,Earl Grey,Leaves,Tea,Nevada,Regular,110,120,80,230,239,1755,239,66,149,478,90,High
41183,West,Small Market,Green Tea,Leaves,Tea,Nevada,Regular,110,-110,-170,0,255,7058,-255,96,-363,21,129,Low
41183,West,Small Market,Colombian,Beans,Coffee,Nevada,Regular,40,60,30,100,34,240,43,12,-2,77,45,Low
41183,West,Small Market,Decaf Irish Cream,Beans,Coffee,Nevada,Decaf,30,60,50,90,31,1000,37,9,7,68,30,Low
41183,West,Small Market,Caffe Latte,Beans,Espresso,Nevada,Regular,0,30,30,30,0,430,43,0,32,43,11,Low
41183,West,Small Market,Caffe Mocha,Beans,Espresso,Nevada,Regular,10,20,20,30,21,846,31,5,14,52,17,Low
41183,West,Small Market,Decaf Espresso,Beans,Espresso,Nevada,Decaf,10,30,30,40,23,800,35,6,17,58,18,Low
41183,West,Small Market,Chamomile,Leaves,Herbal Tea,Oregon,Decaf,10,30,30,40,25,820,36,7,17,61,19,Low
41183,West,Small Market,Lemon,Leaves,Herbal Tea,Oregon,Decaf,60,100,90,160,90,572,115,29,73,205,42,High
41183,West,Small Market,Darjeeling,Leaves,Tea,Oregon,Regular,0,20,20,20,21,480,32,5,16,53,16,Low
41183,West,Small Market,Earl Grey,Leaves,Tea,Oregon,Regular,30,60,50,90,82,788,123,27,64,205,59,High
41183,West,Small Market,Green Tea,Leaves,Tea,Oregon,Regular,40,60,50,100,91,656,127,28,76,218,51,High
41183,West,Small Market,Amaretto,Beans,Coffee,Oregon,Regular,70,100,50,170,51,503,71,46,-5,122,76,Medium
41183,West,Small Market,Colombian,Beans,Coffee,Oregon,Regular,80,130,90,210,60,463,84,19,21,144,63,Medium
41183,West,Small Market,Decaf Irish Cream,Beans,Coffee,Oregon,Decaf,50,100,80,150,43,419,64,13,29,107,35,Low
41183,West,Small Market,Caffe Latte,Beans,Espresso,Oregon,Regular,40,60,40,100,54,404,66,20,12,120,54,Medium
41183,West,Small Market,Caffe Mocha,Beans,Espresso,Oregon,Regular,30,70,60,100,52,405,71,17,27,123,44,Medium
41183,West,Small Market,Decaf Espresso,Beans,Espresso,Oregon,Decaf,140,150,110,290,161,1267,161,45,91,322,70,High
41183,West,Small Market,Chamomile,Leaves,Herbal Tea,Washington,Decaf,90,160,130,250,125,1119,188,41,115,313,73,High
41183,West,Small Market,Lemon,Leaves,Herbal Tea,Washington,Decaf,30,60,60,90,48,829,71,13,47,119,24,Medium
41183,West,Small Market,Darjeeling,Leaves,Tea,Washington,Regular,20,50,40,70,60,329,99,18,57,159,42,Medium
41183,West,Small Market,Earl Grey,Leaves,Tea,Washington,Regular,20,30,30,50,46,449,67,14,31,113,36,Low
41183,West,Small Market,Green Tea,Leaves,Tea,Washington,Regular,20,40,10,60,60,606,84,54,0,144,84,Medium
41183,West,Small Market,Colombian,Beans,Coffee,Washington,Regular,90,140,110,230,68,438,99,21,56,167,43,Medium
41183,West,Small Market,Decaf Irish Cream,Beans,Coffee,Washington,Decaf,140,190,100,330,96,683,134,87,17,230,117,High
41183,West,Small Market,Caffe Latte,Beans,Espresso,Washington,Regular,10,20,20,30,22,573,29,7,10,51,19,Low
41183,West,Small Market,Caffe Mocha,Beans,Espresso,Washington,Regular,40,70,50,110,56,385,70,21,16,126,54,Medium
41183,West,Small Market,Decaf Espresso,Beans,Espresso,Washington,Decaf,60,90,80,150,80,1055,94,24,48,174,46,Medium
41214,Central,Major Market,Green Tea,Leaves,Tea,Colorado,Regular,70,90,60,160,88,561,112,29,70,200,42,High
41214,Central,Major Market,Chamomile,Leaves,Herbal Tea,Colorado,Decaf,170,160,100,330,181,1283,182,50,107,363,75,High
41214,Central,Major Market,Lemon,Leaves,Herbal Tea,Colorado,Decaf,40,70,10,110,52,509,73,47,-4,125,77,Medium
41214,Central,Major Market,Mint,Leaves,Herbal Tea,Colorado,Decaf,50,70,40,120,59,411,79,19,32,138,47,Medium
41214,Central,Major Market,Darjeeling,Leaves,Tea,Colorado,Regular,40,60,20,100,55,410,69,20,15,124,54,Medium
41214,Central,Major Market,Earl Grey,Leaves,Tea,Colorado,Regular,40,60,30,100,57,1042,68,17,29,125,39,Medium
41214,Central,Major Market,Decaf Espresso,Beans,Espresso,Colorado,Decaf,90,150,100,240,75,659,114,24,58,189,56,Medium
41214,Central,Major Market,Caffe Mocha,Beans,Espresso,Colorado,Regular,60,90,70,150,50,589,73,14,48,123,25,Medium
41214,Central,Major Market,Decaf Irish Cream,Beans,Coffee,Colorado,Decaf,80,110,80,190,81,984,117,22,84,198,33,High
41214,Central,Major Market,Amaretto,Beans,Coffee,Colorado,Regular,110,170,130,280,118,930,172,33,128,290,44,High
41214,Central,Major Market,Colombian,Beans,Coffee,Colorado,Regular,30,60,40,90,40,536,52,13,27,92,25,Low
41214,Central,Major Market,Chamomile,Leaves,Herbal Tea,Illinois,Decaf,110,150,110,260,118,930,172,33,127,290,45,High
41214,Central,Major Market,Lemon,Leaves,Herbal Tea,Illinois,Decaf,30,50,30,80,40,536,52,13,27,92,25,Low
41214,Central,Major Market,Mint,Leaves,Herbal Tea,Illinois,Decaf,70,110,80,180,81,984,117,22,84,198,33,High
41214,Central,Major Market,Darjeeling,Leaves,Tea,Illinois,Regular,40,60,40,100,50,589,73,14,48,123,25,Medium
41214,Central,Major Market,Earl Grey,Leaves,Tea,Illinois,Regular,60,90,50,150,75,659,114,24,59,189,55,Medium
41214,Central,Major Market,Decaf Espresso,Beans,Espresso,Illinois,Decaf,270,270,200,540,211,1778,212,59,129,423,83,High
41214,Central,Major Market,Caffe Mocha,Beans,Espresso,Illinois,Regular,290,390,290,680,228,1691,304,75,196,532,108,High
41214,Central,Major Market,Decaf Irish Cream,Beans,Coffee,Illinois,Decaf,110,160,110,270,113,803,165,36,106,278,59,High
41214,Central,Major Market,Colombian,Beans,Coffee,Illinois,Regular,170,230,140,400,173,1150,239,57,139,412,100,High
41214,Central,Small Market,Chamomile,Leaves,Herbal Tea,Iowa,Decaf,210,280,180,490,228,1691,304,75,196,532,108,High
41214,Central,Small Market,Lemon,Leaves,Herbal Tea,Iowa,Decaf,100,150,100,250,113,803,165,36,107,278,58,High
41214,Central,Small Market,Darjeeling,Leaves,Tea,Iowa,Regular,170,180,110,350,211,1778,212,59,129,423,83,High
41214,Central,Small Market,Earl Grey,Leaves,Tea,Iowa,Regular,200,250,130,450,245,1784,300,93,173,545,127,High
41214,Central,Small Market,Caffe Mocha,Beans,Espresso,Iowa,Regular,20,50,40,70,22,802,34,6,16,56,18,Low
41214,Central,Small Market,Decaf Espresso,Beans,Espresso,Iowa,Decaf,0,50,40,50,0,387,43,0,31,43,12,Low
41214,Central,Small Market,Decaf Irish Cream,Beans,Coffee,Iowa,Decaf,0,20,10,20,10,596,13,3,-3,23,16,Low
41214,Central,Small Market,Amaretto,Beans,Coffee,Iowa,Regular,10,20,10,30,15,848,24,4,8,39,16,Low
41214,Central,Small Market,Colombian,Beans,Coffee,Iowa,Regular,20,40,20,60,29,1003,35,8,5,64,30,Low
41214,Central,Small Market,Green Tea,Leaves,Tea,Missouri,Regular,20,40,0,60,33,243,41,12,-4,74,45,Low
41214,Central,Small Market,Chamomile,Leaves,Herbal Tea,Missouri,Decaf,40,50,0,90,44,325,62,40,-8,106,70,Low
41214,Central,Small Market,Lemon,Leaves,Herbal Tea,Missouri,Decaf,70,40,0,110,82,1804,40,25,-9,122,49,Medium
41214,Central,Small Market,Darjeeling,Leaves,Tea,Missouri,Regular,20,40,10,60,35,248,47,11,9,82,38,Low
41214,Central,Small Market,Earl Grey,Leaves,Tea,Missouri,Regular,20,40,0,60,34,211,42,12,-3,76,45,Low
41214,Central,Small Market,Caffe Mocha,Beans,Espresso,Missouri,Regular,60,100,80,160,54,885,78,15,51,132,27,Medium
41214,Central,Small Market,Decaf Espresso,Beans,Espresso,Missouri,Decaf,40,60,50,100,33,836,48,9,27,81,21,Low
41214,Central,Small Market,Decaf Irish Cream,Beans,Coffee,Missouri,Decaf,60,80,40,140,69,1060,81,21,38,150,43,Medium
41214,Central,Small Market,Colombian,Beans,Coffee,Missouri,Regular,80,100,40,180,82,601,102,31,38,184,64,Medium
41214,Central,Major Market,Darjeeling,Leaves,Tea,Ohio,Regular,60,100,60,160,78,798,119,25,62,197,57,High
41214,Central,Major Market,Earl Grey,Leaves,Tea,Ohio,Regular,80,120,70,200,102,666,143,31,89,245,54,High
41214,Central,Major Market,Chamomile,Leaves,Herbal Tea,Ohio,Decaf,30,40,30,70,32,482,48,8,29,80,19,Low
41214,Central,Major Market,Lemon,Leaves,Herbal Tea,Ohio,Decaf,30,50,40,80,36,862,52,10,30,88,22,Low
41214,Central,Major Market,Caffe Mocha,Beans,Espresso,Ohio,Regular,230,230,170,460,181,1283,182,50,107,363,75,High
41214,Central,Major Market,Decaf Espresso,Beans,Espresso,Ohio,Decaf,70,80,40,150,55,410,69,20,16,124,53,Medium
41214,Central,Major Market,Amaretto,Beans,Coffee,Ohio,Regular,50,80,50,130,59,411,79,19,33,138,46,Medium
41214,Central,Major Market,Colombian,Beans,Coffee,Ohio,Regular,40,70,40,110,46,424,68,14,32,114,36,Medium
41214,Central,Major Market,Decaf Irish Cream,Beans,Coffee,Ohio,Decaf,50,70,10,120,52,509,73,47,-3,125,76,Medium
41214,Central,Small Market,Darjeeling,Leaves,Tea,Wisconsin,Regular,40,50,20,90,49,454,71,15,33,120,38,Medium
41214,Central,Small Market,Earl Grey,Leaves,Tea,Wisconsin,Regular,50,70,0,120,61,613,86,55,2,147,84,Medium
41214,Central,Small Market,Chamomile,Leaves,Herbal Tea,Wisconsin,Decaf,50,80,50,130,53,321,88,16,48,141,40,Medium
41214,Central,Small Market,Lemon,Leaves,Herbal Tea,Wisconsin,Decaf,20,50,40,70,31,856,47,8,27,78,20,Low
41214,Central,Small Market,Caffe Mocha,Beans,Espresso,Wisconsin,Regular,90,110,70,200,75,1063,89,23,45,164,44,Medium
41214,Central,Small Market,Decaf Espresso,Beans,Espresso,Wisconsin,Decaf,20,40,30,60,22,570,30,7,11,52,19,Low
41214,Central,Small Market,Amaretto,Beans,Coffee,Wisconsin,Regular,50,60,20,110,54,391,67,20,14,121,53,Medium
41214,Central,Small Market,Colombian,Beans,Coffee,Wisconsin,Regular,90,130,30,220,94,694,130,85,16,224,114,High
41214,Central,Small Market,Decaf Irish Cream,Beans,Coffee,Wisconsin,Decaf,70,100,60,170,77,557,103,25,51,180,52,Medium
41214,East,Small Market,Darjeeling,Leaves,Tea,Connecticut,Regular,50,80,60,130,54,885,78,15,51,132,27,Medium
41214,East,Small Market,Green Tea,Leaves,Tea,Connecticut,Regular,30,60,40,90,36,809,54,10,33,90,21,Low
41214,East,Small Market,Lemon,Leaves,Herbal Tea,Connecticut,Decaf,60,70,30,130,82,601,102,31,38,184,64,Medium
41214,East,Small Market,Mint,Leaves,Herbal Tea,Connecticut,Decaf,50,50,30,100,69,1060,81,21,38,150,43,Medium
41214,East,Small Market,Caffe Mocha,Beans,Espresso,Connecticut,Regular,60,80,10,140,61,613,86,55,2,147,84,Medium
41214,East,Small Market,Decaf Espresso,Beans,Espresso,Connecticut,Decaf,50,70,40,120,53,380,71,17,26,124,45,Medium
41214,East,Small Market,Colombian,Beans,Coffee,Connecticut,Regular,110,180,130,290,130,1134,195,42,122,325,73,High
41214,East,Major Market,Darjeeling,Leaves,Tea,Florida,Regular,20,50,40,70,28,875,42,7,23,70,19,Low
41214,East,Major Market,Green Tea,Leaves,Tea,Florida,Regular,30,50,40,80,31,856,47,8,28,78,19,Low
41214,East,Major Market,Chamomile,Leaves,Herbal Tea,Florida,Decaf,10,20,10,30,22,570,30,7,11,52,19,Low
41214,East,Major Market,Lemon,Leaves,Herbal Tea,Florida,Decaf,40,40,10,80,54,391,67,20,13,121,54,Medium
41214,East,Major Market,Mint,Leaves,Herbal Tea,Florida,Decaf,50,60,30,110,75,1063,89,23,44,164,45,Medium
41214,East,Major Market,Caffe Mocha,Beans,Espresso,Florida,Regular,90,120,20,210,94,694,130,85,15,224,115,High
41214,East,Major Market,Decaf Espresso,Beans,Espresso,Florida,Decaf,70,100,60,170,77,557,103,25,51,180,52,Medium
41214,East,Major Market,Colombian,Beans,Coffee,Florida,Regular,70,100,60,170,78,798,119,25,63,197,56,High
41214,East,Major Market,Decaf Irish Cream,Beans,Coffee,Florida,Decaf,90,130,90,220,102,666,143,31,89,245,54,High
41214,East,Major Market,Darjeeling,Leaves,Tea,Massachusetts,Regular,30,60,40,90,36,862,52,10,31,88,21,Low
41214,East,Major Market,Green Tea,Leaves,Tea,Massachusetts,Regular,30,50,40,80,32,482,48,8,29,80,19,Low
41214,East,Major Market,Lemon,Leaves,Herbal Tea,Massachusetts,Decaf,40,50,20,90,55,410,69,20,15,124,54,Medium
41214,East,Major Market,Caffe Mocha,Beans,Espresso,Massachusetts,Regular,50,60,0,110,52,554,68,47,-8,120,76,Medium
41214,East,Major Market,Regular Espresso,Beans,Espresso,Massachusetts,Regular,170,180,120,350,181,1283,182,50,108,363,74,High
41214,East,Major Market,Colombian,Beans,Coffee,Massachusetts,Regular,60,340,300,400,75,-3287,379,24,324,454,55,High
41214,East,Small Market,Darjeeling,Leaves,Tea,New Hampshire,Regular,10,30,20,40,15,848,24,4,8,39,16,Low
41214,East,Small Market,Green Tea,Leaves,Tea,New Hampshire,Regular,0,40,30,40,0,387,43,0,32,43,11,Low
41214,East,Small Market,Lemon,Leaves,Herbal Tea,New Hampshire,Decaf,20,30,0,50,33,243,41,12,-4,74,45,Low
41214,East,Small Market,Caffe Mocha,Beans,Espresso,New Hampshire,Regular,40,60,10,100,44,325,62,40,-8,106,70,Low
41214,East,Small Market,Regular Espresso,Beans,Espresso,New Hampshire,Regular,30,40,0,70,34,211,42,12,-3,76,45,Low
41214,East,Small Market,Colombian,Beans,Coffee,New Hampshire,Regular,30,60,30,90,43,452,66,14,20,109,46,Low
41214,East,Small Market,Amaretto,Beans,Coffee,New Hampshire,Regular,40,60,40,100,46,316,67,14,30,113,37,Low
41214,East,Major Market,Darjeeling,Leaves,Tea,New York,Regular,80,120,90,200,81,984,117,22,84,198,33,High
41214,East,Major Market,Earl Grey,Leaves,Tea,New York,Regular,120,170,130,290,118,930,172,33,127,290,45,High
41214,East,Major Market,Green Tea,Leaves,Tea,New York,Regular,50,70,50,120,50,589,73,14,47,123,26,Medium
41214,East,Major Market,Lemon,Leaves,Herbal Tea,New York,Decaf,180,240,140,420,245,1704,331,93,204,576,127,High
41214,East,Major Market,Mint,Leaves,Herbal Tea,New York,Decaf,160,-50,-120,110,225,4742,-65,69,-156,160,91,Medium
41214,East,Major Market,Caffe Mocha,Beans,Espresso,New York,Regular,110,-60,-190,50,121,3385,-60,109,-202,61,142,Low
41214,East,Major Market,Regular Espresso,Beans,Espresso,New York,Regular,200,460,390,660,211,933,464,59,381,675,83,High
41214,East,Major Market,Colombian,Beans,Coffee,New York,Regular,220,340,230,560,249,2580,374,87,236,623,138,High
41214,South,Small Market,Colombian,Beans,Coffee,Louisiana,Regular,50,80,60,130,47,834,68,13,44,115,24,Medium
41214,South,Small Market,Decaf Irish Cream,Beans,Coffee,Louisiana,Decaf,30,60,50,90,31,856,47,8,28,78,19,Low
41214,South,Small Market,Chamomile,Leaves,Herbal Tea,Louisiana,Decaf,90,120,80,210,101,552,130,33,85,231,45,High
41214,South,Small Market,Lemon,Leaves,Herbal Tea,Louisiana,Decaf,70,100,40,170,82,601,102,31,38,184,64,Medium
41214,South,Small Market,Caffe Latte,Beans,Espresso,Louisiana,Regular,40,70,10,110,61,-906,86,55,1,147,85,Medium
41214,South,Small Market,Caffe Mocha,Beans,Espresso,Louisiana,Regular,40,60,30,100,53,321,88,16,49,141,39,Medium
41214,South,Small Market,Decaf Espresso,Beans,Espresso,Louisiana,Decaf,30,60,30,90,49,454,71,15,34,120,37,Medium
41214,South,Small Market,Colombian,Beans,Coffee,New Mexico,Regular,50,70,30,120,43,452,66,14,20,109,46,Low
41214,South,Small Market,Decaf Irish Cream,Beans,Coffee,New Mexico,Decaf,90,50,10,140,82,1804,40,25,-8,122,48,Medium
41214,South,Small Market,Chamomile,Leaves,Herbal Tea,New Mexico,Decaf,10,20,10,30,15,848,24,4,9,39,15,Low
41214,South,Small Market,Lemon,Leaves,Herbal Tea,New Mexico,Decaf,20,30,10,50,29,1003,35,8,5,64,30,Low
41214,South,Small Market,Caffe Latte,Beans,Espresso,New Mexico,Regular,20,30,-10,50,34,-522,42,12,-4,76,46,Low
41214,South,Small Market,Caffe Mocha,Beans,Espresso,New Mexico,Regular,30,50,0,80,44,325,62,40,-7,106,69,Low
41214,South,Small Market,Decaf Espresso,Beans,Espresso,New Mexico,Decaf,20,40,20,60,35,248,47,11,8,82,39,Low
41214,South,Small Market,Colombian,Beans,Coffee,Oklahoma,Regular,100,130,90,230,88,561,112,29,71,200,41,High
41214,South,Small Market,Decaf Irish Cream,Beans,Coffee,Oklahoma,Decaf,40,60,40,100,36,862,52,10,30,88,22,Low
41214,South,Small Market,Chamomile,Leaves,Herbal Tea,Oklahoma,Decaf,50,60,20,110,54,391,67,20,13,121,54,Medium
41214,South,Small Market,Lemon,Leaves,Herbal Tea,Oklahoma,Decaf,80,120,20,200,94,694,130,85,15,224,115,High
41214,South,Small Market,Caffe Latte,Beans,Espresso,Oklahoma,Regular,80,100,60,180,102,-2003,143,31,89,245,54,High
41214,South,Small Market,Caffe Mocha,Beans,Espresso,Oklahoma,Regular,20,40,30,60,32,482,48,8,29,80,19,Low
41214,South,Small Market,Decaf Espresso,Beans,Espresso,Oklahoma,Decaf,60,90,40,150,78,798,119,25,62,197,57,High
41214,South,Major Market,Colombian,Beans,Coffee,Texas,Regular,260,320,230,580,225,1272,265,69,174,490,91,High
41214,South,Major Market,Decaf Irish Cream,Beans,Coffee,Texas,Decaf,40,60,40,100,40,536,52,13,26,92,26,Low
41214,South,Major Market,Chamomile,Leaves,Herbal Tea,Texas,Decaf,50,70,40,120,59,411,79,19,32,138,47,Medium
41214,South,Major Market,Lemon,Leaves,Herbal Tea,Texas,Decaf,40,60,30,100,46,424,68,14,31,114,37,Medium
41214,South,Major Market,Caffe Latte,Beans,Espresso,Texas,Regular,50,90,40,140,75,-1050,114,24,59,189,55,Medium
41214,South,Major Market,Caffe Mocha,Beans,Espresso,Texas,Regular,90,130,100,220,118,930,172,33,127,290,45,High
41214,South,Major Market,Decaf Espresso,Beans,Espresso,Texas,Decaf,30,60,40,90,50,589,73,14,48,123,25,Medium
41214,West,Small Market,Chamomile,Leaves,Herbal Tea,Utah,Decaf,40,60,30,100,46,316,67,14,30,113,37,Low
41214,West,Small Market,Lemon,Leaves,Herbal Tea,Utah,Decaf,40,60,30,100,43,452,66,14,20,109,46,Low
41214,West,Small Market,Mint,Leaves,Herbal Tea,Utah,Decaf,70,40,0,110,82,1804,40,25,-8,122,48,Medium
41214,West,Small Market,Darjeeling,Leaves,Tea,Utah,Regular,30,40,-10,70,44,325,62,40,-7,106,69,Low
41214,West,Small Market,Earl Grey,Leaves,Tea,Utah,Regular,20,30,10,50,35,248,47,11,9,82,38,Low
41214,West,Small Market,Green Tea,Leaves,Tea,Utah,Regular,20,30,0,50,34,211,42,12,-3,76,45,Low
41214,West,Small Market,Amaretto,Beans,Coffee,Utah,Regular,80,90,50,170,69,1060,81,21,39,150,42,Medium
41214,West,Small Market,Colombian,Beans,Coffee,Utah,Regular,60,80,50,140,53,380,71,17,27,124,44,Medium
41214,West,Small Market,Decaf Irish Cream,Beans,Coffee,Utah,Decaf,90,120,60,210,82,601,102,31,38,184,64,Medium
41214,West,Small Market,Caffe Latte,Beans,Espresso,Utah,Regular,30,40,30,70,33,836,48,9,27,81,21,Low
41214,West,Small Market,Caffe Mocha,Beans,Espresso,Utah,Regular,90,130,90,220,101,552,130,33,85,231,45,High
41214,West,Small Market,Decaf Espresso,Beans,Espresso,Utah,Decaf,50,70,50,120,54,885,78,15,52,132,26,Medium
41214,West,Major Market,Chamomile,Leaves,Herbal Tea,California,Decaf,70,110,80,180,81,984,117,22,84,198,33,High
41214,West,Major Market,Lemon,Leaves,Herbal Tea,California,Decaf,210,240,160,450,225,1272,265,69,174,490,91,High
41214,West,Major Market,Mint,Leaves,Herbal Tea,California,Decaf,30,50,30,80,40,536,52,13,27,92,25,Low
41214,West,Major Market,Darjeeling,Leaves,Tea,California,Regular,80,130,110,210,118,930,172,33,128,290,44,High
41214,West,Major Market,Earl Grey,Leaves,Tea,California,Regular,30,50,40,80,50,589,73,14,47,123,26,Medium
41214,West,Major Market,Green Tea,Leaves,Tea,California,Regular,50,80,40,130,75,659,114,24,59,189,55,Medium
41214,West,Major Market,Amaretto,Beans,Coffee,California,Regular,130,0,-50,130,113,2758,3,36,-56,116,59,Medium
41214,West,Major Market,Colombian,Beans,Coffee,California,Regular,290,450,310,740,249,2580,374,87,235,623,139,High
41214,West,Major Market,Decaf Irish Cream,Beans,Coffee,California,Decaf,200,-30,-130,170,173,3909,-27,57,-127,146,100,Medium
41214,West,Major Market,Caffe Latte,Beans,Espresso,California,Regular,200,210,140,410,211,1778,212,59,129,423,83,High
41214,West,Major Market,Caffe Mocha,Beans,Espresso,California,Regular,110,170,40,280,121,912,168,109,26,289,142,High
41214,West,Major Market,Decaf Espresso,Beans,Espresso,California,Decaf,220,290,190,510,228,1691,304,75,197,532,107,High
41214,West,Small Market,Chamomile,Leaves,Herbal Tea,Nevada,Decaf,110,150,20,260,121,912,168,109,26,289,142,High
41214,West,Small Market,Lemon,Leaves,Herbal Tea,Nevada,Decaf,160,220,130,380,173,1150,239,57,138,412,101,High
41214,West,Small Market,Mint,Leaves,Herbal Tea,Nevada,Decaf,100,150,100,250,113,803,165,36,107,278,58,High
41214,West,Small Market,Darjeeling,Leaves,Tea,Nevada,Regular,160,220,140,380,228,1691,304,75,196,532,108,High
41214,West,Small Market,Earl Grey,Leaves,Tea,Nevada,Regular,150,150,80,300,211,1778,212,59,128,423,84,High
41214,West,Small Market,Green Tea,Leaves,Tea,Nevada,Regular,180,-180,-280,0,245,7653,-245,93,-340,32,127,Low
41214,West,Small Market,Colombian,Beans,Coffee,Nevada,Regular,30,50,10,80,33,243,41,12,-4,74,45,Low
41214,West,Small Market,Decaf Irish Cream,Beans,Coffee,Nevada,Decaf,30,40,20,70,29,1003,35,8,5,64,30,Low
41214,West,Small Market,Caffe Latte,Beans,Espresso,Nevada,Regular,0,40,30,40,0,387,43,0,31,43,12,Low
41214,West,Small Market,Caffe Mocha,Beans,Espresso,Nevada,Regular,10,20,10,30,15,848,24,4,9,39,15,Low
41214,West,Small Market,Decaf Espresso,Beans,Espresso,Nevada,Decaf,20,30,20,50,22,802,34,6,17,56,17,Low
41214,West,Small Market,Chamomile,Leaves,Herbal Tea,Oregon,Decaf,20,30,20,50,25,823,38,7,19,63,19,Low
41214,West,Small Market,Lemon,Leaves,Herbal Tea,Oregon,Decaf,80,100,70,180,88,561,112,29,70,200,42,High
41214,West,Small Market,Darjeeling,Leaves,Tea,Oregon,Regular,20,30,30,50,32,482,48,8,28,80,20,Low
41214,West,Small Market,Earl Grey,Leaves,Tea,Oregon,Regular,50,90,50,140,78,798,119,25,62,197,57,High
41214,West,Small Market,Green Tea,Leaves,Tea,Oregon,Regular,70,100,70,170,102,666,143,31,89,245,54,High
41214,West,Small Market,Amaretto,Beans,Coffee,Oregon,Regular,60,80,10,140,52,509,73,47,-4,125,77,Medium
41214,West,Small Market,Colombian,Beans,Coffee,Oregon,Regular,60,90,40,150,53,470,75,17,14,128,61,Medium
41214,West,Small Market,Decaf Irish Cream,Beans,Coffee,Oregon,Decaf,50,80,50,130,46,424,68,14,32,114,36,Medium
41214,West,Small Market,Caffe Latte,Beans,Espresso,Oregon,Regular,50,70,30,120,55,410,69,20,16,124,53,Medium
41214,West,Small Market,Caffe Mocha,Beans,Espresso,Oregon,Regular,50,80,50,130,59,411,79,19,33,138,46,Medium
41214,West,Small Market,Decaf Espresso,Beans,Espresso,Oregon,Decaf,170,180,120,350,181,1283,182,50,108,363,74,High
41214,West,Small Market,Chamomile,Leaves,Herbal Tea,Washington,Decaf,120,180,120,300,130,1134,195,42,122,325,73,High
41214,West,Small Market,Lemon,Leaves,Herbal Tea,Washington,Decaf,40,60,40,100,47,834,68,13,44,115,24,Medium
41214,West,Small Market,Darjeeling,Leaves,Tea,Washington,Regular,30,70,50,100,53,321,88,16,49,141,39,Medium
41214,West,Small Market,Earl Grey,Leaves,Tea,Washington,Regular,30,50,30,80,49,454,71,15,34,120,37,Medium
41214,West,Small Market,Green Tea,Leaves,Tea,Washington,Regular,40,60,0,100,61,613,86,55,1,147,85,Medium
41214,West,Small Market,Colombian,Beans,Coffee,Washington,Regular,70,110,70,180,63,446,93,20,50,156,43,Medium
41214,West,Small Market,Decaf Irish Cream,Beans,Coffee,Washington,Decaf,110,150,40,260,94,694,130,85,16,224,114,High
41214,West,Small Market,Caffe Latte,Beans,Espresso,Washington,Regular,20,30,20,50,22,570,30,7,11,52,19,Low
41214,West,Small Market,Caffe Mocha,Beans,Espresso,Washington,Regular,50,60,20,110,54,391,67,20,13,121,54,Medium
41214,West,Small Market,Decaf Espresso,Beans,Espresso,Washington,Decaf,70,80,40,150,75,1063,89,23,45,164,44,Medium
41244,Central,Major Market,Darjeeling,Leaves,Tea,Colorado,Regular,30,50,10,80,46,422,57,17,6,103,51,Low
41244,Central,Major Market,Earl Grey,Leaves,Tea,Colorado,Regular,40,50,20,90,53,1054,63,16,26,116,37,Medium
41244,Central,Major Market,Green Tea,Leaves,Tea,Colorado,Regular,60,90,60,150,81,551,104,26,66,185,38,Medium
41244,Central,Major Market,Chamomile,Leaves,Herbal Tea,Colorado,Decaf,140,140,80,280,153,1319,153,42,87,306,66,High
41244,Central,Major Market,Lemon,Leaves,Herbal Tea,Colorado,Decaf,40,60,0,100,47,521,65,42,-6,112,71,Low
41244,Central,Major Market,Mint,Leaves,Herbal Tea,Colorado,Decaf,50,60,30,110,54,424,73,17,29,127,44,Medium
41244,Central,Major Market,Caffe Mocha,Beans,Espresso,Colorado,Regular,60,110,90,170,54,601,79,15,53,133,26,Medium
41244,Central,Major Market,Decaf Espresso,Beans,Espresso,Colorado,Decaf,80,130,80,210,67,677,101,22,47,168,54,Medium
41244,Central,Major Market,Decaf Irish Cream,Beans,Coffee,Colorado,Decaf,80,120,90,200,86,1003,124,24,88,210,36,High
41244,Central,Major Market,Amaretto,Beans,Coffee,Colorado,Regular,120,170,130,290,123,959,179,34,134,302,45,High
41244,Central,Major Market,Colombian,Beans,Coffee,Colorado,Regular,40,50,30,90,43,531,56,14,29,99,27,Low
41244,Central,Major Market,Darjeeling,Leaves,Tea,Illinois,Regular,40,70,50,110,54,601,79,15,53,133,26,Medium
41244,Central,Major Market,Earl Grey,Leaves,Tea,Illinois,Regular,50,80,40,130,67,677,101,22,47,168,54,Medium
41244,Central,Major Market,Chamomile,Leaves,Herbal Tea,Illinois,Decaf,110,170,130,280,123,959,179,34,133,302,46,High
41244,Central,Major Market,Lemon,Leaves,Herbal Tea,Illinois,Decaf,40,50,30,90,43,531,56,14,29,99,27,Low
41244,Central,Major Market,Mint,Leaves,Herbal Tea,Illinois,Decaf,80,110,80,190,86,1003,124,24,88,210,36,High
41244,Central,Major Market,Caffe Mocha,Beans,Espresso,Illinois,Regular,310,420,320,730,247,1744,329,81,216,576,113,High
41244,Central,Major Market,Decaf Espresso,Beans,Espresso,Illinois,Decaf,320,320,240,640,250,1820,251,70,157,501,94,High
41244,Central,Major Market,Decaf Irish Cream,Beans,Coffee,Illinois,Decaf,120,180,130,300,127,830,185,40,122,312,63,High
41244,Central,Major Market,Colombian,Beans,Coffee,Illinois,Regular,220,300,190,520,224,1191,310,73,194,534,116,High
41244,Central,Small Market,Darjeeling,Leaves,Tea,Iowa,Regular,210,200,120,410,250,1820,251,70,156,501,95,High
41244,Central,Small Market,Earl Grey,Leaves,Tea,Iowa,Regular,240,300,170,540,294,1838,360,111,216,654,144,High
41244,Central,Small Market,Chamomile,Leaves,Herbal Tea,Iowa,Decaf,230,300,200,530,247,1744,329,81,216,576,113,High
41244,Central,Small Market,Lemon,Leaves,Herbal Tea,Iowa,Decaf,120,170,120,290,127,830,185,40,123,312,62,High
41244,Central,Small Market,Caffe Mocha,Beans,Espresso,Iowa,Regular,20,50,40,70,23,807,35,6,17,58,18,Low
41244,Central,Small Market,Decaf Espresso,Beans,Espresso,Iowa,Decaf,0,50,40,50,0,344,43,0,32,43,11,Low
41244,Central,Small Market,Decaf Irish Cream,Beans,Coffee,Iowa,Decaf,0,20,10,20,10,594,14,3,-1,24,15,Low
41244,Central,Small Market,Amaretto,Beans,Coffee,Iowa,Regular,10,30,20,40,16,851,25,4,10,41,15,Low
41244,Central,Small Market,Colombian,Beans,Coffee,Iowa,Regular,30,30,10,60,31,1009,38,9,8,69,30,Low
41244,Central,Small Market,Darjeeling,Leaves,Tea,Missouri,Regular,30,40,10,70,38,256,51,12,11,89,40,Low
41244,Central,Small Market,Earl Grey,Leaves,Tea,Missouri,Regular,10,20,-10,30,20,218,25,7,-16,45,41,Low
41244,Central,Small Market,Green Tea,Leaves,Tea,Missouri,Regular,30,40,0,70,39,250,49,14,2,88,47,Low
41244,Central,Small Market,Chamomile,Leaves,Herbal Tea,Missouri,Decaf,40,60,0,100,49,335,69,44,-5,118,74,Medium
41244,Central,Small Market,Lemon,Leaves,Herbal Tea,Missouri,Decaf,80,60,20,140,92,1898,68,28,16,160,52,Medium
41244,Central,Small Market,Caffe Mocha,Beans,Espresso,Missouri,Regular,60,90,70,150,50,898,73,14,48,123,25,Medium
41244,Central,Small Market,Decaf Espresso,Beans,Espresso,Missouri,Decaf,30,60,50,90,31,844,46,8,27,77,19,Low
41244,Central,Small Market,Decaf Irish Cream,Beans,Coffee,Missouri,Decaf,60,70,40,130,63,1075,76,19,36,139,40,Medium
41244,Central,Small Market,Colombian,Beans,Coffee,Missouri,Regular,60,90,40,150,68,619,85,25,26,153,59,Medium
41244,Central,Major Market,Darjeeling,Leaves,Tea,Ohio,Regular,70,110,70,180,88,817,133,29,72,221,61,High
41244,Central,Major Market,Earl Grey,Leaves,Tea,Ohio,Regular,110,150,90,260,134,690,186,41,121,320,65,High
41244,Central,Major Market,Chamomile,Leaves,Herbal Tea,Ohio,Decaf,20,40,30,60,29,490,44,8,25,73,19,Low
41244,Central,Major Market,Lemon,Leaves,Herbal Tea,Ohio,Decaf,30,40,30,70,33,870,49,9,29,82,20,Low
41244,Central,Major Market,Caffe Mocha,Beans,Espresso,Ohio,Regular,190,200,140,390,153,1319,153,42,87,306,66,High
41244,Central,Major Market,Decaf Espresso,Beans,Espresso,Ohio,Decaf,50,80,40,130,46,422,57,17,6,103,51,Low
41244,Central,Major Market,Amaretto,Beans,Coffee,Ohio,Regular,50,70,40,120,54,424,73,17,29,127,44,Medium
41244,Central,Major Market,Colombian,Beans,Coffee,Ohio,Regular,40,50,20,90,41,435,60,13,24,101,36,Low
41244,Central,Major Market,Decaf Irish Cream,Beans,Coffee,Ohio,Decaf,40,70,10,110,47,521,65,42,-6,112,71,Low
41244,Central,Small Market,Darjeeling,Leaves,Tea,Wisconsin,Regular,30,50,20,80,43,466,63,13,28,106,35,Low
41244,Central,Small Market,Earl Grey,Leaves,Tea,Wisconsin,Regular,40,60,0,100,55,627,76,49,-3,131,79,Medium
41244,Central,Small Market,Chamomile,Leaves,Herbal Tea,Wisconsin,Decaf,30,60,30,90,41,320,66,12,30,107,36,Low
41244,Central,Small Market,Lemon,Leaves,Herbal Tea,Wisconsin,Decaf,30,40,30,70,34,863,51,9,30,85,21,Low
41244,Central,Small Market,Caffe Mocha,Beans,Espresso,Wisconsin,Regular,100,120,80,220,80,1079,96,24,50,176,46,Medium
41244,Central,Small Market,Decaf Espresso,Beans,Espresso,Wisconsin,Decaf,30,40,30,70,24,567,32,7,13,56,19,Low
41244,Central,Small Market,Amaretto,Beans,Coffee,Wisconsin,Regular,60,80,30,140,65,403,80,24,22,145,58,Medium
41244,Central,Small Market,Colombian,Beans,Coffee,Wisconsin,Regular,100,140,30,240,105,716,145,95,20,250,125,High
41244,Central,Small Market,Decaf Irish Cream,Beans,Coffee,Wisconsin,Decaf,80,110,70,190,83,575,112,27,57,195,55,High
41244,East,Small Market,Darjeeling,Leaves,Tea,Connecticut,Regular,50,70,50,120,50,898,73,14,47,123,26,Medium
41244,East,Small Market,Green Tea,Leaves,Tea,Connecticut,Regular,30,50,40,80,33,818,49,9,28,82,21,Low
41244,East,Small Market,Lemon,Leaves,Herbal Tea,Connecticut,Decaf,50,60,20,110,68,619,85,25,27,153,58,Medium
41244,East,Small Market,Mint,Leaves,Herbal Tea,Connecticut,Decaf,40,60,40,100,63,1075,76,19,36,139,40,Medium
41244,East,Small Market,Caffe Mocha,Beans,Espresso,Connecticut,Regular,50,70,10,120,55,627,76,49,-2,131,78,Medium
41244,East,Small Market,Decaf Espresso,Beans,Espresso,Connecticut,Decaf,40,70,40,110,49,392,65,16,21,114,44,Medium
41244,East,Small Market,Colombian,Beans,Coffee,Connecticut,Regular,100,160,110,260,115,1166,174,37,105,289,69,High
41244,East,Major Market,Darjeeling,Leaves,Tea,Florida,Regular,30,40,30,70,30,882,45,8,26,75,19,Low
41244,East,Major Market,Green Tea,Leaves,Tea,Florida,Regular,30,50,40,80,34,863,51,9,30,85,21,Low
41244,East,Major Market,Chamomile,Leaves,Herbal Tea,Florida,Decaf,10,30,20,40,24,567,32,7,12,56,20,Low
41244,East,Major Market,Lemon,Leaves,Herbal Tea,Florida,Decaf,40,60,20,100,65,403,80,24,23,145,57,Medium
41244,East,Major Market,Mint,Leaves,Herbal Tea,Florida,Decaf,60,60,30,120,80,1079,96,24,50,176,46,Medium
41244,East,Major Market,Caffe Mocha,Beans,Espresso,Florida,Regular,100,140,30,240,105,716,145,95,21,250,124,High
41244,East,Major Market,Decaf Espresso,Beans,Espresso,Florida,Decaf,80,110,70,190,83,575,112,27,58,195,54,High
41244,East,Major Market,Colombian,Beans,Coffee,Florida,Regular,70,120,80,190,88,817,133,29,73,221,60,High
41244,East,Major Market,Decaf Irish Cream,Beans,Coffee,Florida,Decaf,120,160,110,280,134,690,186,41,122,320,64,High
41244,East,Major Market,Darjeeling,Leaves,Tea,Massachusetts,Regular,30,50,40,80,33,870,49,9,29,82,20,Low
41244,East,Major Market,Green Tea,Leaves,Tea,Massachusetts,Regular,30,40,30,70,29,490,44,8,25,73,19,Low
41244,East,Major Market,Lemon,Leaves,Herbal Tea,Massachusetts,Decaf,30,40,10,70,46,422,57,17,7,103,50,Low
41244,East,Major Market,Caffe Mocha,Beans,Espresso,Massachusetts,Regular,40,50,-10,90,47,571,52,42,-20,99,72,Low
41244,East,Major Market,Regular Espresso,Beans,Espresso,Massachusetts,Regular,150,140,80,290,153,1319,153,42,87,306,66,High
41244,East,Major Market,Colombian,Beans,Coffee,Massachusetts,Regular,60,390,360,450,67,-3534,443,22,390,510,53,High
41244,East,Small Market,Darjeeling,Leaves,Tea,New Hampshire,Regular,10,30,20,40,16,851,25,4,10,41,15,Low
41244,East,Small Market,Green Tea,Leaves,Tea,New Hampshire,Regular,0,40,30,40,0,344,43,0,32,43,11,Low
41244,East,Small Market,Lemon,Leaves,Herbal Tea,New Hampshire,Decaf,20,40,10,60,39,250,49,14,2,88,47,Low
41244,East,Small Market,Caffe Mocha,Beans,Espresso,New Hampshire,Regular,40,70,10,110,49,335,69,44,-4,118,73,Medium
41244,East,Small Market,Regular Espresso,Beans,Espresso,New Hampshire,Regular,10,30,0,40,20,218,25,7,-16,45,41,Low
41244,East,Small Market,Amaretto,Beans,Coffee,New Hampshire,Regular,40,70,50,110,52,327,75,16,37,127,38,Medium
41244,East,Small Market,Colombian,Beans,Coffee,New Hampshire,Regular,40,60,30,100,48,462,74,15,28,122,46,Medium
41244,East,Major Market,Darjeeling,Leaves,Tea,New York,Regular,90,120,90,210,86,1003,124,24,89,210,35,High
41244,East,Major Market,Earl Grey,Leaves,Tea,New York,Regular,120,190,150,310,123,959,179,34,133,302,46,High
41244,East,Major Market,Green Tea,Leaves,Tea,New York,Regular,50,80,60,130,54,601,79,15,52,133,27,Medium
41244,East,Major Market,Lemon,Leaves,Herbal Tea,New York,Decaf,220,320,210,540,294,1727,453,111,309,747,144,High
41244,East,Major Market,Mint,Leaves,Herbal Tea,New York,Decaf,180,-80,-150,100,241,5121,-93,74,-189,148,96,Medium
41244,East,Major Market,Caffe Mocha,Beans,Espresso,New York,Regular,130,-70,-210,60,135,3641,-69,122,-224,66,155,Low
41244,East,Major Market,Regular Espresso,Beans,Espresso,New York,Regular,240,400,320,640,250,723,407,70,312,657,95,High
41244,East,Major Market,Colombian,Beans,Coffee,New York,Regular,250,370,250,620,279,2642,420,97,271,699,149,High
41244,South,Small Market,Colombian,Beans,Coffee,Louisiana,Regular,50,90,70,140,49,845,71,13,46,120,25,Medium
41244,South,Small Market,Decaf Irish Cream,Beans,Coffee,Louisiana,Decaf,40,60,50,100,34,863,51,9,31,85,20,Low
41244,South,Small Market,Chamomile,Leaves,Herbal Tea,Louisiana,Decaf,80,110,70,190,94,540,120,31,77,214,43,High
41244,South,Small Market,Lemon,Leaves,Herbal Tea,Louisiana,Decaf,60,80,30,140,68,619,85,25,26,153,59,Medium
41244,South,Small Market,Caffe Latte,Beans,Espresso,Louisiana,Regular,40,60,0,100,55,-1053,76,49,-3,131,79,Medium
41244,South,Small Market,Caffe Mocha,Beans,Espresso,Louisiana,Regular,30,50,20,80,41,320,66,12,31,107,35,Low
41244,South,Small Market,Decaf Espresso,Beans,Espresso,Louisiana,Decaf,30,50,20,80,43,466,63,13,27,106,36,Low
41244,South,Small Market,Colombian,Beans,Coffee,New Mexico,Regular,50,90,50,140,48,462,74,15,27,122,47,Medium
41244,South,Small Market,Decaf Irish Cream,Beans,Coffee,New Mexico,Decaf,100,90,40,190,92,1898,68,28,16,160,52,Medium
41244,South,Small Market,Chamomile,Leaves,Herbal Tea,New Mexico,Decaf,10,20,10,30,16,851,25,4,9,41,16,Low
41244,South,Small Market,Lemon,Leaves,Herbal Tea,New Mexico,Decaf,20,40,20,60,31,1009,38,9,7,69,31,Low
41244,South,Small Market,Caffe Latte,Beans,Espresso,New Mexico,Regular,10,20,-10,30,20,-598,25,7,-15,45,40,Low
41244,South,Small Market,Caffe Mocha,Beans,Espresso,New Mexico,Regular,30,60,10,90,49,335,69,44,-5,118,74,Medium
41244,South,Small Market,Decaf Espresso,Beans,Espresso,New Mexico,Decaf,30,30,0,60,38,256,51,12,12,89,39,Low
41244,South,Small Market,Colombian,Beans,Coffee,Oklahoma,Regular,90,130,100,220,81,551,104,26,66,185,38,Medium
41244,South,Small Market,Decaf Irish Cream,Beans,Coffee,Oklahoma,Decaf,30,60,50,90,33,870,49,9,28,82,21,Low
41244,South,Small Market,Chamomile,Leaves,Herbal Tea,Oklahoma,Decaf,60,70,20,130,65,403,80,24,22,145,58,Medium
41244,South,Small Market,Lemon,Leaves,Herbal Tea,Oklahoma,Decaf,90,140,30,230,105,716,145,95,20,250,125,High
41244,South,Small Market,Caffe Latte,Beans,Espresso,Oklahoma,Regular,100,140,90,240,134,-2248,186,41,121,320,65,High
41244,South,Small Market,Caffe Mocha,Beans,Espresso,Oklahoma,Regular,20,30,20,50,29,490,44,8,24,73,20,Low
41244,South,Small Market,Decaf Espresso,Beans,Espresso,Oklahoma,Decaf,60,110,60,170,88,817,133,29,72,221,61,High
41244,South,Major Market,Colombian,Beans,Coffee,Texas,Regular,280,340,240,620,241,1321,284,74,188,525,96,High
41244,South,Major Market,Decaf Irish Cream,Beans,Coffee,Texas,Decaf,50,60,40,110,43,531,56,14,30,99,26,Low
41244,South,Major Market,Chamomile,Leaves,Herbal Tea,Texas,Decaf,50,60,30,110,54,424,73,17,28,127,45,Medium
41244,South,Major Market,Lemon,Leaves,Herbal Tea,Texas,Decaf,30,60,30,90,41,435,60,13,24,101,36,Low
41244,South,Major Market,Caffe Latte,Beans,Espresso,Texas,Regular,50,70,30,120,67,-1239,101,22,47,168,54,Medium
41244,South,Major Market,Caffe Mocha,Beans,Espresso,Texas,Regular,90,140,110,230,123,959,179,34,133,302,46,High
41244,South,Major Market,Decaf Espresso,Beans,Espresso,Texas,Decaf,40,60,40,100,54,601,79,15,52,133,27,Medium
41244,West,Small Market,Chamomile,Leaves,Herbal Tea,Utah,Decaf,40,70,40,110,52,327,75,16,36,127,39,Medium
41244,West,Small Market,Lemon,Leaves,Herbal Tea,Utah,Decaf,40,70,40,110,48,462,74,15,28,122,46,Medium
41244,West,Small Market,Mint,Leaves,Herbal Tea,Utah,Decaf,80,60,20,140,92,1898,68,28,17,160,51,Medium
41244,West,Small Market,Darjeeling,Leaves,Tea,Utah,Regular,30,50,0,80,49,335,69,44,-4,118,73,Medium
41244,West,Small Market,Earl Grey,Leaves,Tea,Utah,Regular,20,40,10,60,38,256,51,12,12,89,39,Low
41244,West,Small Market,Green Tea,Leaves,Tea,Utah,Regular,10,20,0,30,20,218,25,7,-15,45,40,Low
41244,West,Small Market,Amaretto,Beans,Coffee,Utah,Regular,70,90,50,160,63,1075,76,19,36,139,40,Medium
41244,West,Small Market,Colombian,Beans,Coffee,Utah,Regular,50,80,50,130,49,392,65,16,21,114,44,Medium
41244,West,Small Market,Decaf Irish Cream,Beans,Coffee,Utah,Decaf,80,100,50,180,68,619,85,25,26,153,59,Medium
41244,West,Small Market,Caffe Latte,Beans,Espresso,Utah,Regular,30,40,30,70,31,844,46,8,26,77,20,Low
41244,West,Small Market,Caffe Mocha,Beans,Espresso,Utah,Regular,90,110,70,200,94,540,120,31,77,214,43,High
41244,West,Small Market,Decaf Espresso,Beans,Espresso,Utah,Decaf,40,70,50,110,50,898,73,14,47,123,26,Medium
41244,West,Major Market,Chamomile,Leaves,Herbal Tea,California,Decaf,80,110,80,190,86,1003,124,24,89,210,35,High
41244,West,Major Market,Lemon,Leaves,Herbal Tea,California,Decaf,220,260,170,480,241,1321,284,74,188,525,96,High
41244,West,Major Market,Mint,Leaves,Herbal Tea,California,Decaf,40,50,30,90,43,531,56,14,29,99,27,Low
41244,West,Major Market,Darjeeling,Leaves,Tea,California,Regular,90,130,110,220,123,959,179,34,134,302,45,High
41244,West,Major Market,Earl Grey,Leaves,Tea,California,Regular,30,60,50,90,54,601,79,15,53,133,26,Medium
41244,West,Major Market,Green Tea,Leaves,Tea,California,Regular,40,80,50,120,67,677,101,22,47,168,54,Medium
41244,West,Major Market,Amaretto,Beans,Coffee,California,Regular,150,-30,-90,120,127,2947,-25,40,-88,102,63,Low
41244,West,Major Market,Colombian,Beans,Coffee,California,Regular,330,500,350,830,279,2642,420,97,271,699,149,High
41244,West,Major Market,Decaf Irish Cream,Beans,Coffee,California,Decaf,260,-40,-150,220,224,4216,-32,73,-149,192,117,High
41244,West,Major Market,Caffe Latte,Beans,Espresso,California,Regular,240,240,160,480,250,1820,251,70,157,501,94,High
41244,West,Major Market,Caffe Mocha,Beans,Espresso,California,Regular,130,180,40,310,135,940,187,122,31,322,156,High
41244,West,Major Market,Decaf Espresso,Beans,Espresso,California,Decaf,240,310,210,550,247,1744,329,81,216,576,113,High
41244,West,Small Market,Chamomile,Leaves,Herbal Tea,Nevada,Decaf,120,170,30,290,135,940,187,122,32,322,155,High
41244,West,Small Market,Lemon,Leaves,Herbal Tea,Nevada,Decaf,210,280,170,490,224,1191,310,73,194,534,116,High
41244,West,Small Market,Mint,Leaves,Herbal Tea,Nevada,Decaf,120,170,120,290,127,830,185,40,122,312,63,High
41244,West,Small Market,Darjeeling,Leaves,Tea,Nevada,Regular,180,240,150,420,247,1744,329,81,215,576,114,High
41244,West,Small Market,Earl Grey,Leaves,Tea,Nevada,Regular,180,180,100,360,250,1820,251,70,157,501,94,High
41244,West,Small Market,Green Tea,Leaves,Tea,Nevada,Regular,210,-210,-320,0,294,8252,-294,111,-408,31,145,Low
41244,West,Small Market,Colombian,Beans,Coffee,Nevada,Regular,40,60,20,100,39,250,49,14,1,88,48,Low
41244,West,Small Market,Decaf Irish Cream,Beans,Coffee,Nevada,Decaf,30,50,30,80,31,1009,38,9,8,69,30,Low
41244,West,Small Market,Caffe Latte,Beans,Espresso,Nevada,Regular,0,40,30,40,0,344,43,0,31,43,12,Low
41244,West,Small Market,Caffe Mocha,Beans,Espresso,Nevada,Regular,10,20,10,30,16,851,25,4,10,41,15,Low
41244,West,Small Market,Decaf Espresso,Beans,Espresso,Nevada,Decaf,20,30,20,50,23,807,35,6,17,58,18,Low
41244,West,Small Market,Chamomile,Leaves,Herbal Tea,Oregon,Decaf,20,30,20,50,24,829,36,6,19,60,17,Low
41244,West,Small Market,Lemon,Leaves,Herbal Tea,Oregon,Decaf,70,100,70,170,81,551,104,26,66,185,38,Medium
41244,West,Small Market,Darjeeling,Leaves,Tea,Oregon,Regular,20,30,30,50,29,490,44,8,25,73,19,Low
41244,West,Small Market,Earl Grey,Leaves,Tea,Oregon,Regular,60,100,60,160,88,817,133,29,73,221,60,High
41244,West,Small Market,Green Tea,Leaves,Tea,Oregon,Regular,90,140,100,230,134,690,186,41,121,320,65,High
41244,West,Small Market,Amaretto,Beans,Coffee,Oregon,Regular,50,80,20,130,47,521,65,42,-7,112,72,Low
41244,West,Small Market,Colombian,Beans,Coffee,Oregon,Regular,40,70,20,110,41,482,57,13,1,98,56,Low
41244,West,Small Market,Decaf Irish Cream,Beans,Coffee,Oregon,Decaf,40,80,50,120,41,435,60,13,25,101,35,Low
41244,West,Small Market,Caffe Latte,Beans,Espresso,Oregon,Regular,40,50,10,90,46,422,57,17,6,103,51,Low
41244,West,Small Market,Caffe Mocha,Beans,Espresso,Oregon,Regular,50,70,40,120,54,424,73,17,28,127,45,Medium
41244,West,Small Market,Decaf Espresso,Beans,Espresso,Oregon,Decaf,150,140,80,290,153,1319,153,42,87,306,66,High
41244,West,Small Market,Chamomile,Leaves,Herbal Tea,Washington,Decaf,100,160,110,260,115,1166,174,37,105,289,69,High
41244,West,Small Market,Lemon,Leaves,Herbal Tea,Washington,Decaf,40,70,50,110,49,845,71,13,46,120,25,Medium
41244,West,Small Market,Darjeeling,Leaves,Tea,Washington,Regular,30,40,20,70,41,320,66,12,30,107,36,Low
41244,West,Small Market,Earl Grey,Leaves,Tea,Washington,Regular,30,40,20,70,43,466,63,13,28,106,35,Low
41244,West,Small Market,Green Tea,Leaves,Tea,Washington,Regular,40,50,-10,90,55,627,76,49,-3,131,79,Medium
41244,West,Small Market,Colombian,Beans,Coffee,Washington,Regular,80,120,80,200,72,461,104,23,58,176,46,Medium
41244,West,Small Market,Decaf Irish Cream,Beans,Coffee,Washington,Decaf,120,170,50,290,105,716,145,95,20,250,125,High
41244,West,Small Market,Caffe Latte,Beans,Espresso,Washington,Regular,20,30,20,50,24,567,32,7,13,56,19,Low
41244,West,Small Market,Caffe Mocha,Beans,Espresso,Washington,Regular,60,80,30,140,65,403,80,24,23,145,57,Medium
41244,West,Small Market,Decaf Espresso,Beans,Espresso,Washington,Decaf,70,100,60,170,80,1079,96,24,51,176,45,Medium
41275,Central,Major Market,Chamomile,Leaves,Herbal Tea,Colorado,Decaf,140,160,110,300,170,1091,171,47,154,382,76,High
41275,Central,Major Market,Lemon,Leaves,Herbal Tea,Colorado,Decaf,50,80,20,130,63,435,87,57,0,168,91,Medium
41275,Central,Major Market,Mint,Leaves,Herbal Tea,Colorado,Decaf,50,70,40,120,60,336,80,19,51,157,49,Medium
41275,Central,Major Market,Darjeeling,Leaves,Tea,Colorado,Regular,40,70,20,110,58,338,72,22,26,145,58,Medium
41275,Central,Major Market,Earl Grey,Leaves,Tea,Colorado,Regular,50,70,40,120,64,965,76,19,56,157,42,Medium
41275,Central,Major Market,Green Tea,Leaves,Tea,Colorado,Regular,30,50,30,80,44,623,56,14,47,112,27,Low
41275,Central,Major Market,Caffe Mocha,Beans,Espresso,Colorado,Regular,60,90,70,150,54,456,80,15,84,150,27,Medium
41275,Central,Major Market,Decaf Espresso,Beans,Espresso,Colorado,Decaf,80,130,80,210,72,558,108,23,83,201,58,High
41275,Central,Major Market,Amaretto,Beans,Coffee,Colorado,Regular,90,130,100,220,89,777,130,24,146,245,38,High
41275,Central,Major Market,Colombian,Beans,Coffee,Colorado,Regular,80,110,80,190,83,623,107,27,106,213,41,High
41275,Central,Major Market,Decaf Irish Cream,Beans,Coffee,Colorado,Decaf,100,140,110,240,95,821,139,26,157,262,40,High
41275,Central,Major Market,Chamomile,Leaves,Herbal Tea,Illinois,Decaf,70,120,100,190,89,777,130,24,148,245,37,High
41275,Central,Major Market,Lemon,Leaves,Herbal Tea,Illinois,Decaf,70,90,60,160,83,623,107,27,106,213,41,High
41275,Central,Major Market,Mint,Leaves,Herbal Tea,Illinois,Decaf,80,120,100,200,95,821,139,26,157,262,40,High
41275,Central,Major Market,Darjeeling,Leaves,Tea,Illinois,Regular,40,70,50,110,54,456,80,15,83,150,28,Medium
41275,Central,Major Market,Earl Grey,Leaves,Tea,Illinois,Regular,60,90,40,150,72,558,108,23,84,201,57,High
41275,Central,Major Market,Caffe Mocha,Beans,Espresso,Illinois,Regular,270,370,260,640,234,1310,312,77,316,611,114,High
41275,Central,Major Market,Decaf Espresso,Beans,Espresso,Illinois,Decaf,260,270,180,530,228,1459,228,63,218,510,92,High
41275,Central,Major Market,Colombian,Beans,Coffee,Illinois,Regular,150,210,130,360,144,862,201,47,173,386,94,High
41275,Central,Major Market,Decaf Irish Cream,Beans,Coffee,Illinois,Decaf,100,140,100,240,95,608,139,30,136,262,55,High
41275,Central,Small Market,Chamomile,Leaves,Herbal Tea,Iowa,Decaf,200,280,200,480,234,1310,312,77,315,611,116,High
41275,Central,Small Market,Lemon,Leaves,Herbal Tea,Iowa,Decaf,80,120,90,200,95,608,139,30,134,262,56,High
41275,Central,Small Market,Darjeeling,Leaves,Tea,Iowa,Regular,190,210,140,400,228,1459,228,63,220,510,91,High
41275,Central,Small Market,Earl Grey,Leaves,Tea,Iowa,Regular,210,270,160,480,245,1419,301,93,273,611,132,High
41275,Central,Small Market,Caffe Mocha,Beans,Espresso,Iowa,Regular,10,40,30,50,17,777,26,4,17,48,16,Low
41275,Central,Small Market,Decaf Espresso,Beans,Espresso,Iowa,Decaf,10,40,30,50,17,777,26,4,16,48,17,Low
41275,Central,Small Market,Amaretto,Beans,Coffee,Iowa,Regular,10,30,20,40,18,821,27,5,17,50,17,Low
41275,Central,Small Market,Colombian,Beans,Coffee,Iowa,Regular,20,40,20,60,28,965,34,8,8,69,30,Low
41275,Central,Small Market,Decaf Irish Cream,Beans,Coffee,Iowa,Decaf,20,30,20,50,23,623,31,7,19,60,20,Low
41275,Central,Small Market,Chamomile,Leaves,Herbal Tea,Missouri,Decaf,30,40,0,70,37,261,53,34,-17,101,67,Low
41275,Central,Small Market,Lemon,Leaves,Herbal Tea,Missouri,Decaf,70,10,-20,80,88,525,11,27,-61,111,52,Low
41275,Central,Small Market,Darjeeling,Leaves,Tea,Missouri,Regular,30,40,10,70,35,196,47,11,14,92,40,Low
41275,Central,Small Market,Earl Grey,Leaves,Tea,Missouri,Regular,20,30,-10,50,29,169,36,11,-14,73,47,Low
41275,Central,Small Market,Green Tea,Leaves,Tea,Missouri,Regular,20,40,0,60,34,197,42,12,-6,85,48,Low
41275,Central,Small Market,Caffe Mocha,Beans,Espresso,Missouri,Regular,50,90,70,140,50,821,73,14,75,138,26,Medium
41275,Central,Small Market,Decaf Espresso,Beans,Espresso,Missouri,Decaf,50,80,60,130,46,777,68,12,70,128,24,Medium
41275,Central,Small Market,Colombian,Beans,Coffee,Missouri,Regular,90,100,40,190,85,494,105,32,61,213,69,High
41275,Central,Small Market,Decaf Irish Cream,Beans,Coffee,Missouri,Decaf,80,90,50,170,78,965,92,24,73,190,47,Medium
41275,Central,Major Market,Chamomile,Leaves,Herbal Tea,Ohio,Decaf,20,50,50,70,32,456,48,8,45,90,20,Low
41275,Central,Major Market,Lemon,Leaves,Herbal Tea,Ohio,Decaf,20,50,50,70,32,821,48,8,45,90,20,Low
41275,Central,Major Market,Darjeeling,Leaves,Tea,Ohio,Regular,70,110,60,180,84,651,126,27,106,235,61,High
41275,Central,Major Market,Earl Grey,Leaves,Tea,Ohio,Regular,70,100,60,170,84,500,116,26,104,224,51,High
41275,Central,Major Market,Caffe Mocha,Beans,Espresso,Ohio,Regular,190,210,140,400,170,1091,171,47,154,382,76,High
41275,Central,Major Market,Decaf Espresso,Beans,Espresso,Ohio,Decaf,60,90,40,150,58,338,72,22,25,145,59,Medium
41275,Central,Major Market,Amaretto,Beans,Coffee,Ohio,Regular,60,80,50,140,60,336,80,19,53,157,48,Medium
41275,Central,Major Market,Colombian,Beans,Coffee,Ohio,Regular,60,80,50,140,57,364,83,18,65,157,43,Medium
41275,Central,Major Market,Decaf Irish Cream,Beans,Coffee,Ohio,Decaf,60,90,20,150,63,435,87,57,0,168,91,Medium
41275,Central,Small Market,Chamomile,Leaves,Herbal Tea,Wisconsin,Decaf,50,100,80,150,67,400,113,20,109,201,45,High
41275,Central,Small Market,Lemon,Leaves,Herbal Tea,Wisconsin,Decaf,20,50,50,70,33,777,48,9,44,91,21,Low
41275,Central,Small Market,Darjeeling,Leaves,Tea,Wisconsin,Regular,50,80,50,130,61,390,89,19,73,168,44,Medium
41275,Central,Small Market,Earl Grey,Leaves,Tea,Wisconsin,Regular,60,90,10,150,75,522,105,68,11,201,103,High
41275,Central,Small Market,Caffe Mocha,Beans,Espresso,Wisconsin,Regular,80,90,50,170,69,965,81,21,59,168,45,Medium
41275,Central,Small Market,Decaf Espresso,Beans,Espresso,Wisconsin,Decaf,50,70,50,120,48,623,62,15,53,123,29,Medium
41275,Central,Small Market,Amaretto,Beans,Coffee,Wisconsin,Regular,50,70,30,120,54,312,66,20,20,134,56,Medium
41275,Central,Small Market,Colombian,Beans,Coffee,Wisconsin,Regular,80,110,20,190,79,551,111,72,14,213,107,High
41275,Central,Small Market,Decaf Irish Cream,Beans,Coffee,Wisconsin,Decaf,80,100,60,180,77,432,103,25,79,201,55,High
41275,East,Small Market,Lemon,Leaves,Herbal Tea,Connecticut,Decaf,60,80,40,140,85,494,105,32,62,213,68,High
41275,East,Small Market,Mint,Leaves,Herbal Tea,Connecticut,Decaf,50,80,50,130,78,965,92,24,73,190,47,Medium
41275,East,Small Market,Darjeeling,Leaves,Tea,Connecticut,Regular,50,80,60,130,50,821,73,14,73,138,27,Medium
41275,East,Small Market,Green Tea,Leaves,Tea,Connecticut,Regular,40,60,40,100,38,777,56,10,55,105,22,Low
41275,East,Small Market,Caffe Mocha,Beans,Espresso,Connecticut,Regular,70,100,20,170,75,522,105,68,11,201,103,High
41275,East,Small Market,Decaf Espresso,Beans,Espresso,Connecticut,Decaf,50,70,40,120,55,312,75,18,47,145,47,Medium
41275,East,Small Market,Colombian,Beans,Coffee,Connecticut,Regular,110,180,130,290,124,961,186,40,179,347,75,High
41275,East,Major Market,Chamomile,Leaves,Herbal Tea,Florida,Decaf,30,50,30,80,48,623,62,15,53,123,29,Medium
41275,East,Major Market,Lemon,Leaves,Herbal Tea,Florida,Decaf,40,50,20,90,54,312,66,20,20,134,56,Medium
41275,East,Major Market,Mint,Leaves,Herbal Tea,Florida,Decaf,50,60,40,110,69,965,81,21,61,168,44,Medium
41275,East,Major Market,Darjeeling,Leaves,Tea,Florida,Regular,30,50,40,80,32,821,48,8,44,90,21,Low
41275,East,Major Market,Green Tea,Leaves,Tea,Florida,Regular,30,50,40,80,33,777,48,9,44,91,21,Low
41275,East,Major Market,Caffe Mocha,Beans,Espresso,Florida,Regular,70,110,30,180,79,551,111,72,14,213,107,High
41275,East,Major Market,Decaf Espresso,Beans,Espresso,Florida,Decaf,70,100,60,170,77,432,103,25,78,201,56,High
41275,East,Major Market,Colombian,Beans,Coffee,Florida,Regular,80,110,70,190,84,651,126,27,106,235,61,High
41275,East,Major Market,Decaf Irish Cream,Beans,Coffee,Florida,Decaf,80,110,70,190,84,500,116,26,104,224,51,High
41275,East,Major Market,Lemon,Leaves,Herbal Tea,Massachusetts,Decaf,40,60,30,100,58,338,72,22,26,145,58,Medium
41275,East,Major Market,Darjeeling,Leaves,Tea,Massachusetts,Regular,30,50,40,80,32,821,48,8,45,90,20,Low
41275,East,Major Market,Green Tea,Leaves,Tea,Massachusetts,Regular,30,50,40,80,32,456,48,8,45,90,20,Low
41275,East,Major Market,Caffe Mocha,Beans,Espresso,Massachusetts,Regular,60,60,-10,120,63,435,63,57,-36,141,90,Medium
41275,East,Major Market,Regular Espresso,Beans,Espresso,Massachusetts,Regular,160,170,110,330,170,1091,171,47,156,382,75,High
41275,East,Major Market,Colombian,Beans,Coffee,Massachusetts,Regular,60,400,360,460,72,558,422,23,572,553,58,High
41275,East,Small Market,Lemon,Leaves,Herbal Tea,New Hampshire,Decaf,20,30,0,50,34,197,42,12,-6,85,48,Low
41275,East,Small Market,Darjeeling,Leaves,Tea,New Hampshire,Regular,10,30,20,40,18,821,27,5,16,50,18,Low
41275,East,Small Market,Green Tea,Leaves,Tea,New Hampshire,Regular,10,30,20,40,17,777,26,4,17,48,16,Low
41275,East,Small Market,Caffe Mocha,Beans,Espresso,New Hampshire,Regular,30,50,0,80,37,261,53,34,-16,101,66,Low
41275,East,Small Market,Regular Espresso,Beans,Espresso,New Hampshire,Regular,20,40,0,60,29,169,36,11,-12,73,46,Low
41275,East,Small Market,Amaretto,Beans,Coffee,New Hampshire,Regular,30,50,30,80,38,241,55,12,31,104,37,Low
41275,East,Small Market,Colombian,Beans,Coffee,New Hampshire,Regular,40,70,40,110,48,372,72,15,39,134,49,Medium
41275,East,Major Market,Lemon,Leaves,Herbal Tea,New York,Decaf,180,190,100,370,245,1419,238,93,173,540,133,High
41275,East,Major Market,Mint,Leaves,Herbal Tea,New York,Decaf,150,-10,-70,140,207,965,-27,64,-176,201,90,High
41275,East,Major Market,Darjeeling,Leaves,Tea,New York,Regular,100,150,120,250,95,821,139,26,157,262,40,High
41275,East,Major Market,Earl Grey,Leaves,Tea,New York,Regular,90,140,110,230,89,777,130,24,146,245,38,High
41275,East,Major Market,Green Tea,Leaves,Tea,New York,Regular,50,90,70,140,54,456,80,15,84,150,27,Medium
41275,East,Major Market,Caffe Mocha,Beans,Espresso,New York,Regular,100,-50,-170,50,105,725,-44,95,-268,68,134,Low
41275,East,Major Market,Regular Espresso,Beans,Espresso,New York,Regular,210,270,200,480,228,1459,262,63,273,548,91,High
41275,East,Major Market,Colombian,Beans,Coffee,New York,Regular,260,380,260,640,271,2101,407,94,408,759,152,High
41275,South,Small Market,Chamomile,Leaves,Herbal Tea,Louisiana,Decaf,40,60,40,100,49,623,63,16,55,125,29,Medium
41275,South,Small Market,Lemon,Leaves,Herbal Tea,Louisiana,Decaf,80,100,40,180,85,494,105,32,62,213,68,High
41275,South,Small Market,Colombian,Beans,Coffee,Louisiana,Regular,40,60,50,100,34,777,51,9,47,95,22,Low
41275,South,Small Market,Decaf Irish Cream,Beans,Coffee,Louisiana,Decaf,40,60,50,100,33,777,48,9,44,91,21,Low
41275,South,Small Market,Caffe Latte,Beans,Espresso,Louisiana,Regular,60,90,10,150,75,522,105,68,12,201,102,High
41275,South,Small Market,Caffe Mocha,Beans,Espresso,Louisiana,Regular,50,100,80,150,67,400,113,20,109,201,45,High
41275,South,Small Market,Decaf Espresso,Beans,Espresso,Louisiana,Decaf,50,70,50,120,61,390,89,19,75,168,43,Medium
41275,South,Small Market,Chamomile,Leaves,Herbal Tea,New Mexico,Decaf,10,30,20,40,18,821,27,5,17,50,17,Low
41275,South,Small Market,Lemon,Leaves,Herbal Tea,New Mexico,Decaf,20,40,20,60,28,965,34,8,6,69,32,Low
41275,South,Small Market,Colombian,Beans,Coffee,New Mexico,Regular,60,90,50,150,48,372,72,15,41,134,48,Medium
41275,South,Small Market,Decaf Irish Cream,Beans,Coffee,New Mexico,Decaf,110,10,-30,120,88,525,11,27,-61,111,52,Low
41275,South,Small Market,Caffe Latte,Beans,Espresso,New Mexico,Regular,20,30,0,50,29,169,36,11,-12,73,46,Low
41275,South,Small Market,Caffe Mocha,Beans,Espresso,New Mexico,Regular,30,40,-10,70,37,261,53,34,-16,101,66,Low
41275,South,Small Market,Decaf Espresso,Beans,Espresso,New Mexico,Decaf,30,40,10,70,35,196,47,11,14,92,40,Low
41275,South,Small Market,Chamomile,Leaves,Herbal Tea,Oklahoma,Decaf,50,60,20,110,54,312,66,20,20,134,56,Medium
41275,South,Small Market,Lemon,Leaves,Herbal Tea,Oklahoma,Decaf,70,110,30,180,79,551,111,72,16,213,106,High
41275,South,Small Market,Colombian,Beans,Coffee,Oklahoma,Regular,50,70,50,120,44,623,56,14,45,112,28,Low
41275,South,Small Market,Decaf Irish Cream,Beans,Coffee,Oklahoma,Decaf,40,60,50,100,32,821,48,8,44,90,21,Low
41275,South,Small Market,Caffe Latte,Beans,Espresso,Oklahoma,Regular,70,100,70,170,84,500,116,26,103,224,52,High
41275,South,Small Market,Caffe Mocha,Beans,Espresso,Oklahoma,Regular,20,40,40,60,32,456,48,8,44,90,21,Low
41275,South,Small Market,Decaf Espresso,Beans,Espresso,Oklahoma,Decaf,70,110,70,180,84,651,126,27,104,235,62,High
41275,South,Major Market,Chamomile,Leaves,Herbal Tea,Texas,Decaf,50,80,50,130,60,336,80,19,51,157,49,Medium
41275,South,Major Market,Lemon,Leaves,Herbal Tea,Texas,Decaf,50,80,50,130,57,364,83,18,65,157,43,Medium
41275,South,Major Market,Colombian,Beans,Coffee,Texas,Regular,260,300,220,560,207,965,245,64,248,506,90,High
41275,South,Major Market,Decaf Irish Cream,Beans,Coffee,Texas,Decaf,100,130,100,230,83,623,107,27,106,213,41,High
41275,South,Major Market,Caffe Latte,Beans,Espresso,Texas,Regular,60,90,50,150,72,558,108,23,83,201,58,High
41275,South,Major Market,Caffe Mocha,Beans,Espresso,Texas,Regular,70,110,90,180,89,777,130,24,148,245,37,High
41275,South,Major Market,Decaf Espresso,Beans,Espresso,Texas,Decaf,40,70,60,110,54,456,80,15,84,150,27,Medium
41275,West,Small Market,Chamomile,Leaves,Herbal Tea,Utah,Decaf,30,50,30,80,38,241,55,12,33,104,36,Low
41275,West,Small Market,Lemon,Leaves,Herbal Tea,Utah,Decaf,40,60,30,100,48,372,72,15,39,134,49,Medium
41275,West,Small Market,Mint,Leaves,Herbal Tea,Utah,Decaf,70,10,-30,80,88,525,11,27,-62,111,54,Low
41275,West,Small Market,Darjeeling,Leaves,Tea,Utah,Regular,20,40,0,60,37,261,53,34,-16,101,66,Low
41275,West,Small Market,Earl Grey,Leaves,Tea,Utah,Regular,20,30,10,50,35,196,47,11,14,92,40,Low
41275,West,Small Market,Green Tea,Leaves,Tea,Utah,Regular,10,30,10,40,29,169,36,11,-14,73,47,Low
41275,West,Small Market,Decaf Espresso,Beans,Espresso,Utah,Decaf,40,70,50,110,50,821,73,14,73,138,27,Medium
41275,West,Small Market,Amaretto,Beans,Coffee,Utah,Regular,90,120,80,210,78,965,92,24,73,190,47,Medium
41275,West,Small Market,Colombian,Beans,Coffee,Utah,Regular,60,100,70,160,55,312,75,18,47,145,47,Medium
41275,West,Small Market,Decaf Irish Cream,Beans,Coffee,Utah,Decaf,100,130,70,230,85,494,105,32,61,213,69,High
41275,West,Small Market,Caffe Latte,Beans,Espresso,Utah,Regular,40,60,40,100,46,777,68,12,69,128,25,Medium
41275,West,Small Market,Caffe Mocha,Beans,Espresso,Utah,Regular,40,60,40,100,49,623,63,16,53,125,30,Medium
41275,West,Major Market,Chamomile,Leaves,Herbal Tea,California,Decaf,80,120,100,200,95,821,139,26,159,262,39,High
41275,West,Major Market,Lemon,Leaves,Herbal Tea,California,Decaf,170,220,160,390,207,965,245,64,249,506,89,High
41275,West,Major Market,Mint,Leaves,Herbal Tea,California,Decaf,70,90,60,160,83,623,107,27,104,213,42,High
41275,West,Major Market,Darjeeling,Leaves,Tea,California,Regular,50,90,80,140,89,777,130,24,146,245,38,High
41275,West,Major Market,Earl Grey,Leaves,Tea,California,Regular,30,60,60,90,54,456,80,15,84,150,27,Medium
41275,West,Major Market,Green Tea,Leaves,Tea,California,Regular,40,80,50,120,72,558,108,23,84,201,57,High
41275,West,Major Market,Decaf Espresso,Beans,Espresso,California,Decaf,220,300,200,520,234,1310,312,77,316,611,114,High
41275,West,Major Market,Amaretto,Beans,Coffee,California,Regular,110,70,30,180,95,608,50,30,-3,162,55,Medium
41275,West,Major Market,Colombian,Beans,Coffee,California,Regular,340,500,370,840,271,2101,407,94,408,759,152,High
41275,West,Major Market,Decaf Irish Cream,Beans,Coffee,California,Decaf,180,-40,-120,140,144,862,-26,47,-182,132,96,Medium
41275,West,Major Market,Caffe Latte,Beans,Espresso,California,Regular,210,220,150,430,228,1459,228,63,218,510,92,High
41275,West,Major Market,Caffe Mocha,Beans,Espresso,California,Regular,100,140,20,240,105,725,145,95,26,280,134,High
41275,West,Small Market,Chamomile,Leaves,Herbal Tea,Nevada,Decaf,90,130,30,220,105,725,145,95,25,280,135,High
41275,West,Small Market,Lemon,Leaves,Herbal Tea,Nevada,Decaf,120,180,120,300,144,862,201,47,173,386,94,High
41275,West,Small Market,Mint,Leaves,Herbal Tea,Nevada,Decaf,80,120,90,200,95,608,139,30,134,262,56,High
41275,West,Small Market,Darjeeling,Leaves,Tea,Nevada,Regular,150,220,150,370,234,1310,312,77,316,611,114,High
41275,West,Small Market,Earl Grey,Leaves,Tea,Nevada,Regular,150,160,100,310,228,1459,228,63,220,510,91,High
41275,West,Small Market,Green Tea,Leaves,Tea,Nevada,Regular,160,-160,-240,0,245,1419,-245,93,-552,19,132,Low
41275,West,Small Market,Decaf Espresso,Beans,Espresso,Nevada,Decaf,10,30,20,40,17,777,26,4,17,48,16,Low
41275,West,Small Market,Colombian,Beans,Coffee,Nevada,Regular,40,50,10,90,34,197,42,12,-5,85,47,Low
41275,West,Small Market,Decaf Irish Cream,Beans,Coffee,Nevada,Decaf,30,40,20,70,28,965,34,8,6,69,32,Low
41275,West,Small Market,Caffe Latte,Beans,Espresso,Nevada,Regular,10,30,20,40,17,777,26,4,17,48,16,Low
41275,West,Small Market,Caffe Mocha,Beans,Espresso,Nevada,Regular,10,30,20,40,18,821,27,5,16,50,18,Low
41275,West,Small Market,Chamomile,Leaves,Herbal Tea,Oregon,Decaf,30,40,40,70,36,777,54,10,51,101,22,Low
41275,West,Small Market,Lemon,Leaves,Herbal Tea,Oregon,Decaf,30,50,30,80,44,623,56,14,45,112,28,Low
41275,West,Small Market,Darjeeling,Leaves,Tea,Oregon,Regular,20,30,30,50,32,456,48,8,44,90,21,Low
41275,West,Small Market,Earl Grey,Leaves,Tea,Oregon,Regular,50,90,60,140,84,651,126,27,106,235,61,High
41275,West,Small Market,Green Tea,Leaves,Tea,Oregon,Regular,50,80,50,130,84,500,116,26,104,224,51,High
41275,West,Small Market,Decaf Espresso,Beans,Espresso,Oregon,Decaf,160,160,100,320,170,1091,171,47,154,382,76,High
41275,West,Small Market,Amaretto,Beans,Coffee,Oregon,Regular,70,110,40,180,63,435,87,57,2,168,90,Medium
41275,West,Small Market,Colombian,Beans,Coffee,Oregon,Regular,80,120,60,200,67,400,93,22,44,179,68,Medium
41275,West,Small Market,Decaf Irish Cream,Beans,Coffee,Oregon,Decaf,70,100,70,170,57,364,83,18,65,157,43,Medium
41275,West,Small Market,Caffe Latte,Beans,Espresso,Oregon,Regular,50,70,20,120,58,338,72,22,25,145,59,Medium
41275,West,Small Market,Caffe Mocha,Beans,Espresso,Oregon,Regular,50,80,50,130,60,336,80,19,51,157,49,Medium
41275,West,Small Market,Chamomile,Leaves,Herbal Tea,Washington,Decaf,100,170,120,270,124,961,186,40,179,347,75,High
41275,West,Small Market,Lemon,Leaves,Herbal Tea,Washington,Decaf,20,50,50,70,34,777,51,9,47,95,22,Low
41275,West,Small Market,Darjeeling,Leaves,Tea,Washington,Regular,40,80,50,120,67,400,113,20,109,201,45,High
41275,West,Small Market,Earl Grey,Leaves,Tea,Washington,Regular,40,60,40,100,61,390,89,19,75,168,43,Medium
41275,West,Small Market,Green Tea,Leaves,Tea,Washington,Regular,40,80,20,120,75,522,105,68,12,201,102,High
41275,West,Small Market,Caffe Latte,Beans,Espresso,Washington,Regular,40,60,40,100,48,623,62,15,55,123,28,Medium
41275,West,Small Market,Caffe Mocha,Beans,Espresso,Washington,Regular,50,60,20,110,54,312,66,20,20,134,56,Medium
41275,West,Small Market,Decaf Espresso,Beans,Espresso,Washington,Decaf,60,80,60,140,69,965,81,21,61,168,44,Medium
41275,West,Small Market,Colombian,Beans,Coffee,Washington,Regular,60,100,70,160,53,338,77,16,59,145,41,Medium
41275,West,Small Market,Decaf Irish Cream,Beans,Coffee,Washington,Decaf,90,140,60,230,79,551,111,72,14,213,107,High
41306,Central,Major Market,Chamomile,Leaves,Herbal Tea,Colorado,Decaf,140,150,100,290,170,1073,170,47,147,362,71,High
41306,Central,Major Market,Lemon,Leaves,Herbal Tea,Colorado,Decaf,40,70,10,110,54,427,75,49,-4,137,78,Medium
41306,Central,Major Market,Mint,Leaves,Herbal Tea,Colorado,Decaf,50,70,40,120,60,329,80,19,49,149,47,Medium
41306,Central,Major Market,Darjeeling,Leaves,Tea,Colorado,Regular,50,60,10,110,59,331,73,22,27,141,55,Medium
41306,Central,Major Market,Earl Grey,Leaves,Tea,Colorado,Regular,50,60,30,110,62,958,74,19,50,145,40,Medium
41306,Central,Major Market,Green Tea,Leaves,Tea,Colorado,Regular,30,50,30,80,44,618,56,14,45,107,26,Low
41306,Central,Major Market,Caffe Mocha,Beans,Espresso,Colorado,Regular,80,140,110,220,77,449,112,21,119,201,32,High
41306,Central,Major Market,Decaf Espresso,Beans,Espresso,Colorado,Decaf,80,140,90,220,75,549,114,24,88,201,55,High
41306,Central,Major Market,Amaretto,Beans,Coffee,Colorado,Regular,100,150,120,250,99,766,144,27,156,259,39,High
41306,Central,Major Market,Colombian,Beans,Coffee,Colorado,Regular,80,110,80,190,83,613,107,27,101,202,39,High
41306,Central,Major Market,Decaf Irish Cream,Beans,Coffee,Colorado,Decaf,100,140,110,240,95,809,137,26,147,247,38,High
41306,Central,Major Market,Chamomile,Leaves,Herbal Tea,Illinois,Decaf,80,130,110,210,99,766,144,27,156,259,39,High
41306,Central,Major Market,Lemon,Leaves,Herbal Tea,Illinois,Decaf,70,90,60,160,83,613,107,27,101,202,39,High
41306,Central,Major Market,Mint,Leaves,Herbal Tea,Illinois,Decaf,80,120,100,200,95,809,137,26,147,247,38,High
41306,Central,Major Market,Darjeeling,Leaves,Tea,Illinois,Regular,60,100,80,160,77,449,112,21,117,201,33,High
41306,Central,Major Market,Earl Grey,Leaves,Tea,Illinois,Regular,60,100,50,160,75,549,114,24,88,201,55,High
41306,Central,Major Market,Caffe Mocha,Beans,Espresso,Illinois,Regular,270,370,260,640,234,1282,311,77,298,581,110,High
41306,Central,Major Market,Decaf Espresso,Beans,Espresso,Illinois,Decaf,260,270,180,530,228,1436,229,63,211,487,87,High
41306,Central,Major Market,Colombian,Beans,Coffee,Illinois,Regular,150,220,140,370,148,844,206,48,171,377,91,High
41306,Central,Major Market,Decaf Irish Cream,Beans,Coffee,Illinois,Decaf,110,150,100,260,104,596,150,33,141,271,55,High
41306,Central,Small Market,Chamomile,Leaves,Herbal Tea,Iowa,Decaf,200,270,190,470,234,1282,311,77,298,581,110,High
41306,Central,Small Market,Lemon,Leaves,Herbal Tea,Iowa,Decaf,80,140,110,220,104,596,150,33,141,271,55,High
41306,Central,Small Market,Darjeeling,Leaves,Tea,Iowa,Regular,190,210,140,400,228,1436,229,63,209,487,88,High
41306,Central,Small Market,Earl Grey,Leaves,Tea,Iowa,Regular,200,260,150,460,240,1391,294,91,251,569,125,High
41306,Central,Small Market,Caffe Mocha,Beans,Espresso,Iowa,Regular,20,30,20,50,19,774,28,5,16,50,17,Low
41306,Central,Small Market,Decaf Espresso,Beans,Espresso,Iowa,Decaf,0,50,40,50,0,774,43,0,47,46,11,Low
41306,Central,Small Market,Amaretto,Beans,Coffee,Iowa,Regular,10,30,20,40,18,818,27,5,15,48,17,Low
41306,Central,Small Market,Colombian,Beans,Coffee,Iowa,Regular,20,40,20,60,28,961,35,8,9,67,29,Low
41306,Central,Small Market,Decaf Irish Cream,Beans,Coffee,Iowa,Decaf,20,30,20,50,23,620,31,7,18,58,19,Low
41306,Central,Small Market,Chamomile,Leaves,Herbal Tea,Missouri,Decaf,30,60,10,90,43,256,61,39,-12,111,69,Low
41306,Central,Small Market,Lemon,Leaves,Herbal Tea,Missouri,Decaf,70,10,-20,80,84,625,18,26,-47,109,50,Low
41306,Central,Small Market,Darjeeling,Leaves,Tea,Missouri,Regular,30,40,10,70,35,191,47,11,13,87,38,Low
41306,Central,Small Market,Earl Grey,Leaves,Tea,Missouri,Regular,20,30,-10,50,30,165,38,11,-10,72,45,Low
41306,Central,Small Market,Green Tea,Leaves,Tea,Missouri,Regular,20,40,0,60,33,193,41,12,-6,79,45,Low
41306,Central,Small Market,Caffe Mocha,Beans,Espresso,Missouri,Regular,50,90,70,140,50,814,73,14,71,131,25,Medium
41306,Central,Small Market,Decaf Espresso,Beans,Espresso,Missouri,Decaf,40,80,60,120,42,771,61,11,56,110,23,Low
41306,Central,Small Market,Colombian,Beans,Coffee,Missouri,Regular,90,110,50,200,86,484,107,32,62,206,65,High
41306,Central,Small Market,Decaf Irish Cream,Beans,Coffee,Missouri,Decaf,70,100,60,170,75,956,90,23,68,176,44,Medium
41306,Central,Major Market,Chamomile,Leaves,Herbal Tea,Ohio,Decaf,10,30,30,40,22,452,34,6,25,60,17,Low
41306,Central,Major Market,Lemon,Leaves,Herbal Tea,Ohio,Decaf,20,50,50,70,32,817,48,8,42,85,20,Low
41306,Central,Major Market,Darjeeling,Leaves,Tea,Ohio,Regular,60,110,60,170,80,640,120,26,92,213,58,High
41306,Central,Major Market,Earl Grey,Leaves,Tea,Ohio,Regular,70,110,70,180,86,490,120,26,105,220,49,High
41306,Central,Major Market,Caffe Mocha,Beans,Espresso,Ohio,Regular,190,210,140,400,170,1073,170,47,145,362,72,High
41306,Central,Major Market,Decaf Espresso,Beans,Espresso,Ohio,Decaf,60,90,40,150,59,331,73,22,27,141,55,Medium
41306,Central,Major Market,Amaretto,Beans,Coffee,Ohio,Regular,60,80,50,140,60,329,80,19,49,149,47,Medium
41306,Central,Major Market,Colombian,Beans,Coffee,Ohio,Regular,50,80,50,130,52,357,76,16,56,136,38,Medium
41306,Central,Major Market,Decaf Irish Cream,Beans,Coffee,Ohio,Decaf,50,80,20,130,54,427,75,49,-4,137,78,Medium
41306,Central,Small Market,Chamomile,Leaves,Herbal Tea,Wisconsin,Decaf,50,100,80,150,65,372,109,20,98,185,43,Medium
41306,Central,Small Market,Lemon,Leaves,Herbal Tea,Wisconsin,Decaf,40,60,50,100,47,772,68,13,64,123,25,Medium
41306,Central,Small Market,Darjeeling,Leaves,Tea,Wisconsin,Regular,40,80,50,120,56,382,81,17,61,146,40,Medium
41306,Central,Small Market,Earl Grey,Leaves,Tea,Wisconsin,Regular,50,80,10,130,65,513,90,58,4,165,87,Medium
41306,Central,Small Market,Caffe Mocha,Beans,Espresso,Wisconsin,Regular,80,100,60,180,70,957,84,21,62,164,42,Medium
41306,Central,Small Market,Decaf Espresso,Beans,Espresso,Wisconsin,Decaf,50,70,50,120,48,617,62,15,52,117,27,Medium
41306,Central,Small Market,Amaretto,Beans,Coffee,Wisconsin,Regular,50,70,30,120,53,306,65,20,18,126,53,Medium
41306,Central,Small Market,Colombian,Beans,Coffee,Wisconsin,Regular,90,140,40,230,92,541,128,83,22,234,113,High
41306,Central,Small Market,Decaf Irish Cream,Beans,Coffee,Wisconsin,Decaf,80,100,60,180,77,423,103,25,74,192,53,High
41306,East,Small Market,Lemon,Leaves,Herbal Tea,Connecticut,Decaf,60,90,50,150,86,484,107,32,61,206,66,High
41306,East,Small Market,Mint,Leaves,Herbal Tea,Connecticut,Decaf,50,70,50,120,75,956,90,23,68,176,44,Medium
41306,East,Small Market,Darjeeling,Leaves,Tea,Connecticut,Regular,50,80,60,130,50,814,73,14,71,131,25,Medium
41306,East,Small Market,Green Tea,Leaves,Tea,Connecticut,Regular,20,50,40,70,27,772,39,7,31,70,18,Low
41306,East,Small Market,Caffe Mocha,Beans,Espresso,Connecticut,Regular,60,90,20,150,65,513,90,58,4,165,87,Medium
41306,East,Small Market,Decaf Espresso,Beans,Espresso,Connecticut,Decaf,50,70,40,120,55,305,75,18,43,139,46,Medium
41306,East,Small Market,Colombian,Beans,Coffee,Connecticut,Regular,120,180,130,300,130,945,195,42,180,346,74,High
41306,East,Major Market,Chamomile,Leaves,Herbal Tea,Florida,Decaf,30,50,30,80,48,617,62,15,50,117,28,Medium
41306,East,Major Market,Lemon,Leaves,Herbal Tea,Florida,Decaf,40,50,20,90,53,306,65,20,18,126,53,Medium
41306,East,Major Market,Mint,Leaves,Herbal Tea,Florida,Decaf,50,70,50,120,70,957,84,21,62,164,42,Medium
41306,East,Major Market,Darjeeling,Leaves,Tea,Florida,Regular,30,50,40,80,32,817,48,8,42,85,20,Low
41306,East,Major Market,Green Tea,Leaves,Tea,Florida,Regular,40,80,60,120,47,772,68,13,65,123,24,Medium
41306,East,Major Market,Caffe Mocha,Beans,Espresso,Florida,Regular,80,130,40,210,92,541,128,83,24,234,112,High
41306,East,Major Market,Decaf Espresso,Beans,Espresso,Florida,Decaf,70,100,60,170,77,423,103,25,76,192,52,High
41306,East,Major Market,Colombian,Beans,Coffee,Florida,Regular,70,120,80,190,80,640,120,26,93,213,57,High
41306,East,Major Market,Decaf Irish Cream,Beans,Coffee,Florida,Decaf,80,110,70,190,86,490,120,26,105,220,49,High
41306,East,Major Market,Lemon,Leaves,Herbal Tea,Massachusetts,Decaf,40,60,30,100,59,331,73,22,27,141,55,Medium
41306,East,Major Market,Darjeeling,Leaves,Tea,Massachusetts,Regular,30,50,40,80,32,817,48,8,42,85,20,Low
41306,East,Major Market,Green Tea,Leaves,Tea,Massachusetts,Regular,20,40,30,60,22,452,34,6,25,60,17,Low
41306,East,Major Market,Caffe Mocha,Beans,Espresso,Massachusetts,Regular,50,70,10,120,54,451,74,49,-6,136,78,Medium
41306,East,Major Market,Regular Espresso,Beans,Espresso,Massachusetts,Regular,160,170,110,330,170,1073,170,47,147,362,71,High
41306,East,Major Market,Colombian,Beans,Coffee,Massachusetts,Regular,70,370,330,440,75,235,395,24,505,501,55,High
41306,East,Small Market,Lemon,Leaves,Herbal Tea,New Hampshire,Decaf,20,30,0,50,33,193,41,12,-6,79,45,Low
41306,East,Small Market,Darjeeling,Leaves,Tea,New Hampshire,Regular,10,30,20,40,18,818,27,5,16,48,16,Low
41306,East,Small Market,Green Tea,Leaves,Tea,New Hampshire,Regular,0,40,30,40,0,774,43,0,47,46,11,Low
41306,East,Small Market,Caffe Mocha,Beans,Espresso,New Hampshire,Regular,40,60,10,100,43,256,61,39,-10,111,68,Low
41306,East,Small Market,Regular Espresso,Beans,Espresso,New Hampshire,Regular,20,40,0,60,30,165,38,11,-9,72,44,Low
41306,East,Small Market,Amaretto,Beans,Coffee,New Hampshire,Regular,30,60,40,90,41,236,60,13,37,108,35,Low
41306,East,Small Market,Colombian,Beans,Coffee,New Hampshire,Regular,40,60,30,100,45,366,69,14,34,121,46,Medium
41306,East,Major Market,Lemon,Leaves,Herbal Tea,New York,Decaf,180,200,110,380,240,1454,255,91,194,528,124,High
41306,East,Major Market,Mint,Leaves,Herbal Tea,New York,Decaf,160,-20,-80,140,213,1214,-33,66,-178,192,87,High
41306,East,Major Market,Darjeeling,Leaves,Tea,New York,Regular,100,150,120,250,95,809,137,26,148,247,37,High
41306,East,Major Market,Earl Grey,Leaves,Tea,New York,Regular,100,160,130,260,99,766,144,27,156,259,39,High
41306,East,Major Market,Green Tea,Leaves,Tea,New York,Regular,80,120,90,200,77,449,112,21,117,201,33,High
41306,East,Major Market,Caffe Mocha,Beans,Espresso,New York,Regular,110,-60,-190,50,121,901,-60,110,-301,65,143,Low
41306,East,Major Market,Regular Espresso,Beans,Espresso,New York,Regular,210,350,280,560,228,1402,352,63,392,618,88,High
41306,East,Major Market,Colombian,Beans,Coffee,New York,Regular,240,370,250,610,258,2067,387,90,364,687,142,High
41306,South,Small Market,Chamomile,Leaves,Herbal Tea,Louisiana,Decaf,40,60,40,100,49,617,63,16,52,119,28,Medium
41306,South,Small Market,Lemon,Leaves,Herbal Tea,Louisiana,Decaf,80,100,40,180,86,484,107,32,62,206,65,High
41306,South,Small Market,Colombian,Beans,Coffee,Louisiana,Regular,40,70,60,110,38,772,56,10,50,100,22,Low
41306,South,Small Market,Decaf Irish Cream,Beans,Coffee,Louisiana,Decaf,50,90,70,140,47,772,68,13,65,123,24,Medium
41306,South,Small Market,Caffe Latte,Beans,Espresso,Louisiana,Regular,50,80,10,130,65,342,90,58,3,165,88,Medium
41306,South,Small Market,Caffe Mocha,Beans,Espresso,Louisiana,Regular,50,90,70,140,65,372,109,20,96,185,44,Medium
41306,South,Small Market,Decaf Espresso,Beans,Espresso,Louisiana,Decaf,40,70,50,110,56,382,81,17,61,146,40,Medium
41306,South,Small Market,Chamomile,Leaves,Herbal Tea,New Mexico,Decaf,10,30,20,40,18,818,27,5,15,48,17,Low
41306,South,Small Market,Lemon,Leaves,Herbal Tea,New Mexico,Decaf,20,40,20,60,28,961,35,8,7,67,30,Low
41306,South,Small Market,Colombian,Beans,Coffee,New Mexico,Regular,50,90,50,140,45,366,69,14,36,121,45,Medium
41306,South,Small Market,Decaf Irish Cream,Beans,Coffee,New Mexico,Decaf,100,20,-20,120,84,625,18,26,-46,109,49,Low
41306,South,Small Market,Caffe Latte,Beans,Espresso,New Mexico,Regular,20,30,0,50,30,104,38,11,-10,72,45,Low
41306,South,Small Market,Caffe Mocha,Beans,Espresso,New Mexico,Regular,30,50,0,80,43,256,61,39,-10,111,68,Low
41306,South,Small Market,Decaf Espresso,Beans,Espresso,New Mexico,Decaf,30,40,10,70,35,191,47,11,12,87,39,Low
41306,South,Small Market,Chamomile,Leaves,Herbal Tea,Oklahoma,Decaf,50,60,20,110,53,306,65,20,16,126,54,Medium
41306,South,Small Market,Lemon,Leaves,Herbal Tea,Oklahoma,Decaf,80,130,40,210,92,541,128,83,22,234,113,High
41306,South,Small Market,Colombian,Beans,Coffee,Oklahoma,Regular,50,70,50,120,44,618,56,14,43,107,27,Low
41306,South,Small Market,Decaf Irish Cream,Beans,Coffee,Oklahoma,Decaf,40,60,50,100,32,817,48,8,43,85,19,Low
41306,South,Small Market,Caffe Latte,Beans,Espresso,Oklahoma,Regular,70,100,70,170,86,300,120,26,104,220,50,High
41306,South,Small Market,Caffe Mocha,Beans,Espresso,Oklahoma,Regular,10,30,30,40,22,452,34,6,25,60,17,Low
41306,South,Small Market,Decaf Espresso,Beans,Espresso,Oklahoma,Decaf,60,110,70,170,80,640,120,26,93,213,57,High
41306,South,Major Market,Chamomile,Leaves,Herbal Tea,Texas,Decaf,50,80,50,130,60,329,80,19,49,149,47,Medium
41306,South,Major Market,Lemon,Leaves,Herbal Tea,Texas,Decaf,40,80,50,120,52,357,76,16,56,136,38,Medium
41306,South,Major Market,Colombian,Beans,Coffee,Texas,Regular,260,320,240,580,213,942,252,66,243,496,88,High
41306,South,Major Market,Decaf Irish Cream,Beans,Coffee,Texas,Decaf,100,130,100,230,83,613,107,27,101,202,39,High
41306,South,Major Market,Caffe Latte,Beans,Espresso,Texas,Regular,60,100,60,160,75,378,114,24,86,201,56,High
41306,South,Major Market,Caffe Mocha,Beans,Espresso,Texas,Regular,80,120,100,200,99,766,144,27,157,259,38,High
41306,South,Major Market,Decaf Espresso,Beans,Espresso,Texas,Decaf,60,100,90,160,77,449,112,21,119,201,32,High
41306,West,Small Market,Chamomile,Leaves,Herbal Tea,Utah,Decaf,30,50,30,80,41,236,60,13,36,108,36,Low
41306,West,Small Market,Lemon,Leaves,Herbal Tea,Utah,Decaf,30,70,40,100,45,366,69,14,36,121,45,Medium
41306,West,Small Market,Mint,Leaves,Herbal Tea,Utah,Decaf,70,10,-30,80,84,625,18,26,-46,109,49,Low
41306,West,Small Market,Darjeeling,Leaves,Tea,Utah,Regular,20,50,10,70,43,256,61,39,-10,111,68,Low
41306,West,Small Market,Earl Grey,Leaves,Tea,Utah,Regular,20,30,10,50,35,191,47,11,13,87,38,Low
41306,West,Small Market,Green Tea,Leaves,Tea,Utah,Regular,10,30,10,40,30,165,38,11,-9,72,44,Low
41306,West,Small Market,Decaf Espresso,Beans,Espresso,Utah,Decaf,40,70,50,110,50,814,73,14,71,131,25,Medium
41306,West,Small Market,Amaretto,Beans,Coffee,Utah,Regular,90,110,70,200,75,956,90,23,68,176,44,Medium
41306,West,Small Market,Colombian,Beans,Coffee,Utah,Regular,60,100,70,160,55,305,75,18,45,139,45,Medium
41306,West,Small Market,Decaf Irish Cream,Beans,Coffee,Utah,Decaf,100,140,80,240,86,484,107,32,61,206,66,High
41306,West,Small Market,Caffe Latte,Beans,Espresso,Utah,Regular,40,50,30,90,42,771,61,11,56,110,23,Low
41306,West,Small Market,Caffe Mocha,Beans,Espresso,Utah,Regular,40,60,40,100,49,617,63,16,52,119,28,Medium
41306,West,Major Market,Chamomile,Leaves,Herbal Tea,California,Decaf,80,120,100,200,95,809,137,26,148,247,37,High
41306,West,Major Market,Lemon,Leaves,Herbal Tea,California,Decaf,180,220,160,400,213,942,252,66,243,496,88,High
41306,West,Major Market,Mint,Leaves,Herbal Tea,California,Decaf,70,90,60,160,83,613,107,27,101,202,39,High
41306,West,Major Market,Darjeeling,Leaves,Tea,California,Regular,60,100,90,160,99,766,144,27,157,259,38,High
41306,West,Major Market,Earl Grey,Leaves,Tea,California,Regular,50,70,60,120,77,449,112,21,119,201,32,High
41306,West,Major Market,Green Tea,Leaves,Tea,California,Regular,40,80,50,120,75,549,114,24,86,201,56,High
41306,West,Major Market,Decaf Espresso,Beans,Espresso,California,Decaf,220,300,200,520,234,1282,311,77,300,581,109,High
41306,West,Major Market,Amaretto,Beans,Coffee,California,Regular,130,30,-20,160,104,685,28,33,-40,141,55,Medium
41306,West,Major Market,Colombian,Beans,Coffee,California,Regular,320,480,360,800,258,2067,387,90,364,687,142,High
41306,West,Major Market,Decaf Irish Cream,Beans,Coffee,California,Decaf,180,-30,-110,150,148,1071,-26,48,-174,130,91,Medium
41306,West,Major Market,Caffe Latte,Beans,Espresso,California,Regular,210,220,150,430,228,1436,229,63,211,487,87,High
41306,West,Major Market,Caffe Mocha,Beans,Espresso,California,Regular,110,160,30,270,121,712,169,110,39,309,143,High
41306,West,Small Market,Chamomile,Leaves,Herbal Tea,Nevada,Decaf,100,150,40,250,121,712,169,110,39,309,143,High
41306,West,Small Market,Lemon,Leaves,Herbal Tea,Nevada,Decaf,120,190,120,310,148,844,206,48,171,377,91,High
41306,West,Small Market,Mint,Leaves,Herbal Tea,Nevada,Decaf,80,140,110,220,104,596,150,33,140,271,56,High
41306,West,Small Market,Darjeeling,Leaves,Tea,Nevada,Regular,150,220,150,370,234,1282,311,77,300,581,109,High
41306,West,Small Market,Earl Grey,Leaves,Tea,Nevada,Regular,150,160,100,310,228,1436,229,63,211,487,87,High
41306,West,Small Market,Green Tea,Leaves,Tea,Nevada,Regular,150,-150,-220,0,240,1937,-240,91,-508,25,125,Low
41306,West,Small Market,Decaf Espresso,Beans,Espresso,Nevada,Decaf,10,30,20,40,19,774,28,5,16,50,17,Low
41306,West,Small Market,Colombian,Beans,Coffee,Nevada,Regular,40,50,10,90,33,193,41,12,-7,79,46,Low
41306,West,Small Market,Decaf Irish Cream,Beans,Coffee,Nevada,Decaf,30,40,20,70,28,961,35,8,9,67,29,Low
41306,West,Small Market,Caffe Latte,Beans,Espresso,Nevada,Regular,0,40,30,40,0,774,43,0,46,46,12,Low
41306,West,Small Market,Caffe Mocha,Beans,Espresso,Nevada,Regular,10,30,20,40,18,818,27,5,15,48,17,Low
41306,West,Small Market,Chamomile,Leaves,Herbal Tea,Oregon,Decaf,20,50,50,70,33,772,48,9,42,86,20,Low
41306,West,Small Market,Lemon,Leaves,Herbal Tea,Oregon,Decaf,30,50,30,80,44,618,56,14,45,107,26,Low
41306,West,Small Market,Darjeeling,Leaves,Tea,Oregon,Regular,10,20,20,30,22,452,34,6,25,60,17,Low
41306,West,Small Market,Earl Grey,Leaves,Tea,Oregon,Regular,50,80,50,130,80,640,120,26,92,213,58,High
41306,West,Small Market,Green Tea,Leaves,Tea,Oregon,Regular,50,90,60,140,86,490,120,26,105,220,49,High
41306,West,Small Market,Decaf Espresso,Beans,Espresso,Oregon,Decaf,160,160,100,320,170,1073,170,47,147,362,71,High
41306,West,Small Market,Amaretto,Beans,Coffee,Oregon,Regular,60,100,40,160,54,427,75,49,-6,137,79,Medium
41306,West,Small Market,Colombian,Beans,Coffee,Oregon,Regular,80,110,50,190,65,392,90,21,37,165,65,Medium
41306,West,Small Market,Decaf Irish Cream,Beans,Coffee,Oregon,Decaf,60,100,70,160,52,357,76,16,56,136,38,Medium
41306,West,Small Market,Caffe Latte,Beans,Espresso,Oregon,Regular,50,70,20,120,59,331,73,22,27,141,55,Medium
41306,West,Small Market,Caffe Mocha,Beans,Espresso,Oregon,Regular,50,80,50,130,60,329,80,19,49,149,47,Medium
41306,West,Small Market,Chamomile,Leaves,Herbal Tea,Washington,Decaf,110,170,120,280,130,945,195,42,180,346,74,High
41306,West,Small Market,Lemon,Leaves,Herbal Tea,Washington,Decaf,30,50,50,80,38,772,56,10,50,100,22,Low
41306,West,Small Market,Darjeeling,Leaves,Tea,Washington,Regular,40,70,40,110,65,372,109,20,98,185,43,Medium
41306,West,Small Market,Earl Grey,Leaves,Tea,Washington,Regular,30,60,40,90,56,382,81,17,61,146,40,Medium
41306,West,Small Market,Green Tea,Leaves,Tea,Washington,Regular,40,60,10,100,65,513,90,58,4,165,87,Medium
41306,West,Small Market,Caffe Latte,Beans,Espresso,Washington,Regular,40,60,40,100,48,617,62,15,52,117,27,Medium
41306,West,Small Market,Caffe Mocha,Beans,Espresso,Washington,Regular,50,60,20,110,53,306,65,20,18,126,53,Medium
41306,West,Small Market,Decaf Espresso,Beans,Espresso,Washington,Decaf,60,80,60,140,70,957,84,21,61,164,43,Medium
41306,West,Small Market,Colombian,Beans,Coffee,Washington,Regular,70,100,70,170,58,331,84,18,65,151,40,Medium
41306,West,Small Market,Decaf Irish Cream,Beans,Coffee,Washington,Decaf,110,160,60,270,92,541,128,83,22,234,113,High
41334,Central,Major Market,Chamomile,Leaves,Herbal Tea,Colorado,Decaf,130,150,100,280,162,1059,163,45,140,346,69,High
41334,Central,Major Market,Lemon,Leaves,Herbal Tea,Colorado,Decaf,40,70,20,110,52,421,73,47,-6,133,77,Medium
41334,Central,Major Market,Mint,Leaves,Herbal Tea,Colorado,Decaf,40,70,40,110,57,323,77,18,46,143,46,Medium
41334,Central,Major Market,Darjeeling,Leaves,Tea,Colorado,Regular,40,70,20,110,58,325,71,22,24,137,55,Medium
41334,Central,Major Market,Earl Grey,Leaves,Tea,Colorado,Regular,50,60,30,110,62,952,73,19,47,144,41,Medium
41334,Central,Major Market,Green Tea,Leaves,Tea,Colorado,Regular,30,50,30,80,43,613,55,14,43,104,26,Low
41334,Central,Major Market,Caffe Mocha,Beans,Espresso,Colorado,Regular,90,140,110,230,81,441,117,22,125,211,33,High
41334,Central,Major Market,Decaf Espresso,Beans,Espresso,Colorado,Decaf,80,130,80,210,72,541,108,23,80,192,54,High
41334,Central,Major Market,Amaretto,Beans,Coffee,Colorado,Regular,90,130,100,220,87,756,126,24,134,227,36,High
41334,Central,Major Market,Colombian,Beans,Coffee,Colorado,Regular,80,120,90,200,84,603,109,27,102,206,40,High
41334,Central,Major Market,Decaf Irish Cream,Beans,Coffee,Colorado,Decaf,100,140,110,240,95,799,139,26,150,249,38,High
41334,Central,Major Market,Chamomile,Leaves,Herbal Tea,Illinois,Decaf,70,110,90,180,87,756,126,24,135,227,35,High
41334,Central,Major Market,Lemon,Leaves,Herbal Tea,Illinois,Decaf,70,90,60,160,84,603,109,27,104,206,39,High
41334,Central,Major Market,Mint,Leaves,Herbal Tea,Illinois,Decaf,80,120,100,200,95,799,139,26,151,249,37,High
41334,Central,Major Market,Darjeeling,Leaves,Tea,Illinois,Regular,60,110,80,170,81,441,117,22,125,211,33,High
41334,Central,Major Market,Earl Grey,Leaves,Tea,Illinois,Regular,60,90,40,150,72,541,108,23,79,192,55,High
41334,Central,Major Market,Caffe Mocha,Beans,Espresso,Illinois,Regular,280,380,260,660,243,1260,324,80,313,604,113,High
41334,Central,Major Market,Decaf Espresso,Beans,Espresso,Illinois,Decaf,270,290,200,560,239,1417,239,66,220,509,91,High
41334,Central,Major Market,Colombian,Beans,Coffee,Illinois,Regular,160,220,140,380,154,829,213,50,177,391,94,High
41334,Central,Major Market,Decaf Irish Cream,Beans,Coffee,Illinois,Decaf,110,170,120,280,109,585,158,34,151,285,56,High
41334,Central,Small Market,Chamomile,Leaves,Herbal Tea,Iowa,Decaf,200,290,210,490,243,1260,324,80,315,604,112,High
41334,Central,Small Market,Lemon,Leaves,Herbal Tea,Iowa,Decaf,90,140,110,230,109,585,158,34,151,285,56,High
41334,Central,Small Market,Darjeeling,Leaves,Tea,Iowa,Regular,200,220,140,420,239,1417,239,66,220,509,91,High
41334,Central,Small Market,Earl Grey,Leaves,Tea,Iowa,Regular,210,270,160,480,245,1369,301,93,260,582,126,High
41334,Central,Small Market,Caffe Mocha,Beans,Espresso,Iowa,Regular,10,30,20,40,16,772,25,4,13,44,16,Low
41334,Central,Small Market,Decaf Espresso,Beans,Espresso,Iowa,Decaf,0,50,40,50,0,731,43,0,47,46,11,Low
41334,Central,Small Market,Amaretto,Beans,Coffee,Iowa,Regular,10,30,20,40,18,816,27,5,15,48,17,Low
41334,Central,Small Market,Colombian,Beans,Coffee,Iowa,Regular,20,40,20,60,28,958,35,8,9,67,29,Low
41334,Central,Small Market,Decaf Irish Cream,Beans,Coffee,Iowa,Decaf,20,30,20,50,23,617,31,7,18,58,19,Low
41334,Central,Small Market,Chamomile,Leaves,Herbal Tea,Missouri,Decaf,30,60,10,90,44,251,63,40,-9,114,69,Medium
41334,Central,Small Market,Lemon,Leaves,Herbal Tea,Missouri,Decaf,70,20,-10,90,88,715,18,27,-47,113,50,Low
41334,Central,Small Market,Darjeeling,Leaves,Tea,Missouri,Regular,30,40,10,70,36,187,49,11,16,91,38,Low
41334,Central,Small Market,Earl Grey,Leaves,Tea,Missouri,Regular,20,40,0,60,33,162,42,12,-4,80,45,Low
41334,Central,Small Market,Green Tea,Leaves,Tea,Missouri,Regular,20,40,0,60,33,190,42,12,-6,80,46,Low
41334,Central,Small Market,Caffe Mocha,Beans,Espresso,Missouri,Regular,50,90,70,140,49,809,72,13,70,129,25,Medium
41334,Central,Small Market,Decaf Espresso,Beans,Espresso,Missouri,Decaf,50,80,60,130,48,766,70,13,67,126,25,Medium
41334,Central,Small Market,Colombian,Beans,Coffee,Missouri,Regular,90,100,40,190,85,476,104,32,58,201,65,High
41334,Central,Small Market,Decaf Irish Cream,Beans,Coffee,Missouri,Decaf,70,100,60,170,74,949,89,22,67,174,44,Medium
41334,Central,Major Market,Chamomile,Leaves,Herbal Tea,Ohio,Decaf,10,30,30,40,21,449,32,5,22,56,17,Low
41334,Central,Major Market,Lemon,Leaves,Herbal Tea,Ohio,Decaf,20,40,40,60,32,813,47,8,42,84,19,Low
41334,Central,Major Market,Darjeeling,Leaves,Tea,Ohio,Regular,70,110,60,180,84,632,126,27,101,224,58,High
41334,Central,Major Market,Earl Grey,Leaves,Tea,Ohio,Regular,70,110,70,180,89,481,125,27,110,228,51,High
41334,Central,Major Market,Caffe Mocha,Beans,Espresso,Ohio,Regular,180,200,130,380,162,1059,163,45,140,346,69,High
41334,Central,Major Market,Decaf Espresso,Beans,Espresso,Ohio,Decaf,60,90,40,150,58,325,71,22,22,137,56,Medium
41334,Central,Major Market,Amaretto,Beans,Coffee,Ohio,Regular,60,80,50,140,57,323,77,18,47,143,45,Medium
41334,Central,Major Market,Colombian,Beans,Coffee,Ohio,Regular,50,70,40,120,49,351,72,15,52,129,37,Medium
41334,Central,Major Market,Decaf Irish Cream,Beans,Coffee,Ohio,Decaf,50,80,20,130,52,421,73,47,-6,133,77,Medium
41334,Central,Small Market,Chamomile,Leaves,Herbal Tea,Wisconsin,Decaf,50,90,70,140,62,346,105,19,93,178,42,Medium
41334,Central,Small Market,Lemon,Leaves,Herbal Tea,Wisconsin,Decaf,40,60,50,100,49,767,72,13,70,129,25,Medium
41334,Central,Small Market,Darjeeling,Leaves,Tea,Wisconsin,Regular,40,70,40,110,52,376,77,16,56,137,39,Medium
41334,Central,Small Market,Earl Grey,Leaves,Tea,Wisconsin,Regular,50,80,10,130,63,506,87,57,1,160,86,Medium
41334,Central,Small Market,Caffe Mocha,Beans,Espresso,Wisconsin,Regular,80,100,60,180,71,950,84,22,61,165,43,Medium
41334,Central,Small Market,Decaf Espresso,Beans,Espresso,Wisconsin,Decaf,50,80,60,130,49,611,63,16,50,119,29,Medium
41334,Central,Small Market,Amaretto,Beans,Coffee,Wisconsin,Regular,50,70,30,120,54,301,66,20,19,128,53,Medium
41334,Central,Small Market,Colombian,Beans,Coffee,Wisconsin,Regular,100,130,30,230,95,532,132,86,25,242,115,High
41334,Central,Small Market,Decaf Irish Cream,Beans,Coffee,Wisconsin,Decaf,80,110,70,190,80,415,108,26,82,200,53,High
41334,East,Small Market,Lemon,Leaves,Herbal Tea,Connecticut,Decaf,60,80,40,140,85,476,104,32,58,201,65,High
41334,East,Small Market,Mint,Leaves,Herbal Tea,Connecticut,Decaf,50,70,50,120,74,949,89,22,68,174,43,Medium
41334,East,Small Market,Darjeeling,Leaves,Tea,Connecticut,Regular,50,80,60,130,49,809,72,13,70,129,25,Medium
41334,East,Small Market,Green Tea,Leaves,Tea,Connecticut,Regular,20,40,30,60,25,769,37,7,27,66,19,Low
41334,East,Small Market,Caffe Mocha,Beans,Espresso,Connecticut,Regular,60,80,10,140,63,506,87,57,0,160,87,Medium
41334,East,Small Market,Decaf Espresso,Beans,Espresso,Connecticut,Decaf,50,70,40,120,53,299,71,17,39,132,45,Medium
41334,East,Small Market,Colombian,Beans,Coffee,Connecticut,Regular,110,180,130,290,123,932,186,40,169,329,72,High
41334,East,Major Market,Chamomile,Leaves,Herbal Tea,Florida,Decaf,30,50,30,80,49,611,63,16,52,119,28,Medium
41334,East,Major Market,Lemon,Leaves,Herbal Tea,Florida,Decaf,40,50,20,90,54,301,66,20,18,128,54,Medium
41334,East,Major Market,Mint,Leaves,Herbal Tea,Florida,Decaf,50,70,50,120,71,950,84,22,59,165,44,Medium
41334,East,Major Market,Darjeeling,Leaves,Tea,Florida,Regular,30,50,40,80,33,813,48,9,40,86,21,Low
41334,East,Major Market,Green Tea,Leaves,Tea,Florida,Regular,50,80,60,130,49,767,72,13,70,129,25,Medium
41334,East,Major Market,Decaf Irish Cream,Beans,Coffee,Florida,Decaf,80,120,80,200,89,481,125,27,110,228,51,High
41334,East,Major Market,Caffe Mocha,Beans,Espresso,Florida,Regular,90,130,30,220,95,532,132,86,25,242,115,High
41334,East,Major Market,Decaf Espresso,Beans,Espresso,Florida,Decaf,70,110,70,180,80,415,108,26,80,200,54,High
41334,East,Major Market,Colombian,Beans,Coffee,Florida,Regular,80,110,70,190,84,632,126,27,99,224,59,High
41334,East,Major Market,Lemon,Leaves,Herbal Tea,Massachusetts,Decaf,40,60,30,100,58,325,71,22,24,137,55,Medium
41334,East,Major Market,Darjeeling,Leaves,Tea,Massachusetts,Regular,30,50,40,80,32,813,47,8,42,84,19,Low
41334,East,Major Market,Green Tea,Leaves,Tea,Massachusetts,Regular,20,30,20,50,21,449,32,5,22,56,17,Low
41334,East,Major Market,Caffe Mocha,Beans,Espresso,Massachusetts,Regular,40,80,20,120,52,446,73,47,-6,133,77,Medium
41334,East,Major Market,Regular Espresso,Beans,Espresso,Massachusetts,Regular,150,160,100,310,162,1059,163,45,140,346,69,High
41334,East,Major Market,Colombian,Beans,Coffee,Massachusetts,Regular,60,400,360,460,72,-54,420,23,543,524,54,High
41334,East,Small Market,Lemon,Leaves,Herbal Tea,New Hampshire,Decaf,20,30,0,50,33,190,42,12,-4,80,45,Low
41334,East,Small Market,Darjeeling,Leaves,Tea,New Hampshire,Regular,10,30,20,40,18,816,27,5,16,48,16,Low
41334,East,Small Market,Green Tea,Leaves,Tea,New Hampshire,Regular,0,40,30,40,0,731,43,0,47,46,11,Low
41334,East,Small Market,Caffe Mocha,Beans,Espresso,New Hampshire,Regular,40,60,10,100,44,251,63,40,-10,114,70,Medium
41334,East,Small Market,Regular Espresso,Beans,Espresso,New Hampshire,Regular,30,40,0,70,33,162,42,12,-6,80,46,Low
41334,East,Small Market,Amaretto,Beans,Coffee,New Hampshire,Regular,40,60,40,100,43,231,64,13,43,114,35,Medium
41334,East,Small Market,Colombian,Beans,Coffee,New Hampshire,Regular,40,70,40,110,47,361,72,15,39,127,46,Medium
41334,East,Major Market,Lemon,Leaves,Herbal Tea,New York,Decaf,180,220,130,400,245,1471,268,93,209,547,127,High
41334,East,Major Market,Mint,Leaves,Herbal Tea,New York,Decaf,160,-20,-80,140,214,1480,-32,66,-177,194,87,High
41334,East,Major Market,Darjeeling,Leaves,Tea,New York,Regular,100,150,120,250,95,799,139,26,151,249,37,High
41334,East,Major Market,Earl Grey,Leaves,Tea,New York,Regular,90,140,110,230,87,756,126,24,135,227,35,High
41334,East,Major Market,Green Tea,Leaves,Tea,New York,Regular,80,130,100,210,81,441,117,22,123,211,34,High
41334,East,Major Market,Caffe Mocha,Beans,Espresso,New York,Regular,120,-60,-190,60,125,1118,-62,113,-309,67,146,Low
41334,East,Major Market,Regular Espresso,Beans,Espresso,New York,Regular,220,290,210,510,239,1260,284,66,288,557,90,High
41334,East,Major Market,Colombian,Beans,Coffee,New York,Regular,250,390,270,640,270,2041,405,94,384,719,146,High
41334,South,Small Market,Chamomile,Leaves,Herbal Tea,Louisiana,Decaf,40,60,40,100,48,611,62,15,50,117,28,Medium
41334,South,Small Market,Lemon,Leaves,Herbal Tea,Louisiana,Decaf,80,100,40,180,85,476,104,32,58,201,65,High
41334,South,Small Market,Colombian,Beans,Coffee,Louisiana,Regular,40,60,50,100,33,768,49,9,43,87,20,Low
41334,South,Small Market,Decaf Irish Cream,Beans,Coffee,Louisiana,Decaf,60,90,70,150,49,767,72,13,70,129,25,Medium
41334,South,Small Market,Caffe Latte,Beans,Espresso,Louisiana,Regular,50,70,0,120,63,187,87,57,1,160,86,Medium
41334,South,Small Market,Caffe Mocha,Beans,Espresso,Louisiana,Regular,50,90,70,140,62,346,105,19,93,178,42,Medium
41334,South,Small Market,Decaf Espresso,Beans,Espresso,Louisiana,Decaf,40,70,50,110,52,376,77,16,56,137,39,Medium
41334,South,Small Market,Chamomile,Leaves,Herbal Tea,New Mexico,Decaf,10,30,20,40,18,816,27,5,15,48,17,Low
41334,South,Small Market,Lemon,Leaves,Herbal Tea,New Mexico,Decaf,20,40,20,60,28,958,35,8,7,67,30,Low
41334,South,Small Market,Colombian,Beans,Coffee,New Mexico,Regular,50,90,50,140,47,361,72,15,39,127,46,Medium
41334,South,Small Market,Decaf Irish Cream,Beans,Coffee,New Mexico,Decaf,110,20,-20,130,88,715,18,27,-49,113,51,Low
41334,South,Small Market,Caffe Latte,Beans,Espresso,New Mexico,Regular,20,40,10,60,33,36,42,12,-4,80,45,Low
41334,South,Small Market,Caffe Mocha,Beans,Espresso,New Mexico,Regular,30,60,10,90,44,251,63,40,-10,114,70,Medium
41334,South,Small Market,Decaf Espresso,Beans,Espresso,New Mexico,Decaf,30,40,10,70,36,187,49,11,16,91,38,Low
41334,South,Small Market,Chamomile,Leaves,Herbal Tea,Oklahoma,Decaf,50,60,20,110,54,301,66,20,19,128,53,Medium
41334,South,Small Market,Lemon,Leaves,Herbal Tea,Oklahoma,Decaf,90,130,30,220,95,532,132,86,25,242,115,High
41334,South,Small Market,Colombian,Beans,Coffee,Oklahoma,Regular,50,70,50,120,43,613,55,14,43,104,26,Low
41334,South,Small Market,Decaf Irish Cream,Beans,Coffee,Oklahoma,Decaf,40,50,40,90,32,813,47,8,40,84,20,Low
41334,South,Small Market,Caffe Latte,Beans,Espresso,Oklahoma,Regular,70,110,80,180,89,94,125,27,110,228,51,High
41334,South,Small Market,Caffe Mocha,Beans,Espresso,Oklahoma,Regular,10,30,30,40,21,449,32,5,22,56,17,Low
41334,South,Small Market,Decaf Espresso,Beans,Espresso,Oklahoma,Decaf,70,110,70,180,84,632,126,27,101,224,58,High
41334,South,Major Market,Chamomile,Leaves,Herbal Tea,Texas,Decaf,50,80,50,130,57,323,77,18,46,143,46,Medium
41334,South,Major Market,Lemon,Leaves,Herbal Tea,Texas,Decaf,40,70,40,110,49,351,72,15,52,129,37,Medium
41334,South,Major Market,Colombian,Beans,Coffee,Texas,Regular,260,320,240,580,214,923,253,66,246,498,87,High
41334,South,Major Market,Decaf Irish Cream,Beans,Coffee,Texas,Decaf,100,140,110,240,84,603,109,27,104,206,39,High
41334,South,Major Market,Caffe Latte,Beans,Espresso,Texas,Regular,60,90,50,150,72,189,108,23,80,192,54,High
41334,South,Major Market,Caffe Mocha,Beans,Espresso,Texas,Regular,70,110,90,180,87,756,126,24,135,227,35,High
41334,South,Major Market,Decaf Espresso,Beans,Espresso,Texas,Decaf,60,110,90,170,81,441,117,22,125,211,33,High
41334,West,Small Market,Chamomile,Leaves,Herbal Tea,Utah,Decaf,30,60,40,90,43,231,64,13,42,114,36,Medium
41334,West,Small Market,Lemon,Leaves,Herbal Tea,Utah,Decaf,40,60,30,100,47,361,72,15,39,127,46,Medium
41334,West,Small Market,Mint,Leaves,Herbal Tea,Utah,Decaf,70,20,-20,90,88,715,18,27,-47,113,50,Low
41334,West,Small Market,Darjeeling,Leaves,Tea,Utah,Regular,20,50,10,70,44,251,63,40,-10,114,70,Medium
41334,West,Small Market,Earl Grey,Leaves,Tea,Utah,Regular,20,30,10,50,36,187,49,11,15,91,39,Low
41334,West,Small Market,Green Tea,Leaves,Tea,Utah,Regular,20,30,10,50,33,162,42,12,-6,80,46,Low
41334,West,Small Market,Caffe Mocha,Beans,Espresso,Utah,Regular,40,60,40,100,48,611,62,15,50,117,28,Medium
41334,West,Small Market,Decaf Espresso,Beans,Espresso,Utah,Decaf,40,70,50,110,49,809,72,13,70,129,25,Medium
41334,West,Small Market,Amaretto,Beans,Coffee,Utah,Regular,90,110,70,200,74,949,89,22,67,174,44,Medium
41334,West,Small Market,Colombian,Beans,Coffee,Utah,Regular,60,90,60,150,53,299,71,17,39,132,45,Medium
41334,West,Small Market,Decaf Irish Cream,Beans,Coffee,Utah,Decaf,100,130,70,230,85,476,104,32,56,201,66,High
41334,West,Small Market,Caffe Latte,Beans,Espresso,Utah,Regular,40,70,50,110,48,766,70,13,67,126,25,Medium
41334,West,Major Market,Chamomile,Leaves,Herbal Tea,California,Decaf,80,120,100,200,95,799,139,26,150,249,38,High
41334,West,Major Market,Lemon,Leaves,Herbal Tea,California,Decaf,180,230,170,410,214,923,253,66,245,498,88,High
41334,West,Major Market,Mint,Leaves,Herbal Tea,California,Decaf,70,90,60,160,84,603,109,27,102,206,40,High
41334,West,Major Market,Darjeeling,Leaves,Tea,California,Regular,50,90,80,140,87,756,126,24,135,227,35,High
41334,West,Major Market,Earl Grey,Leaves,Tea,California,Regular,50,80,70,130,81,441,117,22,125,211,33,High
41334,West,Major Market,Green Tea,Leaves,Tea,California,Regular,40,80,50,120,72,541,108,23,80,192,54,High
41334,West,Major Market,Caffe Mocha,Beans,Espresso,California,Regular,120,160,30,280,125,700,173,113,40,318,146,High
41334,West,Major Market,Decaf Espresso,Beans,Espresso,California,Decaf,230,310,210,540,243,1260,324,80,313,604,113,High
41334,West,Major Market,Amaretto,Beans,Coffee,California,Regular,130,20,-30,150,109,796,16,34,-61,133,57,Medium
41334,West,Major Market,Colombian,Beans,Coffee,California,Regular,340,500,370,840,270,2041,405,94,384,719,146,High
41334,West,Major Market,Decaf Irish Cream,Beans,Coffee,California,Decaf,190,-40,-120,150,154,1288,-27,50,-180,135,94,Medium
41334,West,Major Market,Caffe Latte,Beans,Espresso,California,Regular,220,230,150,450,239,1417,239,66,221,509,90,High
41334,West,Small Market,Chamomile,Leaves,Herbal Tea,Nevada,Decaf,100,160,50,260,125,700,173,113,40,318,146,High
41334,West,Small Market,Lemon,Leaves,Herbal Tea,Nevada,Decaf,130,190,120,320,154,829,213,50,177,391,94,High
41334,West,Small Market,Mint,Leaves,Herbal Tea,Nevada,Decaf,90,140,110,230,109,585,158,34,151,285,56,High
41334,West,Small Market,Darjeeling,Leaves,Tea,Nevada,Regular,160,220,150,380,243,1260,324,80,315,604,112,High
41334,West,Small Market,Earl Grey,Leaves,Tea,Nevada,Regular,150,170,110,320,239,1417,239,66,220,509,91,High
41334,West,Small Market,Green Tea,Leaves,Tea,Nevada,Regular,160,-160,-240,0,245,2449,-245,93,-505,34,127,Low
41334,West,Small Market,Caffe Latte,Beans,Espresso,Nevada,Regular,0,40,30,40,0,731,43,0,46,46,12,Low
41334,West,Small Market,Caffe Mocha,Beans,Espresso,Nevada,Regular,10,30,20,40,18,816,27,5,15,48,17,Low
41334,West,Small Market,Decaf Espresso,Beans,Espresso,Nevada,Decaf,10,20,10,30,16,772,25,4,15,44,15,Low
41334,West,Small Market,Colombian,Beans,Coffee,Nevada,Regular,40,50,10,90,33,190,42,12,-6,80,46,Low
41334,West,Small Market,Decaf Irish Cream,Beans,Coffee,Nevada,Decaf,30,40,20,70,28,958,35,8,9,67,29,Low
41334,West,Small Market,Chamomile,Leaves,Herbal Tea,Oregon,Decaf,30,50,50,80,37,768,55,10,49,98,22,Low
41334,West,Small Market,Lemon,Leaves,Herbal Tea,Oregon,Decaf,30,50,30,80,43,613,55,14,43,104,26,Low
41334,West,Small Market,Darjeeling,Leaves,Tea,Oregon,Regular,10,20,20,30,21,449,32,5,24,56,16,Low
41334,West,Small Market,Earl Grey,Leaves,Tea,Oregon,Regular,50,90,60,140,84,632,126,27,101,224,58,High
41334,West,Small Market,Green Tea,Leaves,Tea,Oregon,Regular,50,90,60,140,89,481,125,27,110,228,51,High
41334,West,Small Market,Caffe Latte,Beans,Espresso,Oregon,Regular,50,70,20,120,58,325,71,22,22,137,56,Medium
41334,West,Small Market,Caffe Mocha,Beans,Espresso,Oregon,Regular,50,70,40,120,57,323,77,18,47,143,45,Medium
41334,West,Small Market,Decaf Espresso,Beans,Espresso,Oregon,Decaf,150,160,100,310,162,1059,163,45,140,346,69,High
41334,West,Small Market,Amaretto,Beans,Coffee,Oregon,Regular,60,90,30,150,52,421,73,47,-4,133,76,Medium
41334,West,Small Market,Colombian,Beans,Coffee,Oregon,Regular,70,110,60,180,62,385,87,20,36,159,63,Medium
41334,West,Small Market,Decaf Irish Cream,Beans,Coffee,Oregon,Decaf,60,90,60,150,49,351,72,15,50,129,38,Medium
41334,West,Small Market,Chamomile,Leaves,Herbal Tea,Washington,Decaf,100,170,120,270,123,932,186,40,171,329,71,High
41334,West,Small Market,Lemon,Leaves,Herbal Tea,Washington,Decaf,20,50,50,70,33,768,49,9,43,87,20,Low
41334,West,Small Market,Darjeeling,Leaves,Tea,Washington,Regular,40,70,40,110,62,346,105,19,92,178,43,Medium
41334,West,Small Market,Earl Grey,Leaves,Tea,Washington,Regular,30,50,30,80,52,376,77,16,56,137,39,Medium
41334,West,Small Market,Green Tea,Leaves,Tea,Washington,Regular,40,60,10,100,63,506,87,57,0,160,87,Medium
41334,West,Small Market,Caffe Latte,Beans,Espresso,Washington,Regular,40,60,40,100,49,611,63,16,52,119,28,Medium
41334,West,Small Market,Caffe Mocha,Beans,Espresso,Washington,Regular,50,60,20,110,54,301,66,20,18,128,54,Medium
41334,West,Small Market,Decaf Espresso,Beans,Espresso,Washington,Decaf,60,80,50,140,71,950,84,22,59,165,44,Medium
41334,West,Small Market,Colombian,Beans,Coffee,Washington,Regular,70,110,80,180,61,325,89,19,71,160,41,Medium
41334,West,Small Market,Decaf Irish Cream,Beans,Coffee,Washington,Decaf,110,170,70,280,95,532,132,86,24,242,116,High
41365,Central,Major Market,Chamomile,Leaves,Herbal Tea,Colorado,Decaf,130,150,100,280,162,1091,163,45,140,346,69,High
41365,Central,Major Market,Lemon,Leaves,Herbal Tea,Colorado,Decaf,40,70,20,110,52,433,73,47,-6,133,77,Medium
41365,Central,Major Market,Mint,Leaves,Herbal Tea,Colorado,Decaf,40,70,40,110,55,336,74,18,43,137,45,Medium
41365,Central,Major Market,Darjeeling,Leaves,Tea,Colorado,Regular,40,60,20,100,54,337,67,20,19,129,54,Medium
41365,Central,Major Market,Earl Grey,Leaves,Tea,Colorado,Regular,50,70,40,120,63,965,75,19,50,147,41,Medium
41365,Central,Major Market,Green Tea,Leaves,Tea,Colorado,Regular,30,60,40,90,46,608,60,15,47,113,28,Low
41365,Central,Major Market,Caffe Mocha,Beans,Espresso,Colorado,Regular,90,140,110,230,81,460,117,22,125,211,33,High
41365,Central,Major Market,Decaf Espresso,Beans,Espresso,Colorado,Decaf,70,130,80,200,68,559,102,22,71,181,54,Medium
41365,Central,Major Market,Amaretto,Beans,Coffee,Colorado,Regular,90,140,110,230,91,777,132,25,142,238,36,High
41365,Central,Major Market,Colombian,Beans,Coffee,Colorado,Regular,80,100,70,180,78,593,100,25,93,190,37,Medium
41365,Central,Major Market,Decaf Irish Cream,Beans,Coffee,Colorado,Decaf,100,150,120,250,100,822,145,28,156,261,40,High
41365,Central,Major Market,Chamomile,Leaves,Herbal Tea,Illinois,Decaf,70,120,100,190,91,777,132,25,141,238,37,High
41365,Central,Major Market,Lemon,Leaves,Herbal Tea,Illinois,Decaf,60,90,60,150,78,593,100,25,92,190,38,Medium
41365,Central,Major Market,Mint,Leaves,Herbal Tea,Illinois,Decaf,80,130,110,210,100,822,145,28,157,261,39,High
41365,Central,Major Market,Darjeeling,Leaves,Tea,Illinois,Regular,60,110,80,170,81,460,117,22,123,211,34,High
41365,Central,Major Market,Earl Grey,Leaves,Tea,Illinois,Regular,50,90,40,140,68,559,102,22,73,181,53,Medium
41365,Central,Major Market,Caffe Mocha,Beans,Espresso,Illinois,Regular,290,400,280,690,252,1316,335,83,326,626,115,High
41365,Central,Major Market,Decaf Espresso,Beans,Espresso,Illinois,Decaf,270,290,200,560,239,1464,239,66,221,509,90,High
41365,Central,Major Market,Colombian,Beans,Coffee,Illinois,Regular,200,270,170,470,191,865,265,63,232,486,109,High
41365,Central,Major Market,Decaf Irish Cream,Beans,Coffee,Illinois,Decaf,130,180,130,310,123,611,178,39,172,321,62,High
41365,Central,Small Market,Chamomile,Leaves,Herbal Tea,Iowa,Decaf,210,300,210,510,252,1316,335,83,326,626,115,High
41365,Central,Small Market,Lemon,Leaves,Herbal Tea,Iowa,Decaf,100,160,120,260,123,611,178,39,171,321,63,High
41365,Central,Small Market,Darjeeling,Leaves,Tea,Iowa,Regular,200,220,140,420,239,1464,239,66,220,509,91,High
41365,Central,Small Market,Earl Grey,Leaves,Tea,Iowa,Regular,220,280,160,500,260,1423,318,98,276,616,132,High
41365,Central,Small Market,Caffe Mocha,Beans,Espresso,Iowa,Regular,10,40,30,50,17,776,26,4,15,46,16,Low
41365,Central,Small Market,Decaf Espresso,Beans,Espresso,Iowa,Decaf,0,50,40,50,0,688,43,0,47,46,11,Low
41365,Central,Small Market,Amaretto,Beans,Coffee,Iowa,Regular,20,20,10,40,19,820,28,5,16,50,17,Low
41365,Central,Small Market,Colombian,Beans,Coffee,Iowa,Regular,20,40,20,60,28,964,33,8,4,65,30,Low
41365,Central,Small Market,Decaf Irish Cream,Beans,Coffee,Iowa,Decaf,20,30,20,50,21,614,28,6,13,52,19,Low
41365,Central,Small Market,Chamomile,Leaves,Herbal Tea,Missouri,Decaf,30,60,10,90,44,261,63,40,-9,114,69,Medium
41365,Central,Small Market,Lemon,Leaves,Herbal Tea,Missouri,Decaf,70,40,10,110,93,840,40,28,-18,142,52,Medium
41365,Central,Small Market,Darjeeling,Leaves,Tea,Missouri,Regular,30,40,10,70,37,195,51,12,16,94,40,Low
41365,Central,Small Market,Earl Grey,Leaves,Tea,Missouri,Regular,20,30,-10,50,29,169,36,11,-13,69,45,Low
41365,Central,Small Market,Green Tea,Leaves,Tea,Missouri,Regular,30,30,-10,60,35,197,44,13,-3,84,46,Low
41365,Central,Small Market,Caffe Mocha,Beans,Espresso,Missouri,Regular,50,80,60,130,47,821,68,13,64,123,25,Medium
41365,Central,Small Market,Decaf Espresso,Beans,Espresso,Missouri,Decaf,50,80,60,130,45,777,67,12,65,119,23,Medium
41365,Central,Small Market,Colombian,Beans,Coffee,Missouri,Regular,80,100,50,180,80,494,98,30,52,190,63,Medium
41365,Central,Small Market,Decaf Irish Cream,Beans,Coffee,Missouri,Decaf,80,90,50,170,76,965,91,23,70,178,44,Medium
41365,Central,Major Market,Chamomile,Leaves,Herbal Tea,Ohio,Decaf,10,30,30,40,21,454,32,5,24,56,16,Low
41365,Central,Major Market,Lemon,Leaves,Herbal Tea,Ohio,Decaf,20,40,40,60,30,820,45,8,39,80,19,Low
41365,Central,Major Market,Darjeeling,Leaves,Tea,Ohio,Regular,70,120,70,190,88,653,134,29,108,237,61,High
41365,Central,Major Market,Earl Grey,Leaves,Tea,Ohio,Regular,90,140,90,230,112,502,155,34,144,285,58,High
41365,Central,Major Market,Caffe Mocha,Beans,Espresso,Ohio,Regular,180,200,130,380,162,1091,163,45,138,346,70,High
41365,Central,Major Market,Decaf Espresso,Beans,Espresso,Ohio,Decaf,60,80,30,140,54,337,67,20,19,129,54,Medium
41365,Central,Major Market,Amaretto,Beans,Coffee,Ohio,Regular,50,80,50,130,55,336,74,18,42,137,46,Medium
41365,Central,Major Market,Colombian,Beans,Coffee,Ohio,Regular,40,70,40,110,43,363,64,13,40,114,37,Medium
41365,Central,Major Market,Decaf Irish Cream,Beans,Coffee,Ohio,Decaf,50,80,20,130,52,433,73,47,-4,133,76,Medium
41365,Central,Small Market,Chamomile,Leaves,Herbal Tea,Wisconsin,Decaf,40,70,50,110,49,342,84,15,68,142,38,Medium
41365,Central,Small Market,Lemon,Leaves,Herbal Tea,Wisconsin,Decaf,40,60,50,100,49,779,72,13,70,129,25,Medium
41365,Central,Small Market,Darjeeling,Leaves,Tea,Wisconsin,Regular,30,70,40,100,46,388,68,14,46,121,37,Medium
41365,Central,Small Market,Earl Grey,Leaves,Tea,Wisconsin,Regular,50,80,10,130,63,521,87,57,1,160,86,Medium
41365,Central,Small Market,Caffe Mocha,Beans,Espresso,Wisconsin,Regular,80,90,50,170,69,965,82,21,58,161,43,Medium
41365,Central,Small Market,Decaf Espresso,Beans,Espresso,Wisconsin,Decaf,50,70,50,120,45,605,58,14,47,110,26,Low
41365,Central,Small Market,Amaretto,Beans,Coffee,Wisconsin,Regular,60,70,20,130,57,313,70,21,24,135,54,Medium
41365,Central,Small Market,Colombian,Beans,Coffee,Wisconsin,Regular,100,130,30,230,95,554,132,86,25,242,115,High
41365,Central,Small Market,Decaf Irish Cream,Beans,Coffee,Wisconsin,Decaf,80,120,80,200,83,433,112,27,86,208,54,High
41365,East,Small Market,Lemon,Leaves,Herbal Tea,Connecticut,Decaf,60,70,30,130,80,494,98,30,50,190,64,Medium
41365,East,Small Market,Mint,Leaves,Herbal Tea,Connecticut,Decaf,50,80,60,130,76,965,91,23,68,178,45,Medium
41365,East,Small Market,Darjeeling,Leaves,Tea,Connecticut,Regular,40,80,60,120,47,821,68,13,64,123,25,Medium
41365,East,Small Market,Green Tea,Leaves,Tea,Connecticut,Regular,20,40,30,60,25,775,37,7,27,66,19,Low
41365,East,Small Market,Colombian,Beans,Coffee,Connecticut,Regular,110,160,110,270,116,962,176,38,159,311,69,High
41365,East,Small Market,Caffe Mocha,Beans,Espresso,Connecticut,Regular,60,80,10,140,63,521,87,57,0,160,87,Medium
41365,East,Small Market,Decaf Espresso,Beans,Espresso,Connecticut,Decaf,40,70,40,110,51,311,68,16,36,127,44,Medium
41365,East,Major Market,Chamomile,Leaves,Herbal Tea,Florida,Decaf,30,50,30,80,45,605,58,14,46,110,27,Low
41365,East,Major Market,Lemon,Leaves,Herbal Tea,Florida,Decaf,40,50,20,90,57,313,70,21,22,135,55,Medium
41365,East,Major Market,Mint,Leaves,Herbal Tea,Florida,Decaf,50,60,40,110,69,965,82,21,58,161,43,Medium
41365,East,Major Market,Darjeeling,Leaves,Tea,Florida,Regular,30,60,50,90,34,821,51,9,45,91,21,Low
41365,East,Major Market,Green Tea,Leaves,Tea,Florida,Regular,50,80,60,130,49,779,72,13,70,129,25,Medium
41365,East,Major Market,Colombian,Beans,Coffee,Florida,Regular,80,130,90,210,88,653,134,29,108,237,61,High
41365,East,Major Market,Decaf Irish Cream,Beans,Coffee,Florida,Decaf,100,150,100,250,112,502,155,34,145,285,57,High
41365,East,Major Market,Caffe Mocha,Beans,Espresso,Florida,Regular,90,130,30,220,95,554,132,86,25,242,115,High
41365,East,Major Market,Decaf Espresso,Beans,Espresso,Florida,Decaf,70,120,80,190,83,433,112,27,86,208,54,High
41365,East,Major Market,Lemon,Leaves,Herbal Tea,Massachusetts,Decaf,40,50,20,90,54,337,67,20,19,129,54,Medium
41365,East,Major Market,Darjeeling,Leaves,Tea,Massachusetts,Regular,30,50,40,80,30,820,45,8,39,80,19,Low
41365,East,Major Market,Green Tea,Leaves,Tea,Massachusetts,Regular,20,30,20,50,21,454,32,5,24,56,16,Low
41365,East,Major Market,Colombian,Beans,Coffee,Massachusetts,Regular,60,430,400,490,68,-348,451,22,589,553,54,High
41365,East,Major Market,Caffe Mocha,Beans,Espresso,Massachusetts,Regular,40,70,10,110,52,458,65,47,-18,125,77,Medium
41365,East,Major Market,Regular Espresso,Beans,Espresso,Massachusetts,Regular,150,160,100,310,162,1091,163,45,140,346,69,High
41365,East,Small Market,Lemon,Leaves,Herbal Tea,New Hampshire,Decaf,20,40,10,60,35,197,44,13,-4,84,47,Low
41365,East,Small Market,Darjeeling,Leaves,Tea,New Hampshire,Regular,20,30,20,50,19,820,28,5,18,50,16,Low
41365,East,Small Market,Green Tea,Leaves,Tea,New Hampshire,Regular,0,40,30,40,0,688,43,0,47,46,11,Low
41365,East,Small Market,Amaretto,Beans,Coffee,New Hampshire,Regular,40,70,40,110,49,241,72,15,49,129,39,Medium
41365,East,Small Market,Colombian,Beans,Coffee,New Hampshire,Regular,40,70,40,110,50,372,75,16,40,133,48,Medium
41365,East,Small Market,Caffe Mocha,Beans,Espresso,New Hampshire,Regular,40,60,10,100,44,261,63,40,-9,114,69,Medium
41365,East,Small Market,Regular Espresso,Beans,Espresso,New Hampshire,Regular,20,40,0,60,29,169,36,11,-13,69,45,Low
41365,East,Major Market,Green Tea,Leaves,Tea,New York,Regular,80,130,100,210,81,460,117,22,123,211,34,High
41365,East,Major Market,Lemon,Leaves,Herbal Tea,New York,Decaf,190,300,200,490,260,1558,378,98,367,680,131,High
41365,East,Major Market,Mint,Leaves,Herbal Tea,New York,Decaf,150,-10,-70,140,209,1811,-20,64,-156,201,85,High
41365,East,Major Market,Darjeeling,Leaves,Tea,New York,Regular,100,160,130,260,100,822,145,28,156,261,40,High
41365,East,Major Market,Earl Grey,Leaves,Tea,New York,Regular,90,150,120,240,91,777,132,25,141,238,37,High
41365,East,Major Market,Colombian,Beans,Coffee,New York,Regular,270,400,280,670,284,2108,428,99,410,759,152,High
41365,East,Major Market,Caffe Mocha,Beans,Espresso,New York,Regular,120,-60,-190,60,125,1382,-59,113,-304,70,146,Low
41365,East,Major Market,Regular Espresso,Beans,Espresso,New York,Regular,220,330,250,550,239,1262,325,66,349,601,90,High
41365,South,Small Market,Chamomile,Leaves,Herbal Tea,Louisiana,Decaf,40,70,50,110,52,605,67,17,56,127,29,Medium
41365,South,Small Market,Lemon,Leaves,Herbal Tea,Louisiana,Decaf,70,100,50,170,80,494,98,30,52,190,63,Medium
41365,South,Small Market,Colombian,Beans,Coffee,Louisiana,Regular,40,60,50,100,35,776,51,9,45,92,21,Low
41365,South,Small Market,Decaf Irish Cream,Beans,Coffee,Louisiana,Decaf,60,90,70,150,49,779,72,13,71,129,24,Medium
41365,South,Small Market,Caffe Latte,Beans,Espresso,Louisiana,Regular,50,70,0,120,63,37,87,57,1,160,86,Medium
41365,South,Small Market,Caffe Mocha,Beans,Espresso,Louisiana,Regular,40,70,50,110,49,342,84,15,67,142,39,Medium
41365,South,Small Market,Decaf Espresso,Beans,Espresso,Louisiana,Decaf,30,60,40,90,46,388,68,14,46,121,37,Medium
41365,South,Small Market,Chamomile,Leaves,Herbal Tea,New Mexico,Decaf,10,30,20,40,19,820,28,5,18,50,16,Low
41365,South,Small Market,Lemon,Leaves,Herbal Tea,New Mexico,Decaf,20,30,10,50,28,964,33,8,4,65,30,Low
41365,South,Small Market,Colombian,Beans,Coffee,New Mexico,Regular,60,90,50,150,50,372,75,16,40,133,48,Medium
41365,South,Small Market,Decaf Irish Cream,Beans,Coffee,New Mexico,Decaf,110,50,10,160,93,840,40,28,-16,142,51,Medium
41365,South,Small Market,Caffe Latte,Beans,Espresso,New Mexico,Regular,20,30,0,50,29,-39,36,11,-13,69,45,Low
41365,South,Small Market,Caffe Mocha,Beans,Espresso,New Mexico,Regular,30,60,10,90,44,261,63,40,-9,114,69,Medium
41365,South,Small Market,Decaf Espresso,Beans,Espresso,New Mexico,Decaf,30,40,10,70,37,195,51,12,18,94,39,Low
41365,South,Small Market,Chamomile,Leaves,Herbal Tea,Oklahoma,Decaf,50,70,30,120,57,313,70,21,22,135,55,Medium
41365,South,Small Market,Lemon,Leaves,Herbal Tea,Oklahoma,Decaf,90,130,30,220,95,554,132,86,24,242,116,High
41365,South,Small Market,Colombian,Beans,Coffee,Oklahoma,Regular,50,80,60,130,46,608,60,15,49,113,27,Low
41365,South,Small Market,Decaf Irish Cream,Beans,Coffee,Oklahoma,Decaf,30,60,50,90,30,820,45,8,37,80,20,Low
41365,South,Small Market,Caffe Latte,Beans,Espresso,Oklahoma,Regular,90,130,90,220,112,-120,155,34,145,285,57,High
41365,South,Small Market,Caffe Mocha,Beans,Espresso,Oklahoma,Regular,10,30,30,40,21,454,32,5,24,56,16,Low
41365,South,Small Market,Decaf Espresso,Beans,Espresso,Oklahoma,Decaf,70,120,80,190,88,653,134,29,110,237,60,High
41365,South,Major Market,Chamomile,Leaves,Herbal Tea,Texas,Decaf,50,70,40,120,55,336,74,18,42,137,46,Medium
41365,South,Major Market,Lemon,Leaves,Herbal Tea,Texas,Decaf,40,60,30,100,43,363,64,13,40,114,37,Medium
41365,South,Major Market,Colombian,Beans,Coffee,Texas,Regular,260,310,230,570,209,969,247,64,239,486,86,High
41365,South,Major Market,Decaf Irish Cream,Beans,Coffee,Texas,Decaf,90,130,100,220,78,593,100,25,93,190,37,Medium
41365,South,Major Market,Caffe Latte,Beans,Espresso,Texas,Regular,50,90,50,140,68,9,102,22,71,181,54,Medium
41365,South,Major Market,Caffe Mocha,Beans,Espresso,Texas,Regular,70,120,100,190,91,777,132,25,142,238,36,High
41365,South,Major Market,Decaf Espresso,Beans,Espresso,Texas,Decaf,60,110,90,170,81,460,117,22,125,211,33,High
41365,West,Small Market,Chamomile,Leaves,Herbal Tea,Utah,Decaf,40,60,30,100,49,241,72,15,50,129,38,Medium
41365,West,Small Market,Lemon,Leaves,Herbal Tea,Utah,Decaf,40,70,40,110,50,372,75,16,42,133,47,Medium
41365,West,Small Market,Mint,Leaves,Herbal Tea,Utah,Decaf,70,40,0,110,93,840,40,28,-16,142,51,Medium
41365,West,Small Market,Darjeeling,Leaves,Tea,Utah,Regular,20,50,10,70,44,261,63,40,-9,114,69,Medium
41365,West,Small Market,Earl Grey,Leaves,Tea,Utah,Regular,20,30,10,50,37,195,51,12,16,94,40,Low
41365,West,Small Market,Green Tea,Leaves,Tea,Utah,Regular,10,30,10,40,29,169,36,11,-12,69,44,Low
41365,West,Small Market,Caffe Latte,Beans,Espresso,Utah,Regular,40,60,40,100,45,777,67,12,64,119,24,Medium
41365,West,Small Market,Caffe Mocha,Beans,Espresso,Utah,Regular,40,70,50,110,52,605,67,17,55,127,30,Medium
41365,West,Small Market,Decaf Espresso,Beans,Espresso,Utah,Decaf,40,70,50,110,47,821,68,13,64,123,25,Medium
41365,West,Small Market,Amaretto,Beans,Coffee,Utah,Regular,90,110,70,200,76,965,91,23,70,178,44,Medium
41365,West,Small Market,Colombian,Beans,Coffee,Utah,Regular,60,80,50,140,51,311,68,16,37,127,43,Medium
41365,West,Small Market,Decaf Irish Cream,Beans,Coffee,Utah,Decaf,100,120,70,220,80,494,98,30,50,190,64,Medium
41365,West,Major Market,Chamomile,Leaves,Herbal Tea,California,Decaf,80,130,110,210,100,822,145,28,157,261,39,High
41365,West,Major Market,Lemon,Leaves,Herbal Tea,California,Decaf,170,230,170,400,209,969,247,64,240,486,85,High
41365,West,Major Market,Mint,Leaves,Herbal Tea,California,Decaf,60,90,60,150,78,593,100,25,92,190,38,Medium
41365,West,Major Market,Darjeeling,Leaves,Tea,California,Regular,60,90,80,150,91,777,132,25,142,238,36,High
41365,West,Major Market,Earl Grey,Leaves,Tea,California,Regular,50,80,70,130,81,460,117,22,123,211,34,High
41365,West,Major Market,Green Tea,Leaves,Tea,California,Regular,40,70,40,110,68,559,102,22,71,181,54,Medium
41365,West,Major Market,Caffe Latte,Beans,Espresso,California,Regular,220,230,150,450,239,1464,239,66,220,509,91,High
41365,West,Major Market,Caffe Mocha,Beans,Espresso,California,Regular,120,160,30,280,125,729,173,113,39,318,147,High
41365,West,Major Market,Decaf Espresso,Beans,Espresso,California,Decaf,240,320,220,560,252,1316,335,83,326,626,115,High
41365,West,Major Market,Amaretto,Beans,Coffee,California,Regular,150,-20,-70,130,123,964,-13,39,-113,117,63,Medium
41365,West,Major Market,Colombian,Beans,Coffee,California,Regular,350,540,400,890,284,2108,428,99,410,759,152,High
41365,West,Major Market,Decaf Irish Cream,Beans,Coffee,California,Decaf,240,-50,-150,190,191,1564,-32,63,-209,169,109,Medium
41365,West,Small Market,Chamomile,Leaves,Herbal Tea,Nevada,Decaf,100,160,50,260,125,729,173,113,40,318,146,High
41365,West,Small Market,Lemon,Leaves,Herbal Tea,Nevada,Decaf,160,240,160,400,191,865,265,63,232,486,109,High
41365,West,Small Market,Mint,Leaves,Herbal Tea,Nevada,Decaf,100,160,110,260,123,611,178,39,171,321,63,High
41365,West,Small Market,Darjeeling,Leaves,Tea,Nevada,Regular,160,230,160,390,252,1316,335,83,325,626,116,High
41365,West,Small Market,Earl Grey,Leaves,Tea,Nevada,Regular,150,170,110,320,239,1464,239,66,221,509,90,High
41365,West,Small Market,Green Tea,Leaves,Tea,Nevada,Regular,170,-170,-250,0,260,3049,-260,98,-542,28,131,Low
41365,West,Small Market,Caffe Latte,Beans,Espresso,Nevada,Regular,0,40,30,40,0,688,43,0,47,46,11,Low
41365,West,Small Market,Caffe Mocha,Beans,Espresso,Nevada,Regular,10,30,20,40,19,820,28,5,16,50,17,Low
41365,West,Small Market,Decaf Espresso,Beans,Espresso,Nevada,Decaf,10,30,20,40,17,776,26,4,15,46,16,Low
41365,West,Small Market,Colombian,Beans,Coffee,Nevada,Regular,40,50,10,90,35,197,44,13,-3,84,46,Low
41365,West,Small Market,Decaf Irish Cream,Beans,Coffee,Nevada,Decaf,30,40,20,70,28,964,33,8,6,65,29,Low
41365,West,Small Market,Chamomile,Leaves,Herbal Tea,Oregon,Decaf,30,40,40,70,35,777,52,9,46,93,21,Low
41365,West,Small Market,Lemon,Leaves,Herbal Tea,Oregon,Decaf,30,60,40,90,46,608,60,15,47,113,28,Low
41365,West,Small Market,Darjeeling,Leaves,Tea,Oregon,Regular,10,20,20,30,21,454,32,5,22,56,17,Low
41365,West,Small Market,Earl Grey,Leaves,Tea,Oregon,Regular,50,100,70,150,88,653,134,29,108,237,61,High
41365,West,Small Market,Green Tea,Leaves,Tea,Oregon,Regular,70,110,70,180,112,502,155,34,145,285,57,High
41365,West,Small Market,Caffe Latte,Beans,Espresso,Oregon,Regular,50,60,20,110,54,337,67,20,19,129,54,Medium
41365,West,Small Market,Caffe Mocha,Beans,Espresso,Oregon,Regular,50,70,40,120,55,336,74,18,42,137,46,Medium
41365,West,Small Market,Decaf Espresso,Beans,Espresso,Oregon,Decaf,150,160,100,310,162,1091,163,45,138,346,70,High
41365,West,Small Market,Amaretto,Beans,Coffee,Oregon,Regular,60,90,30,150,52,433,73,47,-4,133,76,Medium
41365,West,Small Market,Colombian,Beans,Coffee,Oregon,Regular,60,80,30,140,49,399,70,16,12,127,62,Medium
41365,West,Small Market,Decaf Irish Cream,Beans,Coffee,Oregon,Decaf,50,80,50,130,43,363,64,13,42,114,36,Medium
41365,West,Small Market,Chamomile,Leaves,Herbal Tea,Washington,Decaf,90,160,110,250,116,962,176,38,157,311,70,High
41365,West,Small Market,Lemon,Leaves,Herbal Tea,Washington,Decaf,30,40,40,70,35,776,51,9,45,92,21,Low
41365,West,Small Market,Darjeeling,Leaves,Tea,Washington,Regular,30,60,40,90,49,342,84,15,67,142,39,Medium
41365,West,Small Market,Earl Grey,Leaves,Tea,Washington,Regular,30,40,20,70,46,388,68,14,45,121,38,Medium
41365,West,Small Market,Green Tea,Leaves,Tea,Washington,Regular,40,60,10,100,63,521,87,57,0,160,87,Medium
41365,West,Small Market,Caffe Latte,Beans,Espresso,Washington,Regular,40,50,30,90,45,605,58,14,47,110,26,Low
41365,West,Small Market,Caffe Mocha,Beans,Espresso,Washington,Regular,50,70,30,120,57,313,70,21,22,135,55,Medium
41365,West,Small Market,Decaf Espresso,Beans,Espresso,Washington,Decaf,60,80,60,140,69,965,82,21,58,161,43,Medium
41365,West,Small Market,Colombian,Beans,Coffee,Washington,Regular,80,130,90,210,69,340,100,22,80,180,46,Medium
41365,West,Small Market,Decaf Irish Cream,Beans,Coffee,Washington,Decaf,110,170,70,280,95,554,132,86,25,242,115,High
41395,Central,Major Market,Chamomile,Leaves,Herbal Tea,Colorado,Decaf,120,140,90,260,149,1156,149,41,115,295,61,High
41395,Central,Major Market,Lemon,Leaves,Herbal Tea,Colorado,Decaf,40,70,10,110,53,458,75,48,-4,127,73,Medium
41395,Central,Major Market,Mint,Leaves,Herbal Tea,Colorado,Decaf,40,60,30,100,52,361,71,17,36,122,42,Medium
41395,Central,Major Market,Darjeeling,Leaves,Tea,Colorado,Regular,40,60,20,100,53,361,65,20,17,117,49,Medium
41395,Central,Major Market,Earl Grey,Leaves,Tea,Colorado,Regular,40,60,30,100,56,992,66,17,37,121,36,Medium
41395,Central,Major Market,Green Tea,Leaves,Tea,Colorado,Regular,30,50,30,80,43,602,56,14,41,98,24,Low
41395,Central,Major Market,Caffe Mocha,Beans,Espresso,Colorado,Regular,90,150,120,240,86,499,124,24,121,208,33,High
41395,Central,Major Market,Decaf Espresso,Beans,Espresso,Colorado,Decaf,70,110,60,180,64,593,96,21,61,159,48,Medium
41395,Central,Major Market,Amaretto,Beans,Coffee,Colorado,Regular,110,150,120,260,104,821,152,29,153,254,38,High
41395,Central,Major Market,Colombian,Beans,Coffee,Colorado,Regular,80,110,80,190,83,584,107,27,94,188,36,Medium
41395,Central,Major Market,Decaf Irish Cream,Beans,Coffee,Colorado,Decaf,110,150,120,260,104,871,152,29,155,254,37,High
41395,Central,Major Market,Chamomile,Leaves,Herbal Tea,Illinois,Decaf,80,140,120,220,104,821,152,29,155,254,37,High
41395,Central,Major Market,Lemon,Leaves,Herbal Tea,Illinois,Decaf,70,90,60,160,83,584,107,27,94,188,36,Medium
41395,Central,Major Market,Mint,Leaves,Herbal Tea,Illinois,Decaf,80,140,120,220,104,871,152,29,155,254,37,High
41395,Central,Major Market,Darjeeling,Leaves,Tea,Illinois,Regular,70,110,80,180,86,499,124,24,121,208,33,High
41395,Central,Major Market,Earl Grey,Leaves,Tea,Illinois,Regular,50,90,50,140,64,593,96,21,61,159,48,Medium
41395,Central,Major Market,Caffe Mocha,Beans,Espresso,Illinois,Regular,300,420,300,720,263,1433,349,86,317,607,111,High
41395,Central,Major Market,Decaf Espresso,Beans,Espresso,Illinois,Decaf,300,310,210,610,260,1559,261,72,228,516,89,High
41395,Central,Major Market,Colombian,Beans,Coffee,Illinois,Regular,200,280,180,480,195,956,270,64,222,461,101,High
41395,Central,Major Market,Decaf Irish Cream,Beans,Coffee,Illinois,Decaf,130,190,140,320,127,671,185,40,168,309,59,High
41395,Central,Small Market,Chamomile,Leaves,Herbal Tea,Iowa,Decaf,220,310,220,530,263,1433,349,86,319,607,110,High
41395,Central,Small Market,Lemon,Leaves,Herbal Tea,Iowa,Decaf,100,170,130,270,127,671,185,40,168,309,59,High
41395,Central,Small Market,Darjeeling,Leaves,Tea,Iowa,Regular,220,230,150,450,260,1559,261,72,228,516,89,High
41395,Central,Small Market,Earl Grey,Leaves,Tea,Iowa,Regular,220,290,170,510,265,1538,324,100,262,584,125,High
41395,Central,Small Market,Caffe Mocha,Beans,Espresso,Iowa,Regular,20,30,20,50,20,784,29,5,17,49,16,Low
41395,Central,Small Market,Decaf Espresso,Beans,Espresso,Iowa,Decaf,0,50,40,50,0,645,43,0,43,43,11,Low
41395,Central,Small Market,Amaretto,Beans,Coffee,Iowa,Regular,20,30,20,50,20,829,29,5,17,49,16,Low
41395,Central,Small Market,Colombian,Beans,Coffee,Iowa,Regular,30,40,20,70,31,976,37,9,10,67,28,Low
41395,Central,Small Market,Decaf Irish Cream,Beans,Coffee,Iowa,Decaf,20,30,20,50,22,611,30,7,15,52,18,Low
41395,Central,Small Market,Chamomile,Leaves,Herbal Tea,Missouri,Decaf,30,60,10,90,43,282,61,39,-11,103,64,Low
41395,Central,Small Market,Lemon,Leaves,Herbal Tea,Missouri,Decaf,80,30,0,110,98,973,38,30,-21,135,49,Medium
41395,Central,Small Market,Darjeeling,Leaves,Tea,Missouri,Regular,30,50,20,80,39,212,53,12,19,91,36,Low
41395,Central,Small Market,Earl Grey,Leaves,Tea,Missouri,Regular,20,40,0,60,34,182,42,12,-6,75,43,Low
41395,Central,Small Market,Green Tea,Leaves,Tea,Missouri,Regular,30,40,0,70,36,212,45,13,-3,80,44,Low
41395,Central,Small Market,Caffe Mocha,Beans,Espresso,Missouri,Regular,50,70,50,120,44,844,65,12,57,108,22,Low
41395,Central,Small Market,Decaf Espresso,Beans,Espresso,Missouri,Decaf,40,70,50,110,39,799,58,10,50,96,20,Low
41395,Central,Small Market,Colombian,Beans,Coffee,Missouri,Regular,80,100,50,180,77,529,96,29,46,171,59,Medium
41395,Central,Small Market,Decaf Irish Cream,Beans,Coffee,Missouri,Decaf,70,80,40,150,68,998,80,21,52,147,39,Medium
41395,Central,Major Market,Chamomile,Leaves,Herbal Tea,Ohio,Decaf,10,30,30,40,20,464,29,5,17,49,16,Low
41395,Central,Major Market,Lemon,Leaves,Herbal Tea,Ohio,Decaf,20,40,40,60,29,835,42,8,32,70,18,Low
41395,Central,Major Market,Darjeeling,Leaves,Tea,Ohio,Regular,80,120,70,200,94,697,141,31,109,233,58,High
41395,Central,Major Market,Earl Grey,Leaves,Tea,Ohio,Regular,90,150,100,240,114,555,159,35,139,271,54,High
41395,Central,Major Market,Caffe Mocha,Beans,Espresso,Ohio,Regular,170,180,120,350,149,1156,149,41,116,295,60,High
41395,Central,Major Market,Decaf Espresso,Beans,Espresso,Ohio,Decaf,60,70,20,130,53,361,65,20,15,117,50,Medium
41395,Central,Major Market,Amaretto,Beans,Coffee,Ohio,Regular,50,70,40,120,52,361,71,17,37,122,41,Medium
41395,Central,Major Market,Colombian,Beans,Coffee,Ohio,Regular,40,60,30,100,42,384,61,13,33,102,34,Low
41395,Central,Major Market,Decaf Irish Cream,Beans,Coffee,Ohio,Decaf,50,80,20,130,53,458,75,48,-3,127,72,Medium
41395,Central,Small Market,Chamomile,Leaves,Herbal Tea,Wisconsin,Decaf,40,70,50,110,48,351,82,14,62,129,34,Medium
41395,Central,Small Market,Lemon,Leaves,Herbal Tea,Wisconsin,Decaf,40,70,60,110,53,803,77,14,70,129,24,Medium
41395,Central,Small Market,Darjeeling,Leaves,Tea,Wisconsin,Regular,30,60,30,90,45,410,65,14,37,109,35,Low
41395,Central,Small Market,Earl Grey,Leaves,Tea,Wisconsin,Regular,50,80,10,130,64,551,90,58,3,153,82,Medium
41395,Central,Small Market,Caffe Mocha,Beans,Espresso,Wisconsin,Regular,90,110,70,200,78,995,92,24,65,168,42,Medium
41395,Central,Small Market,Decaf Espresso,Beans,Espresso,Wisconsin,Decaf,50,70,50,120,48,599,62,15,48,109,25,Low
41395,Central,Small Market,Amaretto,Beans,Coffee,Wisconsin,Regular,60,70,20,130,58,338,72,22,23,129,51,Medium
41395,Central,Small Market,Colombian,Beans,Coffee,Wisconsin,Regular,90,140,40,230,92,599,129,83,23,219,104,High
41395,Central,Small Market,Decaf Irish Cream,Beans,Coffee,Wisconsin,Decaf,90,120,80,210,87,472,117,28,86,202,51,High
41395,East,Small Market,Lemon,Leaves,Herbal Tea,Connecticut,Decaf,50,80,40,130,77,529,96,29,46,171,59,Medium
41395,East,Small Market,Mint,Leaves,Herbal Tea,Connecticut,Decaf,50,60,40,110,68,998,80,21,52,147,39,Medium
41395,East,Small Market,Darjeeling,Leaves,Tea,Connecticut,Regular,40,70,50,110,44,844,65,12,58,108,21,Low
41395,East,Small Market,Green Tea,Leaves,Tea,Connecticut,Regular,20,40,30,60,23,787,34,6,23,56,16,Low
41395,East,Small Market,Colombian,Beans,Coffee,Connecticut,Regular,100,160,110,260,110,1020,165,36,135,273,62,High
41395,East,Small Market,Caffe Mocha,Beans,Espresso,Connecticut,Regular,60,90,20,150,64,551,90,58,4,153,81,Medium
41395,East,Small Market,Decaf Espresso,Beans,Espresso,Connecticut,Decaf,40,70,40,110,48,334,65,15,30,112,40,Low
41395,East,Major Market,Chamomile,Leaves,Herbal Tea,Florida,Decaf,30,50,30,80,48,599,62,15,48,109,25,Low
41395,East,Major Market,Lemon,Leaves,Herbal Tea,Florida,Decaf,40,60,30,100,58,338,72,22,23,129,51,Medium
41395,East,Major Market,Mint,Leaves,Herbal Tea,Florida,Decaf,50,80,50,130,78,995,92,24,65,168,42,Medium
41395,East,Major Market,Darjeeling,Leaves,Tea,Florida,Regular,30,60,40,90,36,838,53,10,44,88,20,Low
41395,East,Major Market,Green Tea,Leaves,Tea,Florida,Regular,50,90,70,140,53,803,77,14,72,129,23,Medium
41395,East,Major Market,Colombian,Beans,Coffee,Florida,Regular,90,130,90,220,94,697,141,31,108,233,59,High
41395,East,Major Market,Decaf Irish Cream,Beans,Coffee,Florida,Decaf,100,150,100,250,114,555,159,35,138,271,55,High
41395,East,Major Market,Caffe Mocha,Beans,Espresso,Florida,Regular,80,130,40,210,92,599,129,83,23,219,104,High
41395,East,Major Market,Decaf Espresso,Beans,Espresso,Florida,Decaf,80,110,70,190,87,472,117,28,86,202,51,High
41395,East,Major Market,Lemon,Leaves,Herbal Tea,Massachusetts,Decaf,40,50,20,90,53,361,65,20,17,117,49,Medium
41395,East,Major Market,Darjeeling,Leaves,Tea,Massachusetts,Regular,30,40,30,70,29,835,42,8,30,70,19,Low
41395,East,Major Market,Green Tea,Leaves,Tea,Massachusetts,Regular,20,30,20,50,20,464,29,5,17,49,16,Low
41395,East,Major Market,Colombian,Beans,Coffee,Massachusetts,Regular,60,460,430,520,64,-663,487,21,599,546,49,High
41395,East,Major Market,Caffe Mocha,Beans,Espresso,Massachusetts,Regular,50,60,0,110,53,491,61,48,-22,113,72,Low
41395,East,Major Market,Regular Espresso,Beans,Espresso,Massachusetts,Regular,140,150,100,290,149,1156,149,41,116,295,60,High
41395,East,Small Market,Green Tea,Leaves,Tea,New Hampshire,Regular,0,40,30,40,0,645,43,0,44,43,10,Low
41395,East,Small Market,Lemon,Leaves,Herbal Tea,New Hampshire,Decaf,20,40,10,60,36,212,45,13,-1,80,43,Low
41395,East,Small Market,Darjeeling,Leaves,Tea,New Hampshire,Regular,20,30,20,50,20,829,29,5,17,49,16,Low
41395,East,Small Market,Amaretto,Beans,Coffee,New Hampshire,Regular,40,70,40,110,51,265,74,16,48,124,36,Medium
41395,East,Small Market,Colombian,Beans,Coffee,New Hampshire,Regular,40,80,50,120,52,397,80,17,43,131,46,Medium
41395,East,Small Market,Caffe Mocha,Beans,Espresso,New Hampshire,Regular,40,60,10,100,43,282,61,39,-10,103,63,Low
41395,East,Small Market,Regular Espresso,Beans,Espresso,New Hampshire,Regular,30,40,0,70,34,182,42,12,-4,75,42,Low
41395,East,Major Market,Green Tea,Leaves,Tea,New York,Regular,90,130,100,220,86,499,124,24,123,208,33,High
41395,East,Major Market,Lemon,Leaves,Herbal Tea,New York,Decaf,200,300,200,500,265,1613,386,100,348,645,125,High
41395,East,Major Market,Mint,Leaves,Herbal Tea,New York,Decaf,170,-20,-90,150,235,2169,-37,72,-181,196,87,High
41395,East,Major Market,Darjeeling,Leaves,Tea,New York,Regular,110,160,120,270,104,871,152,29,155,254,37,High
41395,East,Major Market,Earl Grey,Leaves,Tea,New York,Regular,110,160,120,270,104,821,152,29,153,254,38,High
41395,East,Major Market,Colombian,Beans,Coffee,New York,Regular,280,430,300,710,302,2250,454,105,407,749,148,High
41395,East,Major Market,Caffe Mocha,Beans,Espresso,New York,Regular,110,-50,-180,60,121,1673,-52,109,-269,68,133,Low
41395,East,Major Market,Regular Espresso,Beans,Espresso,New York,Regular,240,290,210,530,260,1271,283,72,258,538,89,High
41395,South,Small Market,Chamomile,Leaves,Herbal Tea,Louisiana,Decaf,40,60,40,100,48,599,63,15,48,110,26,Low
41395,South,Small Market,Lemon,Leaves,Herbal Tea,Louisiana,Decaf,70,90,40,160,77,529,96,29,46,171,59,Medium
41395,South,Small Market,Colombian,Beans,Coffee,Louisiana,Regular,50,70,50,120,40,793,59,11,50,98,21,Low
41395,South,Small Market,Decaf Irish Cream,Beans,Coffee,Louisiana,Decaf,60,100,80,160,53,803,77,14,72,129,23,Medium
41395,South,Small Market,Caffe Latte,Beans,Espresso,Louisiana,Regular,50,80,10,130,64,-113,90,58,4,153,81,Medium
41395,South,Small Market,Caffe Mocha,Beans,Espresso,Louisiana,Regular,40,70,50,110,48,351,82,14,61,129,35,Medium
41395,South,Small Market,Decaf Espresso,Beans,Espresso,Louisiana,Decaf,30,60,40,90,45,410,65,14,39,109,34,Low
41395,South,Small Market,Chamomile,Leaves,Herbal Tea,New Mexico,Decaf,10,30,20,40,20,829,29,5,17,49,16,Low
41395,South,Small Market,Lemon,Leaves,Herbal Tea,New Mexico,Decaf,20,40,20,60,31,976,37,9,10,67,28,Low
41395,South,Small Market,Colombian,Beans,Coffee,New Mexico,Regular,60,100,60,160,52,397,80,17,43,131,46,Medium
41395,South,Small Market,Decaf Irish Cream,Beans,Coffee,New Mexico,Decaf,120,50,10,170,98,973,38,30,-21,135,49,Medium
41395,South,Small Market,Caffe Latte,Beans,Espresso,New Mexico,Regular,20,40,10,60,34,-104,42,12,-6,75,43,Low
41395,South,Small Market,Caffe Mocha,Beans,Espresso,New Mexico,Regular,30,50,0,80,43,282,61,39,-10,103,63,Low
41395,South,Small Market,Decaf Espresso,Beans,Espresso,New Mexico,Decaf,30,40,10,70,39,212,53,12,19,91,36,Low
41395,South,Small Market,Chamomile,Leaves,Herbal Tea,Oklahoma,Decaf,50,70,20,120,58,338,72,22,23,129,51,Medium
41395,South,Small Market,Lemon,Leaves,Herbal Tea,Oklahoma,Decaf,80,130,40,210,92,599,129,83,23,219,104,High
41395,South,Small Market,Colombian,Beans,Coffee,Oklahoma,Regular,50,70,50,120,43,602,56,14,41,98,24,Low
41395,South,Small Market,Decaf Irish Cream,Beans,Coffee,Oklahoma,Decaf,30,50,40,80,29,835,42,8,30,70,19,Low
41395,South,Small Market,Caffe Latte,Beans,Espresso,Oklahoma,Regular,90,140,100,230,114,-387,159,35,139,271,54,High
41395,South,Small Market,Caffe Mocha,Beans,Espresso,Oklahoma,Regular,10,30,30,40,20,464,29,5,18,49,15,Low
41395,South,Small Market,Decaf Espresso,Beans,Espresso,Oklahoma,Decaf,80,120,80,200,94,697,141,31,109,233,58,High
41395,South,Major Market,Chamomile,Leaves,Herbal Tea,Texas,Decaf,40,80,50,120,52,361,71,17,37,122,41,Medium
41395,South,Major Market,Lemon,Leaves,Herbal Tea,Texas,Decaf,40,60,30,100,42,384,61,13,35,102,33,Low
41395,South,Major Market,Colombian,Beans,Coffee,Texas,Regular,290,350,270,640,235,1060,277,72,253,507,87,High
41395,South,Major Market,Decaf Irish Cream,Beans,Coffee,Texas,Decaf,100,130,100,230,83,584,107,27,94,188,36,Medium
41395,South,Major Market,Caffe Latte,Beans,Espresso,Texas,Regular,50,80,50,130,64,-161,96,21,61,159,48,Medium
41395,South,Major Market,Caffe Mocha,Beans,Espresso,Texas,Regular,80,140,120,220,104,821,152,29,155,254,37,High
41395,South,Major Market,Decaf Espresso,Beans,Espresso,Texas,Decaf,70,110,90,180,86,499,124,24,121,208,33,High
41395,West,Small Market,Chamomile,Leaves,Herbal Tea,Utah,Decaf,40,70,40,110,51,265,74,16,47,124,37,Medium
41395,West,Small Market,Lemon,Leaves,Herbal Tea,Utah,Decaf,40,70,40,110,52,397,80,17,44,131,45,Medium
41395,West,Small Market,Mint,Leaves,Herbal Tea,Utah,Decaf,80,30,-10,110,98,973,38,30,-21,135,49,Medium
41395,West,Small Market,Darjeeling,Leaves,Tea,Utah,Regular,20,50,10,70,43,282,61,39,-11,103,64,Low
41395,West,Small Market,Earl Grey,Leaves,Tea,Utah,Regular,20,40,20,60,39,212,53,12,19,91,36,Low
41395,West,Small Market,Green Tea,Leaves,Tea,Utah,Regular,20,30,10,50,34,182,42,12,-4,75,42,Low
41395,West,Small Market,Caffe Latte,Beans,Espresso,Utah,Regular,30,60,50,90,39,799,58,10,50,96,20,Low
41395,West,Small Market,Caffe Mocha,Beans,Espresso,Utah,Regular,40,60,40,100,48,599,63,15,50,110,25,Low
41395,West,Small Market,Decaf Espresso,Beans,Espresso,Utah,Decaf,40,60,40,100,44,844,65,12,58,108,21,Low
41395,West,Small Market,Amaretto,Beans,Coffee,Utah,Regular,80,100,60,180,68,998,80,21,52,147,39,Medium
41395,West,Small Market,Colombian,Beans,Coffee,Utah,Regular,60,80,50,140,48,334,65,15,30,112,40,Low
41395,West,Small Market,Decaf Irish Cream,Beans,Coffee,Utah,Decaf,90,120,70,210,77,529,96,29,47,171,58,Medium
41395,West,Major Market,Chamomile,Leaves,Herbal Tea,California,Decaf,80,140,120,220,104,871,152,29,153,254,38,High
41395,West,Major Market,Lemon,Leaves,Herbal Tea,California,Decaf,200,250,180,450,235,1060,277,72,253,507,87,High
41395,West,Major Market,Mint,Leaves,Herbal Tea,California,Decaf,70,90,60,160,83,584,107,27,92,188,37,Medium
41395,West,Major Market,Darjeeling,Leaves,Tea,California,Regular,60,110,100,170,104,821,152,29,153,254,38,High
41395,West,Major Market,Earl Grey,Leaves,Tea,California,Regular,50,90,80,140,86,499,124,24,123,208,33,High
41395,West,Major Market,Green Tea,Leaves,Tea,California,Regular,40,60,30,100,64,593,96,21,59,159,49,Medium
41395,West,Major Market,Caffe Latte,Beans,Espresso,California,Regular,240,260,180,500,260,1559,261,72,228,516,89,High
41395,West,Major Market,Caffe Mocha,Beans,Espresso,California,Regular,110,160,30,270,121,788,168,109,35,286,133,High
41395,West,Major Market,Decaf Espresso,Beans,Espresso,California,Decaf,250,330,220,580,263,1433,349,86,317,607,111,High
41395,West,Major Market,Amaretto,Beans,Coffee,California,Regular,160,-30,-80,130,127,1215,-21,40,-116,105,59,Low
41395,West,Major Market,Colombian,Beans,Coffee,California,Regular,380,560,410,940,302,2250,454,105,407,749,148,High
41395,West,Major Market,Decaf Irish Cream,Beans,Coffee,California,Decaf,240,-40,-140,200,195,1952,-32,64,-196,162,102,Medium
41395,West,Small Market,Chamomile,Leaves,Herbal Tea,Nevada,Decaf,100,150,40,250,121,788,168,109,35,286,133,High
41395,West,Small Market,Lemon,Leaves,Herbal Tea,Nevada,Decaf,160,240,160,400,195,956,270,64,221,461,102,High
41395,West,Small Market,Mint,Leaves,Herbal Tea,Nevada,Decaf,100,170,120,270,127,671,185,40,167,309,60,High
41395,West,Small Market,Darjeeling,Leaves,Tea,Nevada,Regular,170,240,170,410,263,1433,349,86,319,607,110,High
41395,West,Small Market,Earl Grey,Leaves,Tea,Nevada,Regular,170,180,120,350,260,1559,261,72,226,516,90,High
41395,West,Small Market,Green Tea,Leaves,Tea,Nevada,Regular,170,-170,-250,0,265,3742,-265,100,-524,18,124,Low
41395,West,Small Market,Caffe Latte,Beans,Espresso,Nevada,Regular,0,40,30,40,0,645,43,0,43,43,11,Low
41395,West,Small Market,Caffe Mocha,Beans,Espresso,Nevada,Regular,10,30,20,40,20,829,29,5,18,49,15,Low
41395,West,Small Market,Decaf Espresso,Beans,Espresso,Nevada,Decaf,10,30,20,40,20,784,29,5,18,49,15,Low
41395,West,Small Market,Colombian,Beans,Coffee,Nevada,Regular,40,60,20,100,36,212,45,13,-1,80,43,Low
41395,West,Small Market,Decaf Irish Cream,Beans,Coffee,Nevada,Decaf,30,50,30,80,31,976,37,9,8,67,29,Low
41395,West,Small Market,Chamomile,Leaves,Herbal Tea,Oregon,Decaf,20,40,40,60,30,794,45,8,36,74,18,Low
41395,West,Small Market,Lemon,Leaves,Herbal Tea,Oregon,Decaf,30,50,30,80,43,602,56,14,41,98,24,Low
41395,West,Small Market,Darjeeling,Leaves,Tea,Oregon,Regular,10,20,20,30,20,464,29,5,17,49,16,Low
41395,West,Small Market,Earl Grey,Leaves,Tea,Oregon,Regular,60,90,50,150,94,697,141,31,109,233,58,High
41395,West,Small Market,Green Tea,Leaves,Tea,Oregon,Regular,70,110,70,180,114,555,159,35,139,271,54,High
41395,West,Small Market,Caffe Latte,Beans,Espresso,Oregon,Regular,50,60,20,110,53,361,65,20,15,117,50,Medium
41395,West,Small Market,Caffe Mocha,Beans,Espresso,Oregon,Regular,40,70,40,110,52,361,71,17,37,122,41,Medium
41395,West,Small Market,Decaf Espresso,Beans,Espresso,Oregon,Decaf,140,140,90,280,149,1156,149,41,115,295,61,High
41395,West,Small Market,Amaretto,Beans,Coffee,Oregon,Regular,60,100,40,160,53,458,75,48,-3,127,72,Medium
41395,West,Small Market,Colombian,Beans,Coffee,Oregon,Regular,60,80,30,140,48,422,68,15,11,115,56,Medium
41395,West,Small Market,Decaf Irish Cream,Beans,Coffee,Oregon,Decaf,50,70,40,120,42,384,61,13,35,102,33,Low
41395,West,Small Market,Chamomile,Leaves,Herbal Tea,Washington,Decaf,90,150,100,240,110,1020,165,36,135,273,62,High
41395,West,Small Market,Lemon,Leaves,Herbal Tea,Washington,Decaf,30,50,50,80,40,793,59,11,50,98,21,Low
41395,West,Small Market,Darjeeling,Leaves,Tea,Washington,Regular,30,50,30,80,48,351,82,14,61,129,35,Medium
41395,West,Small Market,Earl Grey,Leaves,Tea,Washington,Regular,20,50,30,70,45,410,65,14,37,109,35,Low
41395,West,Small Market,Green Tea,Leaves,Tea,Washington,Regular,40,60,10,100,64,551,90,58,3,153,82,Medium
41395,West,Small Market,Caffe Latte,Beans,Espresso,Washington,Regular,40,60,40,100,48,599,62,15,47,109,26,Low
41395,West,Small Market,Caffe Mocha,Beans,Espresso,Washington,Regular,50,70,20,120,58,338,72,22,22,129,52,Medium
41395,West,Small Market,Decaf Espresso,Beans,Espresso,Washington,Decaf,70,90,60,160,78,995,92,24,65,168,42,Medium
41395,West,Small Market,Colombian,Beans,Coffee,Washington,Regular,80,130,90,210,71,373,104,22,80,173,43,Medium
41395,West,Small Market,Decaf Irish Cream,Beans,Coffee,Washington,Decaf,110,160,60,270,92,599,129,83,22,219,105,High
41426,Central,Major Market,Chamomile,Leaves,Herbal Tea,Colorado,Decaf,120,140,90,260,149,1245,149,41,115,295,61,High
41426,Central,Major Market,Lemon,Leaves,Herbal Tea,Colorado,Decaf,30,60,10,90,44,496,63,40,-10,106,65,Low
41426,Central,Major Market,Mint,Leaves,Herbal Tea,Colorado,Decaf,40,60,30,100,50,397,68,16,33,117,41,Medium
41426,Central,Major Market,Darjeeling,Leaves,Tea,Colorado,Regular,40,60,20,100,51,396,64,19,15,114,49,Medium
41426,Central,Major Market,Earl Grey,Leaves,Tea,Colorado,Regular,40,60,30,100,53,1028,64,16,37,116,34,Medium
41426,Central,Major Market,Green Tea,Leaves,Tea,Colorado,Regular,30,50,30,80,43,597,56,14,40,98,25,Low
41426,Central,Major Market,Caffe Mocha,Beans,Espresso,Colorado,Regular,100,170,140,270,94,562,136,26,137,228,34,High
41426,Central,Major Market,Decaf Espresso,Beans,Espresso,Colorado,Decaf,60,90,50,150,54,641,81,17,46,134,45,Medium
41426,Central,Major Market,Amaretto,Beans,Coffee,Colorado,Regular,110,170,130,280,113,897,163,31,167,274,39,High
41426,Central,Major Market,Colombian,Beans,Coffee,Colorado,Regular,80,110,80,190,83,574,107,27,94,188,36,Medium
41426,Central,Major Market,Decaf Irish Cream,Beans,Coffee,Colorado,Decaf,130,180,140,310,123,947,178,34,182,298,43,High
41426,Central,Major Market,Chamomile,Leaves,Herbal Tea,Illinois,Decaf,90,150,130,240,113,897,163,31,167,274,39,High
41426,Central,Major Market,Lemon,Leaves,Herbal Tea,Illinois,Decaf,70,90,60,160,83,574,107,27,92,188,37,Medium
41426,Central,Major Market,Mint,Leaves,Herbal Tea,Illinois,Decaf,100,160,140,260,123,947,178,34,184,298,42,High
41426,Central,Major Market,Darjeeling,Leaves,Tea,Illinois,Regular,80,120,90,200,94,562,136,26,137,228,34,High
41426,Central,Major Market,Earl Grey,Leaves,Tea,Illinois,Regular,40,70,30,110,54,641,81,17,46,134,45,Medium
41426,Central,Major Market,Caffe Mocha,Beans,Espresso,Illinois,Regular,310,430,300,740,272,1616,362,89,333,628,113,High
41426,Central,Major Market,Decaf Espresso,Beans,Espresso,Illinois,Decaf,300,310,210,610,260,1715,261,72,226,516,90,High
41426,Central,Major Market,Colombian,Beans,Coffee,Illinois,Regular,210,290,190,500,200,1095,278,66,230,474,103,High
41426,Central,Major Market,Decaf Irish Cream,Beans,Coffee,Illinois,Decaf,140,220,160,360,141,764,204,45,186,342,64,High
41426,Central,Small Market,Chamomile,Leaves,Herbal Tea,Iowa,Decaf,230,320,230,550,272,1616,362,89,333,628,113,High
41426,Central,Small Market,Lemon,Leaves,Herbal Tea,Iowa,Decaf,120,180,140,300,141,764,204,45,188,342,63,High
41426,Central,Small Market,Darjeeling,Leaves,Tea,Iowa,Regular,220,230,150,450,260,1715,261,72,226,516,90,High
41426,Central,Small Market,Earl Grey,Leaves,Tea,Iowa,Regular,230,300,180,530,271,1714,332,102,272,598,126,High
41426,Central,Small Market,Caffe Mocha,Beans,Espresso,Iowa,Regular,20,40,30,60,21,798,32,5,21,53,16,Low
41426,Central,Small Market,Decaf Espresso,Beans,Espresso,Iowa,Decaf,0,50,40,50,0,602,43,0,43,43,11,Low
41426,Central,Small Market,Amaretto,Beans,Coffee,Iowa,Regular,20,40,30,60,23,843,35,6,25,57,16,Low
41426,Central,Small Market,Colombian,Beans,Coffee,Iowa,Regular,30,40,20,70,32,996,38,9,11,69,28,Low
41426,Central,Small Market,Decaf Irish Cream,Beans,Coffee,Iowa,Decaf,20,30,20,50,22,608,30,7,15,52,18,Low
41426,Central,Small Market,Chamomile,Leaves,Herbal Tea,Missouri,Decaf,40,70,20,110,52,313,73,47,-6,124,72,Medium
41426,Central,Small Market,Lemon,Leaves,Herbal Tea,Missouri,Decaf,90,30,0,120,116,1142,25,35,-46,140,54,Medium
41426,Central,Small Market,Darjeeling,Leaves,Tea,Missouri,Regular,30,50,20,80,41,239,55,13,19,95,38,Low
41426,Central,Small Market,Earl Grey,Leaves,Tea,Missouri,Regular,30,30,-10,60,35,204,43,13,-4,77,43,Low
41426,Central,Small Market,Green Tea,Leaves,Tea,Missouri,Regular,30,40,0,70,36,236,46,13,0,81,43,Low
41426,Central,Small Market,Caffe Mocha,Beans,Espresso,Missouri,Regular,40,60,40,100,37,876,55,10,46,91,20,Low
41426,Central,Small Market,Decaf Espresso,Beans,Espresso,Missouri,Decaf,40,60,40,100,36,828,53,10,43,88,20,Low
41426,Central,Small Market,Colombian,Beans,Coffee,Missouri,Regular,80,90,40,170,76,580,93,28,43,167,58,Medium
41426,Central,Small Market,Decaf Irish Cream,Beans,Coffee,Missouri,Decaf,60,80,50,140,65,1042,77,20,48,141,39,Medium
41426,Central,Major Market,Chamomile,Leaves,Herbal Tea,Ohio,Decaf,10,20,20,30,18,478,26,5,12,44,16,Low
41426,Central,Major Market,Lemon,Leaves,Herbal Tea,Ohio,Decaf,20,30,30,50,24,856,36,6,25,59,17,Low
41426,Central,Major Market,Darjeeling,Leaves,Tea,Ohio,Regular,90,150,90,240,111,767,167,36,137,276,63,High
41426,Central,Major Market,Earl Grey,Leaves,Tea,Ohio,Regular,100,140,90,240,118,636,164,36,145,279,55,High
41426,Central,Major Market,Caffe Mocha,Beans,Espresso,Ohio,Regular,170,180,120,350,149,1245,149,41,115,295,61,High
41426,Central,Major Market,Decaf Espresso,Beans,Espresso,Ohio,Decaf,50,80,30,130,51,396,64,19,17,114,48,Medium
41426,Central,Major Market,Amaretto,Beans,Coffee,Ohio,Regular,50,70,40,120,50,397,68,16,33,117,41,Medium
41426,Central,Major Market,Colombian,Beans,Coffee,Ohio,Regular,40,50,20,90,38,414,55,12,26,92,33,Low
41426,Central,Major Market,Decaf Irish Cream,Beans,Coffee,Ohio,Decaf,40,70,20,110,44,496,63,40,-8,106,64,Low
41426,Central,Small Market,Chamomile,Leaves,Herbal Tea,Wisconsin,Decaf,40,70,50,110,47,371,78,14,55,124,35,Medium
41426,Central,Small Market,Lemon,Leaves,Herbal Tea,Wisconsin,Decaf,50,70,60,120,59,842,85,16,80,143,25,Medium
41426,Central,Small Market,Darjeeling,Leaves,Tea,Wisconsin,Regular,30,50,20,80,40,443,59,12,33,98,33,Low
41426,Central,Small Market,Earl Grey,Leaves,Tea,Wisconsin,Regular,40,70,10,110,53,597,75,48,-3,127,72,Medium
41426,Central,Small Market,Caffe Mocha,Beans,Espresso,Wisconsin,Regular,90,110,70,200,81,1046,96,25,69,175,43,Medium
41426,Central,Small Market,Decaf Espresso,Beans,Espresso,Wisconsin,Decaf,50,70,50,120,48,593,62,15,47,109,26,Low
41426,Central,Small Market,Amaretto,Beans,Coffee,Wisconsin,Regular,60,70,20,130,59,377,74,22,26,132,51,Medium
41426,Central,Small Market,Colombian,Beans,Coffee,Wisconsin,Regular,110,160,50,270,110,665,154,100,33,262,121,High
41426,Central,Small Market,Decaf Irish Cream,Beans,Coffee,Wisconsin,Decaf,90,130,90,220,91,533,121,30,87,210,54,High
41426,East,Small Market,Green Tea,Leaves,Tea,Connecticut,Regular,20,30,20,50,20,804,31,5,21,51,15,Low
41426,East,Small Market,Lemon,Leaves,Herbal Tea,Connecticut,Decaf,50,80,40,130,76,580,93,28,44,167,57,Medium
41426,East,Small Market,Mint,Leaves,Herbal Tea,Connecticut,Decaf,40,70,50,110,65,1042,77,20,50,141,38,Medium
41426,East,Small Market,Darjeeling,Leaves,Tea,Connecticut,Regular,30,60,40,90,37,876,55,10,46,91,20,Low
41426,East,Small Market,Colombian,Beans,Coffee,Connecticut,Regular,80,140,100,220,92,1102,140,30,109,230,57,High
41426,East,Small Market,Caffe Mocha,Beans,Espresso,Connecticut,Regular,50,70,10,120,53,597,75,48,-3,127,72,Medium
41426,East,Small Market,Decaf Espresso,Beans,Espresso,Connecticut,Decaf,40,60,30,100,46,367,62,15,26,107,40,Low
41426,East,Major Market,Green Tea,Leaves,Tea,Florida,Regular,60,90,70,150,59,842,85,16,80,143,25,Medium
41426,East,Major Market,Chamomile,Leaves,Herbal Tea,Florida,Decaf,30,50,30,80,48,593,62,15,48,109,25,Low
41426,East,Major Market,Lemon,Leaves,Herbal Tea,Florida,Decaf,40,60,30,100,59,377,74,22,26,132,51,Medium
41426,East,Major Market,Mint,Leaves,Herbal Tea,Florida,Decaf,60,70,40,130,81,1046,96,25,68,175,44,Medium
41426,East,Major Market,Darjeeling,Leaves,Tea,Florida,Regular,40,70,50,110,43,864,62,12,52,104,22,Low
41426,East,Major Market,Colombian,Beans,Coffee,Florida,Regular,100,160,110,260,111,767,167,36,137,276,63,High
41426,East,Major Market,Decaf Irish Cream,Beans,Coffee,Florida,Decaf,110,150,100,260,118,636,164,36,145,279,55,High
41426,East,Major Market,Caffe Mocha,Beans,Espresso,Florida,Regular,100,150,40,250,110,665,154,100,35,262,120,High
41426,East,Major Market,Decaf Espresso,Beans,Espresso,Florida,Decaf,80,120,80,200,91,533,121,30,87,210,54,High
41426,East,Major Market,Green Tea,Leaves,Tea,Massachusetts,Regular,10,30,20,40,18,478,26,5,14,44,15,Low
41426,East,Major Market,Lemon,Leaves,Herbal Tea,Massachusetts,Decaf,30,50,20,80,51,396,64,19,17,114,48,Medium
41426,East,Major Market,Darjeeling,Leaves,Tea,Massachusetts,Regular,20,40,30,60,24,856,36,6,26,59,16,Low
41426,East,Major Market,Colombian,Beans,Coffee,Massachusetts,Regular,50,560,530,610,54,-1006,595,17,755,643,45,High
41426,East,Major Market,Caffe Mocha,Beans,Espresso,Massachusetts,Regular,40,60,10,100,44,543,67,40,-4,110,65,Low
41426,East,Major Market,Regular Espresso,Beans,Espresso,Massachusetts,Regular,140,150,100,290,149,1245,149,41,115,295,61,High
41426,East,Small Market,Green Tea,Leaves,Tea,New Hampshire,Regular,0,40,30,40,0,602,43,0,44,43,10,Low
41426,East,Small Market,Lemon,Leaves,Herbal Tea,New Hampshire,Decaf,20,40,10,60,36,236,46,13,0,81,43,Low
41426,East,Small Market,Darjeeling,Leaves,Tea,New Hampshire,Regular,20,40,30,60,23,843,35,6,23,57,17,Low
41426,East,Small Market,Amaretto,Beans,Coffee,New Hampshire,Regular,50,80,50,130,56,302,82,17,57,137,38,Medium
41426,East,Small Market,Colombian,Beans,Coffee,New Hampshire,Regular,50,90,60,140,62,436,94,20,58,155,48,Medium
41426,East,Small Market,Caffe Mocha,Beans,Espresso,New Hampshire,Regular,40,80,20,120,52,313,73,47,-6,124,72,Medium
41426,East,Small Market,Regular Espresso,Beans,Espresso,New Hampshire,Regular,30,40,0,70,35,204,43,13,-4,77,43,Low
41426,East,Major Market,Green Tea,Leaves,Tea,New York,Regular,90,150,120,240,94,562,136,26,137,228,34,High
41426,East,Major Market,Lemon,Leaves,Herbal Tea,New York,Decaf,200,320,220,520,271,1727,398,102,363,663,126,High
41426,East,Major Market,Mint,Leaves,Herbal Tea,New York,Decaf,180,-30,-100,150,244,2636,-46,75,-197,196,90,High
41426,East,Major Market,Darjeeling,Leaves,Tea,New York,Regular,130,190,150,320,123,947,178,34,184,298,42,High
41426,East,Major Market,Earl Grey,Leaves,Tea,New York,Regular,110,180,140,290,113,897,163,31,167,274,39,High
41426,East,Major Market,Colombian,Beans,Coffee,New York,Regular,340,500,350,840,356,2476,534,124,493,882,165,High
41426,East,Major Market,Caffe Mocha,Beans,Espresso,New York,Regular,130,-60,-210,70,144,1979,-72,131,-326,71,153,Low
41426,East,Major Market,Regular Espresso,Beans,Espresso,New York,Regular,240,420,340,660,260,1405,415,72,439,669,90,High
41426,South,Small Market,Chamomile,Leaves,Herbal Tea,Louisiana,Decaf,40,60,40,100,48,593,63,15,50,110,25,Low
41426,South,Small Market,Lemon,Leaves,Herbal Tea,Louisiana,Decaf,70,90,40,160,76,580,93,28,44,167,57,Medium
41426,South,Small Market,Colombian,Beans,Coffee,Louisiana,Regular,50,80,60,130,43,822,64,12,55,106,22,Low
41426,South,Small Market,Decaf Irish Cream,Beans,Coffee,Louisiana,Decaf,70,110,90,180,59,842,85,16,80,143,25,Medium
41426,South,Small Market,Caffe Latte,Beans,Espresso,Louisiana,Regular,40,70,10,110,53,-267,75,48,-4,127,73,Medium
41426,South,Small Market,Caffe Mocha,Beans,Espresso,Louisiana,Regular,40,60,40,100,47,371,78,14,57,124,34,Medium
41426,South,Small Market,Decaf Espresso,Beans,Espresso,Louisiana,Decaf,30,50,30,80,40,443,59,12,32,98,33,Low
41426,South,Small Market,Chamomile,Leaves,Herbal Tea,New Mexico,Decaf,20,30,20,50,23,843,35,6,25,57,16,Low
41426,South,Small Market,Lemon,Leaves,Herbal Tea,New Mexico,Decaf,30,30,10,60,32,996,38,9,11,69,28,Low
41426,South,Small Market,Colombian,Beans,Coffee,New Mexico,Regular,70,120,80,190,62,436,94,20,59,155,47,Medium
41426,South,Small Market,Decaf Irish Cream,Beans,Coffee,New Mexico,Decaf,140,30,-20,170,116,1142,25,35,-47,140,55,Medium
41426,South,Small Market,Caffe Latte,Beans,Espresso,New Mexico,Regular,30,30,0,60,35,-180,43,13,-4,77,43,Low
41426,South,Small Market,Caffe Mocha,Beans,Espresso,New Mexico,Regular,40,60,0,100,52,313,73,47,-4,124,71,Medium
41426,South,Small Market,Decaf Espresso,Beans,Espresso,New Mexico,Decaf,30,50,20,80,41,239,55,13,19,95,38,Low
41426,South,Small Market,Chamomile,Leaves,Herbal Tea,Oklahoma,Decaf,50,80,30,130,59,377,74,22,26,132,51,Medium
41426,South,Small Market,Lemon,Leaves,Herbal Tea,Oklahoma,Decaf,100,150,40,250,110,665,154,100,35,262,120,High
41426,South,Small Market,Colombian,Beans,Coffee,Oklahoma,Regular,50,70,50,120,43,597,56,14,40,98,25,Low
41426,South,Small Market,Decaf Irish Cream,Beans,Coffee,Oklahoma,Decaf,30,40,30,70,24,856,36,6,26,59,16,Low
41426,South,Small Market,Caffe Latte,Beans,Espresso,Oklahoma,Regular,100,140,100,240,118,-660,164,36,145,279,55,High
41426,South,Small Market,Caffe Mocha,Beans,Espresso,Oklahoma,Regular,10,20,20,30,18,478,26,5,14,44,15,Low
41426,South,Small Market,Decaf Espresso,Beans,Espresso,Oklahoma,Decaf,90,140,90,230,111,767,167,36,137,276,63,High
41426,South,Major Market,Chamomile,Leaves,Herbal Tea,Texas,Decaf,40,70,40,110,50,397,68,16,33,117,41,Medium
41426,South,Major Market,Lemon,Leaves,Herbal Tea,Texas,Decaf,30,60,30,90,38,414,55,12,28,92,33,Low
41426,South,Major Market,Colombian,Beans,Coffee,Texas,Regular,300,360,270,660,244,1213,288,75,265,527,89,High
41426,South,Major Market,Decaf Irish Cream,Beans,Coffee,Texas,Decaf,100,130,100,230,83,574,107,27,94,188,36,Medium
41426,South,Major Market,Caffe Latte,Beans,Espresso,Texas,Regular,40,70,40,110,54,-321,81,17,46,134,45,Medium
41426,South,Major Market,Caffe Mocha,Beans,Espresso,Texas,Regular,90,140,120,230,113,897,163,31,166,274,40,High
41426,South,Major Market,Decaf Espresso,Beans,Espresso,Texas,Decaf,80,110,90,190,94,562,136,26,137,228,34,High
41426,West,Small Market,Chamomile,Leaves,Herbal Tea,Utah,Decaf,40,80,50,120,56,302,82,17,58,137,37,Medium
41426,West,Small Market,Lemon,Leaves,Herbal Tea,Utah,Decaf,50,80,50,130,62,436,94,20,58,155,48,Medium
41426,West,Small Market,Mint,Leaves,Herbal Tea,Utah,Decaf,90,30,-10,120,116,1142,25,35,-46,140,54,Medium
41426,West,Small Market,Darjeeling,Leaves,Tea,Utah,Regular,30,50,0,80,52,313,73,47,-4,124,71,Medium
41426,West,Small Market,Earl Grey,Leaves,Tea,Utah,Regular,20,40,20,60,41,239,55,13,19,95,38,Low
41426,West,Small Market,Green Tea,Leaves,Tea,Utah,Regular,20,30,10,50,35,204,43,13,-4,77,43,Low
41426,West,Small Market,Caffe Latte,Beans,Espresso,Utah,Regular,30,50,40,80,36,828,53,10,43,88,20,Low
41426,West,Small Market,Caffe Mocha,Beans,Espresso,Utah,Regular,40,60,40,100,48,593,63,15,48,110,26,Low
41426,West,Small Market,Decaf Espresso,Beans,Espresso,Utah,Decaf,30,50,40,80,37,876,55,10,47,91,20,Low
41426,West,Small Market,Amaretto,Beans,Coffee,Utah,Regular,80,90,60,170,65,1042,77,20,50,141,38,Medium
41426,West,Small Market,Colombian,Beans,Coffee,Utah,Regular,50,80,50,130,46,367,62,15,26,107,40,Low
41426,West,Small Market,Decaf Irish Cream,Beans,Coffee,Utah,Decaf,90,120,70,210,76,580,93,28,44,167,57,Medium
41426,West,Major Market,Chamomile,Leaves,Herbal Tea,California,Decaf,100,160,140,260,123,947,178,34,184,298,42,High
41426,West,Major Market,Lemon,Leaves,Herbal Tea,California,Decaf,200,260,190,460,244,1213,288,75,265,527,89,High
41426,West,Major Market,Mint,Leaves,Herbal Tea,California,Decaf,70,90,60,160,83,574,107,27,92,188,37,Medium
41426,West,Major Market,Darjeeling,Leaves,Tea,California,Regular,70,110,90,180,113,897,163,31,166,274,40,High
41426,West,Major Market,Earl Grey,Leaves,Tea,California,Regular,60,90,80,150,94,562,136,26,135,228,35,High
41426,West,Major Market,Green Tea,Leaves,Tea,California,Regular,30,60,30,90,54,641,81,17,44,134,46,Medium
41426,West,Major Market,Caffe Latte,Beans,Espresso,California,Regular,240,260,180,500,260,1715,261,72,228,516,89,High
41426,West,Major Market,Caffe Mocha,Beans,Espresso,California,Regular,130,200,50,330,144,874,201,131,50,342,153,High
41426,West,Major Market,Decaf Espresso,Beans,Espresso,California,Decaf,260,340,230,600,272,1616,362,89,331,628,113,High
41426,West,Major Market,Amaretto,Beans,Coffee,California,Regular,170,-50,-110,120,141,1514,-45,45,-156,95,63,Low
41426,West,Major Market,Colombian,Beans,Coffee,California,Regular,440,670,500,1110,356,2476,534,124,493,882,165,High
41426,West,Major Market,Decaf Irish Cream,Beans,Coffee,California,Decaf,250,-40,-140,210,200,2393,-31,66,-196,167,103,Medium
41426,West,Small Market,Chamomile,Leaves,Herbal Tea,Nevada,Decaf,120,180,50,300,144,874,201,131,51,342,153,High
41426,West,Small Market,Lemon,Leaves,Herbal Tea,Nevada,Decaf,170,250,170,420,200,1095,278,66,229,474,104,High
41426,West,Small Market,Mint,Leaves,Herbal Tea,Nevada,Decaf,120,180,130,300,141,764,204,45,188,342,63,High
41426,West,Small Market,Darjeeling,Leaves,Tea,Nevada,Regular,170,260,190,430,272,1616,362,89,333,628,113,High
41426,West,Small Market,Earl Grey,Leaves,Tea,Nevada,Regular,170,180,120,350,260,1715,261,72,228,516,89,High
41426,West,Small Market,Green Tea,Leaves,Tea,Nevada,Regular,170,-170,-250,0,271,4507,-271,102,-509,37,126,Low
41426,West,Small Market,Caffe Latte,Beans,Espresso,Nevada,Regular,0,40,30,40,0,602,43,0,43,43,11,Low
41426,West,Small Market,Caffe Mocha,Beans,Espresso,Nevada,Regular,20,30,20,50,23,843,35,6,25,57,16,Low
41426,West,Small Market,Decaf Espresso,Beans,Espresso,Nevada,Decaf,20,30,20,50,21,798,32,5,21,53,16,Low
41426,West,Small Market,Colombian,Beans,Coffee,Nevada,Regular,40,60,20,100,36,236,46,13,0,81,43,Low
41426,West,Small Market,Decaf Irish Cream,Beans,Coffee,Nevada,Decaf,40,40,20,80,32,996,38,9,11,69,28,Low
41426,West,Small Market,Chamomile,Leaves,Herbal Tea,Oregon,Decaf,20,40,40,60,28,816,41,7,30,68,18,Low
41426,West,Small Market,Lemon,Leaves,Herbal Tea,Oregon,Decaf,30,50,30,80,43,597,56,14,41,98,24,Low
41426,West,Small Market,Darjeeling,Leaves,Tea,Oregon,Regular,10,10,10,20,18,478,26,5,12,44,16,Low
41426,West,Small Market,Earl Grey,Leaves,Tea,Oregon,Regular,70,110,70,180,111,767,167,36,138,276,62,High
41426,West,Small Market,Green Tea,Leaves,Tea,Oregon,Regular,70,120,80,190,118,636,164,36,145,279,55,High
41426,West,Small Market,Caffe Latte,Beans,Espresso,Oregon,Regular,40,70,30,110,51,396,64,19,15,114,49,Medium
41426,West,Small Market,Caffe Mocha,Beans,Espresso,Oregon,Regular,40,70,40,110,50,397,68,16,33,117,41,Medium
41426,West,Small Market,Decaf Espresso,Beans,Espresso,Oregon,Decaf,140,140,90,280,149,1245,149,41,115,295,61,High
41426,West,Small Market,Amaretto,Beans,Coffee,Oregon,Regular,50,80,30,130,44,496,63,40,-8,106,64,Low
41426,West,Small Market,Colombian,Beans,Coffee,Oregon,Regular,50,90,40,140,47,456,65,15,6,111,57,Low
41426,West,Small Market,Decaf Irish Cream,Beans,Coffee,Oregon,Decaf,40,70,40,110,38,414,55,12,28,92,33,Low
41426,West,Small Market,Chamomile,Leaves,Herbal Tea,Washington,Decaf,70,130,90,200,92,1102,140,30,109,230,57,High
41426,West,Small Market,Lemon,Leaves,Herbal Tea,Washington,Decaf,30,60,50,90,43,822,64,12,55,106,22,Low
41426,West,Small Market,Darjeeling,Leaves,Tea,Washington,Regular,30,50,30,80,47,371,78,14,57,124,34,Medium
41426,West,Small Market,Earl Grey,Leaves,Tea,Washington,Regular,20,40,20,60,40,443,59,12,33,98,33,Low
41426,West,Small Market,Green Tea,Leaves,Tea,Washington,Regular,30,50,0,80,53,597,75,48,-4,127,73,Medium
41426,West,Small Market,Caffe Latte,Beans,Espresso,Washington,Regular,40,60,40,100,48,593,62,15,47,109,26,Low
41426,West,Small Market,Caffe Mocha,Beans,Espresso,Washington,Regular,50,70,20,120,59,377,74,22,25,132,52,Medium
41426,West,Small Market,Decaf Espresso,Beans,Espresso,Washington,Decaf,70,90,60,160,81,1046,96,25,68,175,44,Medium
41426,West,Small Market,Colombian,Beans,Coffee,Washington,Regular,90,150,110,240,79,425,114,25,91,191,45,High
41426,West,Small Market,Decaf Irish Cream,Beans,Coffee,Washington,Decaf,130,200,90,330,110,665,154,100,33,262,121,High
41456,Central,Major Market,Chamomile,Leaves,Herbal Tea,Colorado,Decaf,120,130,80,250,145,1304,146,40,112,288,60,High
41456,Central,Major Market,Lemon,Leaves,Herbal Tea,Colorado,Decaf,30,50,0,80,39,517,56,36,-14,94,61,Low
41456,Central,Major Market,Mint,Leaves,Herbal Tea,Colorado,Decaf,40,50,20,90,47,420,63,15,29,109,39,Low
41456,Central,Major Market,Darjeeling,Leaves,Tea,Colorado,Regular,40,60,20,100,51,419,64,19,17,114,48,Medium
41456,Central,Major Market,Earl Grey,Leaves,Tea,Colorado,Regular,40,50,20,90,50,1051,59,15,32,108,33,Low
41456,Central,Major Market,Green Tea,Leaves,Tea,Colorado,Regular,30,50,30,80,41,592,53,13,37,93,24,Low
41456,Central,Major Market,Amaretto,Beans,Coffee,Colorado,Regular,110,150,120,260,104,952,152,29,153,254,38,High
41456,Central,Major Market,Colombian,Beans,Coffee,Colorado,Regular,90,110,80,200,87,564,112,28,98,197,38,High
41456,Central,Major Market,Decaf Irish Cream,Beans,Coffee,Colorado,Decaf,130,190,150,320,127,1007,185,35,192,309,43,High
41456,Central,Major Market,Caffe Mocha,Beans,Espresso,Colorado,Regular,100,170,140,270,94,608,136,26,135,228,35,High
41456,Central,Major Market,Decaf Espresso,Beans,Espresso,Colorado,Decaf,60,90,50,150,52,668,79,17,43,130,45,Medium
41456,Central,Major Market,Chamomile,Leaves,Herbal Tea,Illinois,Decaf,80,140,120,220,104,952,152,29,153,254,38,High
41456,Central,Major Market,Lemon,Leaves,Herbal Tea,Illinois,Decaf,70,100,70,170,87,564,112,28,99,197,37,High
41456,Central,Major Market,Mint,Leaves,Herbal Tea,Illinois,Decaf,100,170,150,270,127,1007,185,35,192,309,43,High
41456,Central,Major Market,Darjeeling,Leaves,Tea,Illinois,Regular,80,120,90,200,94,608,136,26,137,228,34,High
41456,Central,Major Market,Earl Grey,Leaves,Tea,Illinois,Regular,40,70,30,110,52,668,79,17,43,130,45,Medium
41456,Central,Major Market,Colombian,Beans,Coffee,Illinois,Regular,250,340,230,590,238,1190,329,78,287,562,113,High
41456,Central,Major Market,Decaf Irish Cream,Beans,Coffee,Illinois,Decaf,160,230,170,390,154,833,222,49,207,373,67,High
41456,Central,Major Market,Caffe Mocha,Beans,Espresso,Illinois,Regular,330,470,340,800,291,1742,387,96,357,672,119,High
41456,Central,Major Market,Decaf Espresso,Beans,Espresso,Illinois,Decaf,300,320,220,620,266,1819,266,74,232,527,91,High
41456,Central,Small Market,Chamomile,Leaves,Herbal Tea,Iowa,Decaf,250,340,240,590,291,1742,387,96,356,672,120,High
41456,Central,Small Market,Lemon,Leaves,Herbal Tea,Iowa,Decaf,130,200,150,330,154,833,222,49,207,373,67,High
41456,Central,Small Market,Darjeeling,Leaves,Tea,Iowa,Regular,220,240,150,460,266,1819,266,74,230,527,92,High
41456,Central,Small Market,Earl Grey,Leaves,Tea,Iowa,Regular,230,290,170,520,270,1834,332,102,272,597,126,High
41456,Central,Small Market,Amaretto,Beans,Coffee,Iowa,Regular,20,40,30,60,25,854,36,7,23,60,18,Low
41456,Central,Small Market,Colombian,Beans,Coffee,Iowa,Regular,30,40,20,70,34,1010,41,10,12,74,30,Low
41456,Central,Small Market,Decaf Irish Cream,Beans,Coffee,Iowa,Decaf,20,30,20,50,23,605,31,7,17,54,18,Low
41456,Central,Small Market,Caffe Mocha,Beans,Espresso,Iowa,Regular,20,30,20,50,20,808,29,5,18,49,15,Low
41456,Central,Small Market,Decaf Espresso,Beans,Espresso,Iowa,Decaf,0,50,40,50,0,559,43,0,43,43,11,Low
41456,Central,Small Market,Chamomile,Leaves,Herbal Tea,Missouri,Decaf,50,70,10,120,59,338,82,53,-1,140,77,Medium
41456,Central,Small Market,Lemon,Leaves,Herbal Tea,Missouri,Decaf,100,40,0,140,120,1334,49,37,-17,167,57,Medium
41456,Central,Small Market,Darjeeling,Leaves,Tea,Missouri,Regular,30,60,30,90,44,258,59,14,23,102,39,Low
41456,Central,Small Market,Earl Grey,Leaves,Tea,Missouri,Regular,30,40,0,70,40,219,49,15,1,88,45,Low
41456,Central,Small Market,Green Tea,Leaves,Tea,Missouri,Regular,30,40,0,70,36,252,46,13,0,81,43,Low
41456,Central,Small Market,Colombian,Beans,Coffee,Missouri,Regular,80,90,40,170,76,613,93,28,43,167,58,Medium
41456,Central,Small Market,Decaf Irish Cream,Beans,Coffee,Missouri,Decaf,60,70,40,130,60,1070,72,18,44,131,37,Medium
41456,Central,Small Market,Caffe Mocha,Beans,Espresso,Missouri,Regular,40,60,40,100,35,894,52,9,44,86,19,Low
41456,Central,Small Market,Decaf Espresso,Beans,Espresso,Missouri,Decaf,40,70,50,110,39,845,57,10,48,95,20,Low
41456,Central,Major Market,Chamomile,Leaves,Herbal Tea,Ohio,Decaf,10,20,20,30,18,486,26,5,12,44,16,Low
41456,Central,Major Market,Lemon,Leaves,Herbal Tea,Ohio,Decaf,10,40,40,50,23,868,34,6,22,56,17,Low
41456,Central,Major Market,Darjeeling,Leaves,Tea,Ohio,Regular,90,160,100,250,114,822,172,37,144,283,63,High
41456,Central,Major Market,Earl Grey,Leaves,Tea,Ohio,Regular,120,170,110,290,141,692,195,43,177,333,62,High
41456,Central,Major Market,Decaf Espresso,Beans,Espresso,Ohio,Decaf,50,80,30,130,51,419,64,19,15,114,49,Medium
41456,Central,Major Market,Amaretto,Beans,Coffee,Ohio,Regular,40,70,40,110,47,420,63,15,28,109,40,Low
41456,Central,Major Market,Colombian,Beans,Coffee,Ohio,Regular,30,50,30,80,34,432,51,10,25,84,31,Low
41456,Central,Major Market,Decaf Irish Cream,Beans,Coffee,Ohio,Decaf,40,50,0,90,39,517,56,36,-12,94,60,Low
41456,Central,Major Market,Caffe Mocha,Beans,Espresso,Ohio,Regular,160,180,120,340,145,1304,146,40,112,288,60,High
41456,Central,Small Market,Chamomile,Leaves,Herbal Tea,Wisconsin,Decaf,30,60,40,90,39,380,65,12,40,103,33,Low
41456,Central,Small Market,Lemon,Leaves,Herbal Tea,Wisconsin,Decaf,50,70,60,120,59,870,85,16,80,143,25,Medium
41456,Central,Small Market,Darjeeling,Leaves,Tea,Wisconsin,Regular,30,40,10,70,36,462,54,11,29,89,31,Low
41456,Central,Small Market,Earl Grey,Leaves,Tea,Wisconsin,Regular,40,50,0,90,47,622,66,42,-8,112,67,Low
41456,Central,Small Market,Decaf Espresso,Beans,Espresso,Wisconsin,Decaf,50,80,60,130,50,587,65,16,50,114,27,Medium
41456,Central,Small Market,Amaretto,Beans,Coffee,Wisconsin,Regular,60,70,20,130,59,403,74,22,25,132,52,Medium
41456,Central,Small Market,Colombian,Beans,Coffee,Wisconsin,Regular,130,180,60,310,124,717,173,112,44,294,131,High
41456,Central,Small Market,Decaf Irish Cream,Beans,Coffee,Wisconsin,Decaf,100,130,80,230,97,575,130,32,98,225,55,High
41456,Central,Small Market,Caffe Mocha,Beans,Espresso,Wisconsin,Regular,90,130,90,220,86,1081,103,26,77,187,44,Medium
41456,East,Small Market,Lemon,Leaves,Herbal Tea,Connecticut,Decaf,50,80,40,130,76,613,93,28,44,167,57,Medium
41456,East,Small Market,Mint,Leaves,Herbal Tea,Connecticut,Decaf,40,60,40,100,60,1070,72,18,46,131,36,Medium
41456,East,Small Market,Darjeeling,Leaves,Tea,Connecticut,Regular,30,60,50,90,35,894,52,9,44,86,19,Low
41456,East,Small Market,Green Tea,Leaves,Tea,Connecticut,Regular,20,30,20,50,20,814,31,5,21,51,15,Low
41456,East,Small Market,Caffe Mocha,Beans,Espresso,Connecticut,Regular,40,70,20,110,47,622,66,42,-7,112,66,Low
41456,East,Small Market,Decaf Espresso,Beans,Espresso,Connecticut,Decaf,40,50,20,90,43,388,57,14,22,99,38,Low
41456,East,Small Market,Colombian,Beans,Coffee,Connecticut,Regular,80,130,90,210,90,1148,135,29,104,223,56,High
41456,East,Major Market,Chamomile,Leaves,Herbal Tea,Florida,Decaf,30,50,30,80,50,587,65,16,50,114,27,Medium
41456,East,Major Market,Lemon,Leaves,Herbal Tea,Florida,Decaf,40,60,30,100,59,403,74,22,26,132,51,Medium
41456,East,Major Market,Mint,Leaves,Herbal Tea,Florida,Decaf,60,80,50,140,86,1081,103,26,76,187,45,Medium
41456,East,Major Market,Darjeeling,Leaves,Tea,Florida,Regular,40,70,50,110,45,885,65,12,57,109,22,Low
41456,East,Major Market,Green Tea,Leaves,Tea,Florida,Regular,60,90,70,150,59,870,85,16,80,143,25,Medium
41456,East,Major Market,Caffe Mocha,Beans,Espresso,Florida,Regular,110,180,60,290,124,717,173,112,44,294,131,High
41456,East,Major Market,Decaf Espresso,Beans,Espresso,Florida,Decaf,90,130,80,220,97,575,130,32,98,225,55,High
41456,East,Major Market,Colombian,Beans,Coffee,Florida,Regular,100,170,120,270,114,822,172,37,144,283,63,High
41456,East,Major Market,Decaf Irish Cream,Beans,Coffee,Florida,Decaf,130,180,130,310,141,692,195,43,178,333,61,High
41456,East,Major Market,Lemon,Leaves,Herbal Tea,Massachusetts,Decaf,30,50,20,80,51,419,64,19,15,114,49,Medium
41456,East,Major Market,Darjeeling,Leaves,Tea,Massachusetts,Regular,20,40,30,60,23,868,34,6,22,56,17,Low
41456,East,Major Market,Green Tea,Leaves,Tea,Massachusetts,Regular,10,30,20,40,18,486,26,5,12,44,16,Low
41456,East,Major Market,Caffe Mocha,Beans,Espresso,Massachusetts,Regular,30,70,20,100,39,560,72,36,10,110,60,Low
41456,East,Major Market,Regular Espresso,Beans,Espresso,Massachusetts,Regular,130,150,100,280,145,1304,146,40,112,288,60,High
41456,East,Major Market,Colombian,Beans,Coffee,Massachusetts,Regular,40,590,560,630,52,-1493,613,17,778,659,46,High
41456,East,Small Market,Lemon,Leaves,Herbal Tea,New Hampshire,Decaf,20,40,10,60,36,252,46,13,0,81,43,Low
41456,East,Small Market,Darjeeling,Leaves,Tea,New Hampshire,Regular,20,40,30,60,25,854,36,7,23,60,18,Low
41456,East,Small Market,Green Tea,Leaves,Tea,New Hampshire,Regular,0,40,30,40,0,559,43,0,43,43,11,Low
41456,East,Small Market,Caffe Mocha,Beans,Espresso,New Hampshire,Regular,50,80,10,130,59,338,82,53,-1,140,77,Medium
41456,East,Small Market,Regular Espresso,Beans,Espresso,New Hampshire,Regular,30,50,10,80,40,219,49,15,0,88,46,Low
41456,East,Small Market,Amaretto,Beans,Coffee,New Hampshire,Regular,50,90,70,140,61,329,90,19,68,150,38,Medium
41456,East,Small Market,Colombian,Beans,Coffee,New Hampshire,Regular,60,90,60,150,64,467,96,21,59,159,49,Medium
41456,East,Major Market,Lemon,Leaves,Herbal Tea,New York,Decaf,200,410,310,610,270,1781,523,102,536,786,126,High
41456,East,Major Market,Mint,Leaves,Herbal Tea,New York,Decaf,190,-40,-110,150,260,3076,-62,80,-226,196,95,High
41456,East,Major Market,Darjeeling,Leaves,Tea,New York,Regular,130,200,160,330,127,1007,185,35,190,309,44,High
41456,East,Major Market,Earl Grey,Leaves,Tea,New York,Regular,110,160,120,270,104,952,152,29,153,254,38,High
41456,East,Major Market,Green Tea,Leaves,Tea,New York,Regular,90,150,120,240,94,608,136,26,135,228,35,High
41456,East,Major Market,Caffe Mocha,Beans,Espresso,New York,Regular,150,-80,-240,70,162,2321,-85,147,-367,76,168,Low
41456,East,Major Market,Regular Espresso,Beans,Espresso,New York,Regular,250,280,190,530,266,1355,280,74,251,541,91,High
41456,East,Major Market,Colombian,Beans,Coffee,New York,Regular,340,520,370,860,364,2654,548,127,511,904,166,High
41456,South,Small Market,Chamomile,Leaves,Herbal Tea,Louisiana,Decaf,40,60,40,100,46,587,60,15,44,105,26,Low
41456,South,Small Market,Lemon,Leaves,Herbal Tea,Louisiana,Decaf,70,90,40,160,76,613,93,28,43,167,58,Medium
41456,South,Small Market,Colombian,Beans,Coffee,Louisiana,Regular,50,70,50,120,40,843,59,11,50,98,21,Low
41456,South,Small Market,Decaf Irish Cream,Beans,Coffee,Louisiana,Decaf,70,110,90,180,59,870,85,16,80,143,25,Medium
41456,South,Small Market,Caffe Latte,Beans,Espresso,Louisiana,Regular,40,50,0,90,47,-395,66,42,-8,112,67,Low
41456,South,Small Market,Caffe Mocha,Beans,Espresso,Louisiana,Regular,30,50,30,80,39,380,65,12,41,103,33,Low
41456,South,Small Market,Decaf Espresso,Beans,Espresso,Louisiana,Decaf,30,40,20,70,36,462,54,11,29,89,31,Low
41456,South,Small Market,Chamomile,Leaves,Herbal Tea,New Mexico,Decaf,20,30,20,50,25,854,36,7,23,60,18,Low
41456,South,Small Market,Lemon,Leaves,Herbal Tea,New Mexico,Decaf,30,40,20,70,34,1010,41,10,14,74,29,Low
41456,South,Small Market,Colombian,Beans,Coffee,New Mexico,Regular,80,120,70,200,64,467,96,21,61,159,48,Medium
41456,South,Small Market,Decaf Irish Cream,Beans,Coffee,New Mexico,Decaf,150,60,10,210,120,1334,49,37,-15,167,56,Medium
41456,South,Small Market,Caffe Latte,Beans,Espresso,New Mexico,Regular,30,40,10,70,40,-258,49,15,1,88,45,Low
41456,South,Small Market,Caffe Mocha,Beans,Espresso,New Mexico,Regular,50,70,0,120,59,338,82,53,-1,140,77,Medium
41456,South,Small Market,Decaf Espresso,Beans,Espresso,New Mexico,Decaf,30,50,20,80,44,258,59,14,25,102,38,Low
41456,South,Small Market,Chamomile,Leaves,Herbal Tea,Oklahoma,Decaf,50,80,30,130,59,403,74,22,26,132,51,Medium
41456,South,Small Market,Lemon,Leaves,Herbal Tea,Oklahoma,Decaf,110,180,60,290,124,717,173,112,44,294,131,High
41456,South,Small Market,Colombian,Beans,Coffee,Oklahoma,Regular,50,60,40,110,41,592,53,13,39,93,23,Low
41456,South,Small Market,Decaf Irish Cream,Beans,Coffee,Oklahoma,Decaf,20,50,40,70,23,868,34,6,22,56,17,Low
41456,South,Small Market,Caffe Latte,Beans,Espresso,Oklahoma,Regular,120,160,110,280,141,-942,195,43,177,333,62,High
41456,South,Small Market,Caffe Mocha,Beans,Espresso,Oklahoma,Regular,10,20,20,30,18,486,26,5,12,44,16,Low
41456,South,Small Market,Decaf Espresso,Beans,Espresso,Oklahoma,Decaf,90,150,100,240,114,822,172,37,142,283,64,High
41456,South,Major Market,Chamomile,Leaves,Herbal Tea,Texas,Decaf,40,60,30,100,47,420,63,15,28,109,40,Low
41456,South,Major Market,Lemon,Leaves,Herbal Tea,Texas,Decaf,30,50,30,80,34,432,51,10,26,84,30,Low
41456,South,Major Market,Colombian,Beans,Coffee,Texas,Regular,320,380,290,700,260,1319,307,80,284,562,94,High
41456,South,Major Market,Decaf Irish Cream,Beans,Coffee,Texas,Decaf,100,140,110,240,87,564,112,28,98,197,38,High
41456,South,Major Market,Caffe Latte,Beans,Espresso,Texas,Regular,40,70,40,110,52,-456,79,17,41,130,46,Medium
41456,South,Major Market,Caffe Mocha,Beans,Espresso,Texas,Regular,80,140,120,220,104,952,152,29,155,254,37,High
41456,South,Major Market,Decaf Espresso,Beans,Espresso,Texas,Decaf,80,110,90,190,94,608,136,26,135,228,35,High
41456,West,Small Market,Earl Grey,Leaves,Tea,Utah,Regular,20,50,30,70,44,258,59,14,23,102,39,Low
41456,West,Small Market,Green Tea,Leaves,Tea,Utah,Regular,20,40,20,60,40,219,49,15,1,88,45,Low
41456,West,Small Market,Chamomile,Leaves,Herbal Tea,Utah,Decaf,50,80,60,130,61,329,90,19,66,150,39,Medium
41456,West,Small Market,Lemon,Leaves,Herbal Tea,Utah,Decaf,50,90,60,140,64,467,96,21,61,159,48,Medium
41456,West,Small Market,Mint,Leaves,Herbal Tea,Utah,Decaf,100,40,-10,140,120,1334,49,37,-17,167,57,Medium
41456,West,Small Market,Darjeeling,Leaves,Tea,Utah,Regular,30,60,10,90,59,338,82,53,0,140,76,Medium
41456,West,Small Market,Amaretto,Beans,Coffee,Utah,Regular,70,90,60,160,60,1070,72,18,44,131,37,Medium
41456,West,Small Market,Colombian,Beans,Coffee,Utah,Regular,50,70,40,120,43,388,57,14,22,99,38,Low
41456,West,Small Market,Decaf Irish Cream,Beans,Coffee,Utah,Decaf,90,120,70,210,76,613,93,28,43,167,58,Medium
41456,West,Small Market,Caffe Latte,Beans,Espresso,Utah,Regular,30,60,50,90,39,845,57,10,50,95,20,Low
41456,West,Small Market,Caffe Mocha,Beans,Espresso,Utah,Regular,40,60,40,100,46,587,60,15,44,105,26,Low
41456,West,Small Market,Decaf Espresso,Beans,Espresso,Utah,Decaf,30,50,40,80,35,894,52,9,43,86,20,Low
41456,West,Major Market,Earl Grey,Leaves,Tea,California,Regular,60,90,80,150,94,608,136,26,135,228,35,High
41456,West,Major Market,Green Tea,Leaves,Tea,California,Regular,30,50,20,80,52,668,79,17,41,130,46,Medium
41456,West,Major Market,Chamomile,Leaves,Herbal Tea,California,Decaf,100,170,150,270,127,1007,185,35,192,309,43,High
41456,West,Major Market,Lemon,Leaves,Herbal Tea,California,Decaf,220,270,200,490,260,1319,307,80,283,562,95,High
41456,West,Major Market,Mint,Leaves,Herbal Tea,California,Decaf,70,100,70,170,87,564,112,28,99,197,37,High
41456,West,Major Market,Darjeeling,Leaves,Tea,California,Regular,60,110,100,170,104,952,152,29,155,254,37,High
41456,West,Major Market,Amaretto,Beans,Coffee,California,Regular,190,-90,-150,100,154,1832,-67,49,-190,86,66,Low
41456,West,Major Market,Colombian,Beans,Coffee,California,Regular,450,690,530,1140,364,2654,548,127,511,904,166,High
41456,West,Major Market,Decaf Irish Cream,Beans,Coffee,California,Decaf,290,-40,-150,250,238,2797,-36,78,-217,200,113,High
41456,West,Major Market,Caffe Latte,Beans,Espresso,California,Regular,250,260,170,510,266,1819,266,74,230,527,92,High
41456,West,Major Market,Caffe Mocha,Beans,Espresso,California,Regular,150,220,60,370,162,943,225,147,62,384,167,High
41456,West,Major Market,Decaf Espresso,Beans,Espresso,California,Decaf,270,380,260,650,291,1742,387,96,357,672,119,High
41456,West,Small Market,Darjeeling,Leaves,Tea,Nevada,Regular,190,270,190,460,291,1742,387,96,356,672,120,High
41456,West,Small Market,Earl Grey,Leaves,Tea,Nevada,Regular,170,190,130,360,266,1819,266,74,232,527,91,High
41456,West,Small Market,Green Tea,Leaves,Tea,Nevada,Regular,170,-170,-250,0,270,5230,-270,102,-522,27,126,Low
41456,West,Small Market,Chamomile,Leaves,Herbal Tea,Nevada,Decaf,130,210,70,340,162,943,225,147,62,384,167,High
41456,West,Small Market,Lemon,Leaves,Herbal Tea,Nevada,Decaf,200,290,200,490,238,1190,329,78,287,562,113,High
41456,West,Small Market,Mint,Leaves,Herbal Tea,Nevada,Decaf,130,200,150,330,154,833,222,49,207,373,67,High
41456,West,Small Market,Colombian,Beans,Coffee,Nevada,Regular,40,60,20,100,36,252,46,13,-1,81,44,Low
41456,West,Small Market,Decaf Irish Cream,Beans,Coffee,Nevada,Decaf,40,50,30,90,34,1010,41,10,12,74,30,Low
41456,West,Small Market,Caffe Latte,Beans,Espresso,Nevada,Regular,0,40,30,40,0,559,43,0,44,43,10,Low
41456,West,Small Market,Caffe Mocha,Beans,Espresso,Nevada,Regular,20,30,20,50,25,854,36,7,23,60,18,Low
41456,West,Small Market,Decaf Espresso,Beans,Espresso,Nevada,Decaf,10,30,20,40,20,808,29,5,17,49,16,Low
41456,West,Small Market,Darjeeling,Leaves,Tea,Oregon,Regular,10,10,10,20,18,486,26,5,12,44,16,Low
41456,West,Small Market,Earl Grey,Leaves,Tea,Oregon,Regular,70,120,80,190,114,822,172,37,144,283,63,High
41456,West,Small Market,Green Tea,Leaves,Tea,Oregon,Regular,90,130,90,220,141,692,195,43,178,333,61,High
41456,West,Small Market,Chamomile,Leaves,Herbal Tea,Oregon,Decaf,20,40,40,60,30,829,44,8,33,73,19,Low
41456,West,Small Market,Lemon,Leaves,Herbal Tea,Oregon,Decaf,30,50,30,80,41,592,53,13,37,93,24,Low
41456,West,Small Market,Amaretto,Beans,Coffee,Oregon,Regular,40,70,20,110,39,517,56,36,-14,94,61,Low
41456,West,Small Market,Colombian,Beans,Coffee,Oregon,Regular,40,70,20,110,39,478,55,12,0,93,51,Low
41456,West,Small Market,Decaf Irish Cream,Beans,Coffee,Oregon,Decaf,40,60,40,100,34,432,51,10,25,84,31,Low
41456,West,Small Market,Caffe Latte,Beans,Espresso,Oregon,Regular,40,70,30,110,51,419,64,19,17,114,48,Medium
41456,West,Small Market,Caffe Mocha,Beans,Espresso,Oregon,Regular,40,60,30,100,47,420,63,15,28,109,40,Low
41456,West,Small Market,Decaf Espresso,Beans,Espresso,Oregon,Decaf,130,140,90,270,145,1304,146,40,112,288,60,High
41456,West,Small Market,Darjeeling,Leaves,Tea,Washington,Regular,20,50,30,70,39,380,65,12,40,103,33,Low
41456,West,Small Market,Earl Grey,Leaves,Tea,Washington,Regular,20,40,30,60,36,462,54,11,28,89,32,Low
41456,West,Small Market,Green Tea,Leaves,Tea,Washington,Regular,30,40,0,70,47,622,66,42,-7,112,66,Low
41456,West,Small Market,Chamomile,Leaves,Herbal Tea,Washington,Decaf,70,120,80,190,90,1148,135,29,104,223,56,High
41456,West,Small Market,Lemon,Leaves,Herbal Tea,Washington,Decaf,30,50,50,80,40,843,59,11,51,98,20,Low
41456,West,Small Market,Colombian,Beans,Coffee,Washington,Regular,100,160,120,260,86,463,125,27,104,209,46,High
41456,West,Small Market,Decaf Irish Cream,Beans,Coffee,Washington,Decaf,150,220,100,370,124,717,173,112,43,294,132,High
41456,West,Small Market,Caffe Latte,Beans,Espresso,Washington,Regular,40,70,50,110,50,587,65,16,50,114,27,Medium
41456,West,Small Market,Caffe Mocha,Beans,Espresso,Washington,Regular,50,70,20,120,59,403,74,22,25,132,52,Medium
41456,West,Small Market,Decaf Espresso,Beans,Espresso,Washington,Decaf,80,100,70,180,86,1081,103,26,77,187,44,Medium
41487,Central,Major Market,Chamomile,Leaves,Herbal Tea,Colorado,Decaf,120,130,80,250,145,1292,146,40,113,288,60,High
41487,Central,Major Market,Lemon,Leaves,Herbal Tea,Colorado,Decaf,30,40,0,70,37,513,52,33,-14,88,58,Low
41487,Central,Major Market,Mint,Leaves,Herbal Tea,Colorado,Decaf,30,60,30,90,46,415,62,15,28,107,39,Low
41487,Central,Major Market,Darjeeling,Leaves,Tea,Colorado,Regular,40,50,10,90,49,414,60,18,12,108,47,Low
41487,Central,Major Market,Earl Grey,Leaves,Tea,Colorado,Regular,30,50,20,80,41,1046,50,12,22,90,32,Low
41487,Central,Major Market,Green Tea,Leaves,Tea,Colorado,Regular,50,80,50,130,68,587,87,22,73,154,32,Medium
41487,Central,Major Market,Amaretto,Beans,Coffee,Colorado,Regular,130,180,140,310,123,941,178,34,184,298,42,High
41487,Central,Major Market,Colombian,Beans,Coffee,Colorado,Regular,50,70,50,120,52,554,68,17,54,119,27,Medium
41487,Central,Major Market,Decaf Irish Cream,Beans,Coffee,Colorado,Decaf,130,200,160,330,132,994,191,36,199,320,44,High
41487,Central,Major Market,Caffe Mocha,Beans,Espresso,Colorado,Regular,110,170,130,280,100,598,145,28,145,243,37,High
41487,Central,Major Market,Decaf Espresso,Beans,Espresso,Colorado,Decaf,60,90,50,150,52,662,79,17,41,130,46,Medium
41487,Central,Major Market,Chamomile,Leaves,Herbal Tea,Illinois,Decaf,100,160,140,260,123,941,178,34,182,298,43,High
41487,Central,Major Market,Lemon,Leaves,Herbal Tea,Illinois,Decaf,40,60,40,100,52,554,68,17,54,119,27,Medium
41487,Central,Major Market,Mint,Leaves,Herbal Tea,Illinois,Decaf,110,170,140,280,132,994,191,36,197,320,45,High
41487,Central,Major Market,Darjeeling,Leaves,Tea,Illinois,Regular,80,130,100,210,100,598,145,28,145,243,37,High
41487,Central,Major Market,Earl Grey,Leaves,Tea,Illinois,Regular,40,70,30,110,52,662,79,17,41,130,46,Medium
41487,Central,Major Market,Colombian,Beans,Coffee,Illinois,Regular,200,290,190,490,196,1167,271,64,225,463,100,High
41487,Central,Major Market,Decaf Irish Cream,Beans,Coffee,Illinois,Decaf,160,230,170,390,154,817,222,49,207,373,67,High
41487,Central,Major Market,Caffe Mocha,Beans,Espresso,Illinois,Regular,340,470,340,810,295,1714,392,97,362,681,121,High
41487,Central,Major Market,Decaf Espresso,Beans,Espresso,Illinois,Decaf,300,320,220,620,266,1797,266,74,230,527,92,High
41487,Central,Small Market,Chamomile,Leaves,Herbal Tea,Iowa,Decaf,250,350,250,600,295,1714,392,97,362,681,121,High
41487,Central,Small Market,Lemon,Leaves,Herbal Tea,Iowa,Decaf,130,200,150,330,154,817,222,49,208,373,66,High
41487,Central,Small Market,Darjeeling,Leaves,Tea,Iowa,Regular,220,240,150,460,266,1797,266,74,230,527,92,High
41487,Central,Small Market,Earl Grey,Leaves,Tea,Iowa,Regular,240,310,180,550,284,1809,348,107,286,626,131,High
41487,Central,Small Market,Amaretto,Beans,Coffee,Iowa,Regular,20,40,30,60,25,851,38,7,26,62,18,Low
41487,Central,Small Market,Colombian,Beans,Coffee,Iowa,Regular,40,50,20,90,41,1007,49,12,21,89,32,Low
41487,Central,Small Market,Decaf Irish Cream,Beans,Coffee,Iowa,Decaf,10,20,10,30,14,602,18,4,1,32,16,Low
41487,Central,Small Market,Caffe Mocha,Beans,Espresso,Iowa,Regular,20,40,30,60,23,806,35,6,25,57,16,Low
41487,Central,Small Market,Decaf Espresso,Beans,Espresso,Iowa,Decaf,0,50,40,50,0,516,43,0,43,43,11,Low
41487,Central,Small Market,Chamomile,Leaves,Herbal Tea,Missouri,Decaf,50,80,20,130,63,332,88,57,3,150,80,Medium
41487,Central,Small Market,Lemon,Leaves,Herbal Tea,Missouri,Decaf,100,20,-20,120,120,1439,19,37,-57,138,56,Medium
41487,Central,Small Market,Darjeeling,Leaves,Tea,Missouri,Regular,30,60,30,90,45,253,60,14,26,104,38,Low
41487,Central,Small Market,Earl Grey,Leaves,Tea,Missouri,Regular,20,30,-10,50,29,215,36,11,-12,64,42,Low
41487,Central,Small Market,Green Tea,Leaves,Tea,Missouri,Regular,30,40,0,70,38,248,48,14,1,85,44,Low
41487,Central,Small Market,Colombian,Beans,Coffee,Missouri,Regular,70,90,40,160,72,606,88,27,37,159,57,Medium
41487,Central,Small Market,Decaf Irish Cream,Beans,Coffee,Missouri,Decaf,50,60,30,110,50,1064,60,15,33,109,33,Low
41487,Central,Small Market,Caffe Mocha,Beans,Espresso,Missouri,Regular,30,60,40,90,34,890,49,9,40,82,19,Low
41487,Central,Small Market,Decaf Espresso,Beans,Espresso,Missouri,Decaf,30,60,50,90,32,841,48,8,39,79,19,Low
41487,Central,Major Market,Chamomile,Leaves,Herbal Tea,Ohio,Decaf,10,20,20,30,16,484,25,4,12,41,15,Low
41487,Central,Major Market,Lemon,Leaves,Herbal Tea,Ohio,Decaf,10,30,30,40,22,865,33,6,22,55,16,Low
41487,Central,Major Market,Darjeeling,Leaves,Tea,Ohio,Regular,90,160,100,250,114,810,172,37,142,283,64,High
41487,Central,Major Market,Earl Grey,Leaves,Tea,Ohio,Regular,90,150,100,240,116,678,161,35,142,275,54,High
41487,Central,Major Market,Decaf Espresso,Beans,Espresso,Ohio,Decaf,50,70,20,120,49,414,60,18,11,108,48,Low
41487,Central,Major Market,Amaretto,Beans,Coffee,Ohio,Regular,40,70,40,110,46,415,62,15,26,107,40,Low
41487,Central,Major Market,Colombian,Beans,Coffee,Ohio,Regular,30,50,30,80,34,428,51,10,26,84,30,Low
41487,Central,Major Market,Decaf Irish Cream,Beans,Coffee,Ohio,Decaf,30,60,10,90,37,513,52,33,-15,88,59,Low
41487,Central,Major Market,Caffe Mocha,Beans,Espresso,Ohio,Regular,160,180,120,340,145,1292,146,40,112,288,60,High
41487,Central,Small Market,Chamomile,Leaves,Herbal Tea,Wisconsin,Decaf,40,70,50,110,47,366,79,14,57,125,35,Medium
41487,Central,Small Market,Lemon,Leaves,Herbal Tea,Wisconsin,Decaf,50,80,70,130,63,864,91,17,87,153,26,Medium
41487,Central,Small Market,Darjeeling,Leaves,Tea,Wisconsin,Regular,30,40,10,70,36,458,54,11,28,89,32,Low
41487,Central,Small Market,Earl Grey,Leaves,Tea,Wisconsin,Regular,30,60,10,90,44,617,61,39,-10,104,63,Low
41487,Central,Small Market,Decaf Espresso,Beans,Espresso,Wisconsin,Decaf,30,50,30,80,30,581,39,9,25,68,20,Low
41487,Central,Small Market,Amaretto,Beans,Coffee,Wisconsin,Regular,60,80,30,140,63,397,77,23,29,139,52,Medium
41487,Central,Small Market,Colombian,Beans,Coffee,Wisconsin,Regular,140,190,60,330,133,705,184,120,48,314,139,High
41487,Central,Small Market,Decaf Irish Cream,Beans,Coffee,Wisconsin,Decaf,100,140,90,240,99,565,132,32,101,229,55,High
41487,Central,Small Market,Caffe Mocha,Beans,Espresso,Wisconsin,Regular,110,150,100,260,103,1073,123,31,97,224,49,High
41487,East,Small Market,Lemon,Leaves,Herbal Tea,Connecticut,Decaf,50,70,30,120,72,606,88,27,39,159,56,Medium
41487,East,Small Market,Mint,Leaves,Herbal Tea,Connecticut,Decaf,30,50,30,80,50,1064,60,15,33,109,33,Low
41487,East,Small Market,Darjeeling,Leaves,Tea,Connecticut,Regular,30,50,40,80,34,890,49,9,39,82,20,Low
41487,East,Small Market,Green Tea,Leaves,Tea,Connecticut,Regular,20,30,20,50,19,811,28,5,17,47,15,Low
41487,East,Small Market,Caffe Mocha,Beans,Espresso,Connecticut,Regular,40,60,10,100,44,617,61,39,-11,104,64,Low
41487,East,Small Market,Decaf Espresso,Beans,Espresso,Connecticut,Decaf,40,50,20,90,42,384,56,13,22,97,37,Low
41487,East,Small Market,Colombian,Beans,Coffee,Connecticut,Regular,80,130,90,210,90,1139,135,29,104,223,56,High
41487,East,Major Market,Chamomile,Leaves,Herbal Tea,Florida,Decaf,20,30,20,50,30,581,39,9,25,68,20,Low
41487,East,Major Market,Lemon,Leaves,Herbal Tea,Florida,Decaf,40,60,30,100,63,397,77,23,28,139,53,Medium
41487,East,Major Market,Mint,Leaves,Herbal Tea,Florida,Decaf,70,100,70,170,103,1073,123,31,97,224,49,High
41487,East,Major Market,Darjeeling,Leaves,Tea,Florida,Regular,40,80,60,120,46,880,68,12,61,113,22,Low
41487,East,Major Market,Green Tea,Leaves,Tea,Florida,Regular,60,100,80,160,63,864,91,17,87,153,26,Medium
41487,East,Major Market,Caffe Mocha,Beans,Espresso,Florida,Regular,120,190,60,310,133,705,184,120,48,314,139,High
41487,East,Major Market,Decaf Espresso,Beans,Espresso,Florida,Decaf,90,130,80,220,99,565,132,32,101,229,55,High
41487,East,Major Market,Colombian,Beans,Coffee,Florida,Regular,100,170,120,270,114,810,172,37,144,283,63,High
41487,East,Major Market,Decaf Irish Cream,Beans,Coffee,Florida,Decaf,110,150,100,260,116,678,161,35,141,275,55,High
41487,East,Major Market,Lemon,Leaves,Herbal Tea,Massachusetts,Decaf,30,50,20,80,49,414,60,18,12,108,47,Low
41487,East,Major Market,Darjeeling,Leaves,Tea,Massachusetts,Regular,20,30,20,50,22,865,33,6,22,55,16,Low
41487,East,Major Market,Green Tea,Leaves,Tea,Massachusetts,Regular,10,30,20,40,16,484,25,4,12,41,15,Low
41487,East,Major Market,Caffe Mocha,Beans,Espresso,Massachusetts,Regular,30,70,20,100,37,540,68,33,8,104,58,Low
41487,East,Major Market,Regular Espresso,Beans,Espresso,Massachusetts,Regular,130,150,100,280,145,1292,146,40,113,288,60,High
41487,East,Major Market,Colombian,Beans,Coffee,Massachusetts,Regular,40,590,560,630,52,-2033,612,17,777,658,46,High
41487,East,Small Market,Lemon,Leaves,Herbal Tea,New Hampshire,Decaf,20,40,10,60,38,248,48,14,1,85,44,Low
41487,East,Small Market,Darjeeling,Leaves,Tea,New Hampshire,Regular,20,40,30,60,25,851,38,7,28,62,17,Low
41487,East,Small Market,Green Tea,Leaves,Tea,New Hampshire,Regular,0,40,30,40,0,516,43,0,43,43,11,Low
41487,East,Small Market,Caffe Mocha,Beans,Espresso,New Hampshire,Regular,60,80,10,140,63,332,88,57,1,150,81,Medium
41487,East,Small Market,Regular Espresso,Beans,Espresso,New Hampshire,Regular,20,40,0,60,29,215,36,11,-12,64,42,Low
41487,East,Small Market,Amaretto,Beans,Coffee,New Hampshire,Regular,50,90,70,140,61,322,90,19,66,150,39,Medium
41487,East,Small Market,Colombian,Beans,Coffee,New Hampshire,Regular,60,90,60,150,64,460,96,21,61,159,48,Medium
41487,East,Major Market,Lemon,Leaves,Herbal Tea,New York,Decaf,210,290,180,500,284,1565,369,107,316,647,130,High
41487,East,Major Market,Mint,Leaves,Herbal Tea,New York,Decaf,230,-140,-230,90,311,3422,-187,96,-420,123,109,Medium
41487,East,Major Market,Darjeeling,Leaves,Tea,New York,Regular,130,210,170,340,132,994,191,36,199,320,44,High
41487,East,Major Market,Earl Grey,Leaves,Tea,New York,Regular,130,190,150,320,123,941,178,34,184,298,42,High
41487,East,Major Market,Green Tea,Leaves,Tea,New York,Regular,100,160,130,260,100,598,145,28,145,243,37,High
41487,East,Major Market,Caffe Mocha,Beans,Espresso,New York,Regular,160,-90,-260,70,173,2615,-95,156,-392,77,176,Low
41487,East,Major Market,Regular Espresso,Beans,Espresso,New York,Regular,250,280,190,530,266,1319,277,74,247,538,91,High
41487,East,Major Market,Colombian,Beans,Coffee,New York,Regular,340,520,370,860,364,2617,546,127,508,902,166,High
41487,South,Small Market,Chamomile,Leaves,Herbal Tea,Louisiana,Decaf,70,100,70,170,77,581,99,25,84,174,35,Medium
41487,South,Small Market,Lemon,Leaves,Herbal Tea,Louisiana,Decaf,60,90,40,150,72,606,88,27,39,159,56,Medium
41487,South,Small Market,Colombian,Beans,Coffee,Louisiana,Regular,60,80,60,140,48,839,70,13,63,117,22,Medium
41487,South,Small Market,Decaf Irish Cream,Beans,Coffee,Louisiana,Decaf,70,120,100,190,63,864,91,17,87,153,26,Medium
41487,South,Small Market,Caffe Latte,Beans,Espresso,Louisiana,Regular,30,60,10,90,44,-508,61,39,-10,104,63,Low
41487,South,Small Market,Caffe Mocha,Beans,Espresso,Louisiana,Regular,40,60,40,100,47,366,79,14,57,125,35,Medium
41487,South,Small Market,Decaf Espresso,Beans,Espresso,Louisiana,Decaf,30,40,20,70,36,458,54,11,29,89,31,Low
41487,South,Small Market,Chamomile,Leaves,Herbal Tea,New Mexico,Decaf,20,40,30,60,25,851,38,7,26,62,18,Low
41487,South,Small Market,Lemon,Leaves,Herbal Tea,New Mexico,Decaf,30,50,20,80,41,1007,49,12,21,89,32,Low
41487,South,Small Market,Colombian,Beans,Coffee,New Mexico,Regular,80,120,70,200,64,460,96,21,61,159,48,Medium
41487,South,Small Market,Decaf Irish Cream,Beans,Coffee,New Mexico,Decaf,150,20,-30,170,120,1439,19,37,-58,138,57,Medium
41487,South,Small Market,Caffe Latte,Beans,Espresso,New Mexico,Regular,20,30,0,50,29,-347,36,11,-11,64,41,Low
41487,South,Small Market,Caffe Mocha,Beans,Espresso,New Mexico,Regular,50,70,0,120,63,332,88,57,3,150,80,Medium
41487,South,Small Market,Decaf Espresso,Beans,Espresso,New Mexico,Decaf,30,60,30,90,45,253,60,14,25,104,39,Low
41487,South,Small Market,Chamomile,Leaves,Herbal Tea,Oklahoma,Decaf,60,70,20,130,63,397,77,23,28,139,53,Medium
41487,South,Small Market,Lemon,Leaves,Herbal Tea,Oklahoma,Decaf,120,190,60,310,133,705,184,120,47,314,140,High
41487,South,Small Market,Colombian,Beans,Coffee,Oklahoma,Regular,80,110,80,190,68,587,87,22,73,154,32,Medium
41487,South,Small Market,Decaf Irish Cream,Beans,Coffee,Oklahoma,Decaf,20,40,30,60,22,865,33,6,22,55,16,Low
41487,South,Small Market,Caffe Latte,Beans,Espresso,Oklahoma,Regular,90,140,100,230,116,-1278,161,35,141,275,55,High
41487,South,Small Market,Caffe Mocha,Beans,Espresso,Oklahoma,Regular,10,20,20,30,16,484,25,4,14,41,14,Low
41487,South,Small Market,Decaf Espresso,Beans,Espresso,Oklahoma,Decaf,90,150,100,240,114,810,172,37,142,283,64,High
41487,South,Major Market,Chamomile,Leaves,Herbal Tea,Texas,Decaf,40,60,30,100,46,415,62,15,26,107,40,Low
41487,South,Major Market,Lemon,Leaves,Herbal Tea,Texas,Decaf,30,50,30,80,34,428,51,10,26,84,30,Low
41487,South,Major Market,Colombian,Beans,Coffee,Texas,Regular,390,450,340,840,311,1296,367,96,345,672,109,High
41487,South,Major Market,Decaf Irish Cream,Beans,Coffee,Texas,Decaf,60,90,70,150,52,554,68,17,54,119,27,Medium
41487,South,Major Market,Caffe Latte,Beans,Espresso,Texas,Regular,40,70,40,110,52,-587,79,17,41,130,46,Medium
41487,South,Major Market,Caffe Mocha,Beans,Espresso,Texas,Regular,100,150,120,250,123,941,178,34,184,298,42,High
41487,South,Major Market,Decaf Espresso,Beans,Espresso,Texas,Decaf,80,130,110,210,100,598,145,28,145,243,37,High
41487,West,Small Market,Darjeeling,Leaves,Tea,Utah,Regular,40,60,10,100,63,332,88,57,3,150,80,Medium
41487,West,Small Market,Earl Grey,Leaves,Tea,Utah,Regular,20,50,30,70,45,253,60,14,26,104,38,Low
41487,West,Small Market,Green Tea,Leaves,Tea,Utah,Regular,10,30,10,40,29,215,36,11,-12,64,42,Low
41487,West,Small Market,Chamomile,Leaves,Herbal Tea,Utah,Decaf,50,80,60,130,61,322,90,19,68,150,38,Medium
41487,West,Small Market,Lemon,Leaves,Herbal Tea,Utah,Decaf,50,90,60,140,64,460,96,21,61,159,48,Medium
41487,West,Small Market,Mint,Leaves,Herbal Tea,Utah,Decaf,100,20,-30,120,120,1439,19,37,-57,138,56,Medium
41487,West,Small Market,Amaretto,Beans,Coffee,Utah,Regular,60,70,40,130,50,1064,60,15,33,109,33,Low
41487,West,Small Market,Colombian,Beans,Coffee,Utah,Regular,50,70,40,120,42,384,56,13,21,97,38,Low
41487,West,Small Market,Decaf Irish Cream,Beans,Coffee,Utah,Decaf,90,110,60,200,72,606,88,27,37,159,57,Medium
41487,West,Small Market,Caffe Latte,Beans,Espresso,Utah,Regular,30,40,30,70,32,841,48,8,39,79,19,Low
41487,West,Small Market,Caffe Mocha,Beans,Espresso,Utah,Regular,70,90,60,160,77,581,99,25,86,174,34,Medium
41487,West,Small Market,Decaf Espresso,Beans,Espresso,Utah,Decaf,30,40,30,70,34,890,49,9,39,82,20,Low
41487,West,Major Market,Darjeeling,Leaves,Tea,California,Regular,80,120,100,200,123,941,178,34,184,298,42,High
41487,West,Major Market,Earl Grey,Leaves,Tea,California,Regular,60,100,90,160,100,598,145,28,145,243,37,High
41487,West,Major Market,Green Tea,Leaves,Tea,California,Regular,30,50,20,80,52,662,79,17,41,130,46,Medium
41487,West,Major Market,Chamomile,Leaves,Herbal Tea,California,Decaf,110,170,140,280,132,994,191,36,197,320,45,High
41487,West,Major Market,Lemon,Leaves,Herbal Tea,California,Decaf,260,330,240,590,311,1296,367,96,344,672,110,High
41487,West,Major Market,Mint,Leaves,Herbal Tea,California,Decaf,40,60,40,100,52,554,68,17,52,119,28,Medium
41487,West,Major Market,Amaretto,Beans,Coffee,California,Regular,190,-90,-150,100,154,2105,-67,49,-192,86,67,Low
41487,West,Major Market,Colombian,Beans,Coffee,California,Regular,450,680,520,1130,364,2617,546,127,508,902,166,High
41487,West,Major Market,Decaf Irish Cream,Beans,Coffee,California,Decaf,240,-40,-140,200,196,3139,-30,64,-189,165,100,Medium
41487,West,Major Market,Caffe Latte,Beans,Espresso,California,Regular,250,260,170,510,266,1797,266,74,230,527,92,High
41487,West,Major Market,Caffe Mocha,Beans,Espresso,California,Regular,160,230,60,390,173,927,239,156,69,408,176,High
41487,West,Major Market,Decaf Espresso,Beans,Espresso,California,Decaf,280,370,250,650,295,1714,392,97,362,681,121,High
41487,West,Small Market,Darjeeling,Leaves,Tea,Nevada,Regular,190,270,190,460,295,1714,392,97,362,681,121,High
41487,West,Small Market,Earl Grey,Leaves,Tea,Nevada,Regular,170,190,130,360,266,1797,266,74,230,527,92,High
41487,West,Small Market,Green Tea,Leaves,Tea,Nevada,Regular,180,-180,-260,0,284,5807,-284,107,-558,21,131,Low
41487,West,Small Market,Chamomile,Leaves,Herbal Tea,Nevada,Decaf,140,220,70,360,173,927,239,156,68,408,177,High
41487,West,Small Market,Lemon,Leaves,Herbal Tea,Nevada,Decaf,160,250,170,410,196,1167,271,64,225,463,100,High
41487,West,Small Market,Mint,Leaves,Herbal Tea,Nevada,Decaf,130,200,150,330,154,817,222,49,207,373,67,High
41487,West,Small Market,Colombian,Beans,Coffee,Nevada,Regular,40,60,20,100,38,248,48,14,1,85,44,Low
41487,West,Small Market,Decaf Irish Cream,Beans,Coffee,Nevada,Decaf,50,60,30,110,41,1007,49,12,22,89,31,Low
41487,West,Small Market,Caffe Latte,Beans,Espresso,Nevada,Regular,0,40,30,40,0,516,43,0,44,43,10,Low
41487,West,Small Market,Caffe Mocha,Beans,Espresso,Nevada,Regular,20,40,30,60,25,851,38,7,26,62,18,Low
41487,West,Small Market,Decaf Espresso,Beans,Espresso,Nevada,Decaf,20,30,20,50,23,806,35,6,23,57,17,Low
41487,West,Small Market,Darjeeling,Leaves,Tea,Oregon,Regular,10,10,10,20,16,484,25,4,12,41,15,Low
41487,West,Small Market,Earl Grey,Leaves,Tea,Oregon,Regular,70,120,80,190,114,810,172,37,144,283,63,High
41487,West,Small Market,Green Tea,Leaves,Tea,Oregon,Regular,70,110,70,180,116,678,161,35,141,275,55,High
41487,West,Small Market,Chamomile,Leaves,Herbal Tea,Oregon,Decaf,20,30,30,50,25,826,37,7,26,61,17,Low
41487,West,Small Market,Lemon,Leaves,Herbal Tea,Oregon,Decaf,50,80,60,130,68,587,87,22,73,154,32,Medium
41487,West,Small Market,Amaretto,Beans,Coffee,Oregon,Regular,40,70,20,110,37,513,52,33,-15,88,59,Low
41487,West,Small Market,Colombian,Beans,Coffee,Oregon,Regular,50,90,40,140,47,474,67,15,11,113,55,Low
41487,West,Small Market,Decaf Irish Cream,Beans,Coffee,Oregon,Decaf,40,60,40,100,34,428,51,10,26,84,30,Low
41487,West,Small Market,Caffe Latte,Beans,Espresso,Oregon,Regular,40,60,20,100,49,414,60,18,12,108,47,Low
41487,West,Small Market,Caffe Mocha,Beans,Espresso,Oregon,Regular,40,60,30,100,46,415,62,15,26,107,40,Low
41487,West,Small Market,Decaf Espresso,Beans,Espresso,Oregon,Decaf,130,140,90,270,145,1292,146,40,112,288,60,High
41487,West,Small Market,Darjeeling,Leaves,Tea,Washington,Regular,30,50,30,80,47,366,79,14,58,125,34,Medium
41487,West,Small Market,Earl Grey,Leaves,Tea,Washington,Regular,20,40,30,60,36,458,54,11,28,89,32,Low
41487,West,Small Market,Green Tea,Leaves,Tea,Washington,Regular,20,50,10,70,44,617,61,39,-11,104,64,Low
41487,West,Small Market,Chamomile,Leaves,Herbal Tea,Washington,Decaf,70,120,80,190,90,1139,135,29,104,223,56,High
41487,West,Small Market,Lemon,Leaves,Herbal Tea,Washington,Decaf,40,60,50,100,48,839,70,13,62,117,23,Medium
41487,West,Small Market,Colombian,Beans,Coffee,Washington,Regular,100,160,120,260,86,454,125,27,105,209,46,High
41487,West,Small Market,Decaf Irish Cream,Beans,Coffee,Washington,Decaf,160,230,100,390,133,705,184,120,47,314,140,High
41487,West,Small Market,Caffe Latte,Beans,Espresso,Washington,Regular,20,40,30,60,30,581,39,9,23,68,20,Low
41487,West,Small Market,Caffe Mocha,Beans,Espresso,Washington,Regular,60,70,20,130,63,397,77,23,28,139,53,Medium
41487,West,Small Market,Decaf Espresso,Beans,Espresso,Washington,Decaf,90,120,90,210,103,1073,123,31,98,224,48,High
41518,Central,Major Market,Chamomile,Leaves,Herbal Tea,Colorado,Decaf,130,140,90,270,155,1280,155,43,129,330,68,High
41518,Central,Major Market,Lemon,Leaves,Herbal Tea,Colorado,Decaf,40,70,20,110,52,509,74,47,-3,134,76,Medium
41518,Central,Major Market,Mint,Leaves,Herbal Tea,Colorado,Decaf,40,70,40,110,53,410,72,17,40,133,45,Medium
41518,Central,Major Market,Darjeeling,Leaves,Tea,Colorado,Regular,30,50,10,80,45,409,57,17,10,109,50,Low
41518,Central,Major Market,Earl Grey,Leaves,Tea,Colorado,Regular,40,50,20,90,51,1042,62,15,37,120,37,Medium
41518,Central,Major Market,Green Tea,Leaves,Tea,Colorado,Regular,50,70,50,120,61,579,79,20,70,149,32,Medium
41518,Central,Major Market,Amaretto,Beans,Coffee,Colorado,Regular,130,180,140,310,123,928,179,34,199,322,45,High
41518,Central,Major Market,Colombian,Beans,Coffee,Colorado,Regular,60,70,50,130,58,548,74,19,62,141,32,Medium
41518,Central,Major Market,Decaf Irish Cream,Beans,Coffee,Colorado,Decaf,100,150,120,250,100,981,145,28,157,261,39,High
41518,Central,Major Market,Caffe Mocha,Beans,Espresso,Colorado,Regular,90,140,110,230,81,588,118,22,125,212,34,High
41518,Central,Major Market,Decaf Espresso,Beans,Espresso,Colorado,Decaf,60,110,60,170,60,656,90,19,58,160,51,Medium
41518,Central,Major Market,Chamomile,Leaves,Herbal Tea,Illinois,Decaf,100,160,140,260,123,928,179,34,197,322,46,High
41518,Central,Major Market,Lemon,Leaves,Herbal Tea,Illinois,Decaf,40,70,50,110,58,548,74,19,64,141,31,Medium
41518,Central,Major Market,Mint,Leaves,Herbal Tea,Illinois,Decaf,80,130,110,210,100,981,145,28,157,261,39,High
41518,Central,Major Market,Darjeeling,Leaves,Tea,Illinois,Regular,60,110,80,170,81,588,118,22,125,212,34,High
41518,Central,Major Market,Earl Grey,Leaves,Tea,Illinois,Regular,50,80,40,130,60,656,90,19,59,160,50,Medium
41518,Central,Major Market,Colombian,Beans,Coffee,Illinois,Regular,170,230,140,400,162,1148,225,53,191,412,96,High
41518,Central,Major Market,Decaf Irish Cream,Beans,Coffee,Illinois,Decaf,120,190,140,310,122,801,176,39,171,318,61,High
41518,Central,Major Market,Caffe Mocha,Beans,Espresso,Illinois,Regular,290,400,280,690,253,1686,336,83,326,628,116,High
41518,Central,Major Market,Decaf Espresso,Beans,Espresso,Illinois,Decaf,280,300,210,580,249,1775,249,69,230,531,94,High
41518,Central,Small Market,Chamomile,Leaves,Herbal Tea,Iowa,Decaf,210,300,210,510,253,1686,336,83,326,628,116,High
41518,Central,Small Market,Lemon,Leaves,Herbal Tea,Iowa,Decaf,100,160,120,260,122,801,176,39,171,318,61,High
41518,Central,Small Market,Darjeeling,Leaves,Tea,Iowa,Regular,210,220,140,430,249,1775,249,69,230,531,94,High
41518,Central,Small Market,Earl Grey,Leaves,Tea,Iowa,Regular,250,340,210,590,302,1783,370,114,331,716,147,High
41518,Central,Small Market,Decaf Espresso,Beans,Espresso,Iowa,Decaf,0,50,40,50,0,473,43,0,47,46,11,Low
41518,Central,Small Market,Amaretto,Beans,Coffee,Iowa,Regular,20,30,20,50,19,848,29,5,19,51,16,Low
41518,Central,Small Market,Colombian,Beans,Coffee,Iowa,Regular,30,40,20,70,33,1003,39,10,10,77,32,Low
41518,Central,Small Market,Decaf Irish Cream,Beans,Coffee,Iowa,Decaf,10,20,10,30,15,600,20,4,4,37,17,Low
41518,Central,Small Market,Caffe Mocha,Beans,Espresso,Iowa,Regular,20,40,30,60,23,803,35,6,27,62,17,Low
41518,Central,Small Market,Chamomile,Leaves,Herbal Tea,Missouri,Decaf,30,60,10,90,44,325,62,40,-10,113,69,Low
41518,Central,Small Market,Lemon,Leaves,Herbal Tea,Missouri,Decaf,80,20,-10,100,104,1574,11,32,-65,123,55,Medium
41518,Central,Small Market,Darjeeling,Leaves,Tea,Missouri,Regular,30,50,20,80,39,248,52,12,19,97,39,Low
41518,Central,Small Market,Earl Grey,Leaves,Tea,Missouri,Regular,20,20,-10,40,24,212,30,9,-18,58,42,Low
41518,Central,Small Market,Green Tea,Leaves,Tea,Missouri,Regular,30,50,10,80,40,244,51,15,3,97,49,Low
41518,Central,Small Market,Decaf Espresso,Beans,Espresso,Missouri,Decaf,30,60,50,90,32,837,47,8,40,84,20,Low
41518,Central,Small Market,Colombian,Beans,Coffee,Missouri,Regular,70,80,30,150,67,599,83,25,37,160,58,Medium
41518,Central,Small Market,Decaf Irish Cream,Beans,Coffee,Missouri,Decaf,60,80,50,140,62,1059,74,19,50,145,40,Medium
41518,Central,Small Market,Caffe Mocha,Beans,Espresso,Missouri,Regular,50,70,50,120,44,886,64,12,61,115,23,Medium
41518,Central,Major Market,Chamomile,Leaves,Herbal Tea,Ohio,Decaf,10,30,30,40,20,482,30,5,21,53,16,Low
41518,Central,Major Market,Lemon,Leaves,Herbal Tea,Ohio,Decaf,20,40,40,60,29,862,43,8,34,77,20,Low
41518,Central,Major Market,Darjeeling,Leaves,Tea,Ohio,Regular,80,130,70,210,99,798,150,32,129,265,63,High
41518,Central,Major Market,Earl Grey,Leaves,Tea,Ohio,Regular,80,120,80,200,96,666,134,29,120,245,53,High
41518,Central,Major Market,Decaf Espresso,Beans,Espresso,Ohio,Decaf,50,70,30,120,45,409,57,17,9,109,51,Low
41518,Central,Major Market,Amaretto,Beans,Coffee,Ohio,Regular,50,80,50,130,53,410,72,17,42,133,44,Medium
41518,Central,Major Market,Colombian,Beans,Coffee,Ohio,Regular,40,70,40,110,43,424,64,13,43,114,35,Medium
41518,Central,Major Market,Decaf Irish Cream,Beans,Coffee,Ohio,Decaf,50,80,20,130,52,509,74,47,-4,134,77,Medium
41518,Central,Major Market,Caffe Mocha,Beans,Espresso,Ohio,Regular,170,190,130,360,155,1280,155,43,129,330,68,High
41518,Central,Small Market,Chamomile,Leaves,Herbal Tea,Wisconsin,Decaf,40,90,70,130,57,349,94,17,79,161,41,Medium
41518,Central,Small Market,Lemon,Leaves,Herbal Tea,Wisconsin,Decaf,40,70,60,110,51,857,75,14,74,134,25,Medium
41518,Central,Small Market,Darjeeling,Leaves,Tea,Wisconsin,Regular,30,60,30,90,46,454,67,14,46,120,36,Medium
41518,Central,Small Market,Earl Grey,Leaves,Tea,Wisconsin,Regular,50,80,10,130,62,612,87,56,3,159,85,Medium
41518,Central,Small Market,Decaf Espresso,Beans,Espresso,Wisconsin,Decaf,30,50,30,80,33,577,43,10,31,81,22,Low
41518,Central,Small Market,Amaretto,Beans,Coffee,Wisconsin,Regular,70,80,30,150,67,391,82,25,34,159,59,Medium
41518,Central,Small Market,Colombian,Beans,Coffee,Wisconsin,Regular,90,140,40,230,93,692,130,84,24,238,114,High
41518,Central,Small Market,Decaf Irish Cream,Beans,Coffee,Wisconsin,Decaf,90,110,70,200,85,555,114,28,86,212,56,High
41518,Central,Small Market,Caffe Mocha,Beans,Espresso,Wisconsin,Regular,90,120,80,210,83,1063,99,25,79,194,46,High
41518,East,Small Market,Lemon,Leaves,Herbal Tea,Connecticut,Decaf,50,60,20,110,67,599,83,25,36,160,59,Medium
41518,East,Small Market,Mint,Leaves,Herbal Tea,Connecticut,Decaf,40,60,40,100,62,1059,74,19,49,145,41,Medium
41518,East,Small Market,Darjeeling,Leaves,Tea,Connecticut,Regular,40,70,50,110,44,886,64,12,61,115,23,Medium
41518,East,Small Market,Green Tea,Leaves,Tea,Connecticut,Regular,20,40,30,60,23,809,34,6,25,61,17,Low
41518,East,Small Market,Caffe Mocha,Beans,Espresso,Connecticut,Regular,50,90,20,140,62,612,87,56,3,159,85,Medium
41518,East,Small Market,Decaf Espresso,Beans,Espresso,Connecticut,Decaf,40,70,40,110,48,380,65,15,34,120,42,Medium
41518,East,Small Market,Colombian,Beans,Coffee,Connecticut,Regular,90,150,110,240,103,1130,155,33,135,275,64,High
41518,East,Major Market,Chamomile,Leaves,Herbal Tea,Florida,Decaf,20,30,20,50,33,577,43,10,31,81,22,Low
41518,East,Major Market,Lemon,Leaves,Herbal Tea,Florida,Decaf,50,60,20,110,67,391,82,25,36,159,58,Medium
41518,East,Major Market,Mint,Leaves,Herbal Tea,Florida,Decaf,60,80,50,140,83,1063,99,25,79,194,46,High
41518,East,Major Market,Darjeeling,Leaves,Tea,Florida,Regular,30,60,50,90,35,875,52,9,47,93,20,Low
41518,East,Major Market,Green Tea,Leaves,Tea,Florida,Regular,50,80,60,130,51,857,75,14,73,134,26,Medium
41518,East,Major Market,Caffe Mocha,Beans,Espresso,Florida,Regular,80,130,40,210,93,692,130,84,25,238,113,High
41518,East,Major Market,Decaf Espresso,Beans,Espresso,Florida,Decaf,80,110,70,190,85,555,114,28,86,212,56,High
41518,East,Major Market,Colombian,Beans,Coffee,Florida,Regular,90,140,100,230,99,798,150,32,128,265,64,High
41518,East,Major Market,Decaf Irish Cream,Beans,Coffee,Florida,Decaf,90,120,80,210,96,666,134,29,120,245,53,High
41518,East,Major Market,Lemon,Leaves,Herbal Tea,Massachusetts,Decaf,30,40,10,70,45,409,57,17,9,109,51,Low
41518,East,Major Market,Darjeeling,Leaves,Tea,Massachusetts,Regular,30,40,30,70,29,862,43,8,34,77,20,Low
41518,East,Major Market,Green Tea,Leaves,Tea,Massachusetts,Regular,20,30,20,50,20,482,30,5,19,53,17,Low
41518,East,Major Market,Caffe Mocha,Beans,Espresso,Massachusetts,Regular,40,50,-10,90,52,520,46,47,-46,104,77,Low
41518,East,Major Market,Regular Espresso,Beans,Espresso,Massachusetts,Regular,140,160,100,300,155,1280,155,43,129,330,68,High
41518,East,Major Market,Colombian,Beans,Coffee,Massachusetts,Regular,50,490,460,540,60,-2572,516,19,690,614,51,High
41518,East,Small Market,Lemon,Leaves,Herbal Tea,New Hampshire,Decaf,30,40,10,70,40,244,51,15,3,97,49,Low
41518,East,Small Market,Darjeeling,Leaves,Tea,New Hampshire,Regular,20,30,20,50,19,848,29,5,18,51,17,Low
41518,East,Small Market,Green Tea,Leaves,Tea,New Hampshire,Regular,0,40,30,40,0,473,43,0,46,46,12,Low
41518,East,Small Market,Caffe Mocha,Beans,Espresso,New Hampshire,Regular,40,60,10,100,44,325,62,40,-10,113,69,Low
41518,East,Small Market,Regular Espresso,Beans,Espresso,New Hampshire,Regular,20,30,0,50,24,212,30,9,-18,58,42,Low
41518,East,Small Market,Amaretto,Beans,Coffee,New Hampshire,Regular,40,70,50,110,49,315,71,15,49,128,38,Medium
41518,East,Small Market,Colombian,Beans,Coffee,New Hampshire,Regular,50,80,50,130,55,453,84,18,50,148,50,Medium
41518,East,Major Market,Lemon,Leaves,Herbal Tea,New York,Decaf,220,200,90,420,302,1518,239,114,137,577,147,High
41518,East,Major Market,Mint,Leaves,Herbal Tea,New York,Decaf,190,-110,-180,80,251,3948,-139,77,-353,119,99,Medium
41518,East,Major Market,Darjeeling,Leaves,Tea,New York,Regular,100,160,130,260,100,981,145,28,157,261,39,High
41518,East,Major Market,Earl Grey,Leaves,Tea,New York,Regular,130,190,150,320,123,928,179,34,197,322,46,High
41518,East,Major Market,Green Tea,Leaves,Tea,New York,Regular,80,130,100,210,81,588,118,22,125,212,34,High
41518,East,Major Market,Caffe Mocha,Beans,Espresso,New York,Regular,110,-50,-180,60,121,2932,-53,110,-292,72,144,Low
41518,East,Major Market,Regular Espresso,Beans,Espresso,New York,Regular,230,320,240,550,249,1286,318,69,332,604,94,High
41518,East,Major Market,Colombian,Beans,Coffee,New York,Regular,300,450,320,750,316,2580,474,110,463,842,162,High
41518,South,Small Market,Chamomile,Leaves,Herbal Tea,Louisiana,Decaf,60,90,60,150,69,572,90,22,82,169,35,Medium
41518,South,Small Market,Lemon,Leaves,Herbal Tea,Louisiana,Decaf,60,80,30,140,67,599,83,25,37,160,58,Medium
41518,South,Small Market,Colombian,Beans,Coffee,Louisiana,Regular,60,80,60,140,48,834,71,13,68,127,25,Medium
41518,South,Small Market,Decaf Irish Cream,Beans,Coffee,Louisiana,Decaf,60,90,70,150,51,857,75,14,74,134,25,Medium
41518,South,Small Market,Caffe Latte,Beans,Espresso,Louisiana,Regular,50,70,0,120,62,-613,87,56,3,159,85,Medium
41518,South,Small Market,Caffe Mocha,Beans,Espresso,Louisiana,Regular,40,80,60,120,57,349,94,17,79,161,41,Medium
41518,South,Small Market,Decaf Espresso,Beans,Espresso,Louisiana,Decaf,30,60,40,90,46,454,67,14,46,120,36,Medium
41518,South,Small Market,Chamomile,Leaves,Herbal Tea,New Mexico,Decaf,10,30,20,40,19,848,29,5,19,51,16,Low
41518,South,Small Market,Lemon,Leaves,Herbal Tea,New Mexico,Decaf,30,40,20,70,33,1003,39,10,12,77,31,Low
41518,South,Small Market,Colombian,Beans,Coffee,New Mexico,Regular,60,110,70,170,55,453,84,18,50,148,50,Medium
41518,South,Small Market,Decaf Irish Cream,Beans,Coffee,New Mexico,Decaf,130,10,-40,140,104,1574,11,32,-65,123,55,Medium
41518,South,Small Market,Caffe Latte,Beans,Espresso,New Mexico,Regular,20,20,0,40,24,-412,30,9,-18,58,42,Low
41518,South,Small Market,Caffe Mocha,Beans,Espresso,New Mexico,Regular,30,60,10,90,44,325,62,40,-12,113,70,Low
41518,South,Small Market,Decaf Espresso,Beans,Espresso,New Mexico,Decaf,30,40,10,70,39,248,52,12,19,97,39,Low
41518,South,Small Market,Chamomile,Leaves,Herbal Tea,Oklahoma,Decaf,60,80,30,140,67,391,82,25,36,159,58,Medium
41518,South,Small Market,Lemon,Leaves,Herbal Tea,Oklahoma,Decaf,80,130,40,210,93,692,130,84,24,238,114,High
41518,South,Small Market,Colombian,Beans,Coffee,Oklahoma,Regular,70,100,80,170,61,579,79,20,70,149,32,Medium
41518,South,Small Market,Decaf Irish Cream,Beans,Coffee,Oklahoma,Decaf,30,60,50,90,29,862,43,8,34,77,20,Low
41518,South,Small Market,Caffe Latte,Beans,Espresso,Oklahoma,Regular,80,110,80,190,96,-1555,134,29,122,245,52,High
41518,South,Small Market,Caffe Mocha,Beans,Espresso,Oklahoma,Regular,10,30,30,40,20,482,30,5,19,53,17,Low
41518,South,Small Market,Decaf Espresso,Beans,Espresso,Oklahoma,Decaf,80,130,80,210,99,798,150,32,129,265,63,High
41518,South,Major Market,Chamomile,Leaves,Herbal Tea,Texas,Decaf,50,70,40,120,53,410,72,17,40,133,45,Medium
41518,South,Major Market,Lemon,Leaves,Herbal Tea,Texas,Decaf,40,60,30,100,43,424,64,13,42,114,36,Medium
41518,South,Major Market,Colombian,Beans,Coffee,Texas,Regular,310,370,280,680,251,1268,295,77,292,582,98,High
41518,South,Major Market,Decaf Irish Cream,Beans,Coffee,Texas,Decaf,70,90,70,160,58,548,74,19,62,141,32,Medium
41518,South,Major Market,Caffe Latte,Beans,Espresso,Texas,Regular,50,70,40,120,60,-718,90,19,58,160,51,Medium
41518,South,Major Market,Caffe Mocha,Beans,Espresso,Texas,Regular,100,150,120,250,123,928,179,34,199,322,45,High
41518,South,Major Market,Decaf Espresso,Beans,Espresso,Texas,Decaf,60,110,90,170,81,588,118,22,126,212,33,High
41518,West,Small Market,Darjeeling,Leaves,Tea,Utah,Regular,20,50,10,70,44,325,62,40,-10,113,69,Low
41518,West,Small Market,Earl Grey,Leaves,Tea,Utah,Regular,20,40,20,60,39,248,52,12,18,97,40,Low
41518,West,Small Market,Green Tea,Leaves,Tea,Utah,Regular,10,20,0,30,24,212,30,9,-19,58,43,Low
41518,West,Small Market,Chamomile,Leaves,Herbal Tea,Utah,Decaf,40,60,40,100,49,315,71,15,50,128,37,Medium
41518,West,Small Market,Lemon,Leaves,Herbal Tea,Utah,Decaf,40,80,50,120,55,453,84,18,50,148,50,Medium
41518,West,Small Market,Mint,Leaves,Herbal Tea,Utah,Decaf,80,20,-20,100,104,1574,11,32,-67,123,56,Medium
41518,West,Small Market,Amaretto,Beans,Coffee,Utah,Regular,70,100,70,170,62,1059,74,19,49,145,41,Medium
41518,West,Small Market,Colombian,Beans,Coffee,Utah,Regular,60,80,50,140,48,380,65,15,33,120,43,Medium
41518,West,Small Market,Decaf Irish Cream,Beans,Coffee,Utah,Decaf,80,100,50,180,67,599,83,25,36,160,59,Medium
41518,West,Small Market,Caffe Latte,Beans,Espresso,Utah,Regular,30,40,30,70,32,837,47,8,40,84,20,Low
41518,West,Small Market,Caffe Mocha,Beans,Espresso,Utah,Regular,60,90,60,150,69,572,90,22,83,169,34,Medium
41518,West,Small Market,Decaf Espresso,Beans,Espresso,Utah,Decaf,40,60,40,100,44,886,64,12,59,115,24,Medium
41518,West,Major Market,Darjeeling,Leaves,Tea,California,Regular,80,120,100,200,123,928,179,34,199,322,45,High
41518,West,Major Market,Earl Grey,Leaves,Tea,California,Regular,50,80,70,130,81,588,118,22,125,212,34,High
41518,West,Major Market,Green Tea,Leaves,Tea,California,Regular,30,70,40,100,60,656,90,19,58,160,51,Medium
41518,West,Major Market,Chamomile,Leaves,Herbal Tea,California,Decaf,80,130,110,210,100,981,145,28,156,261,40,High
41518,West,Major Market,Lemon,Leaves,Herbal Tea,California,Decaf,210,270,200,480,251,1268,295,77,291,582,99,High
41518,West,Major Market,Mint,Leaves,Herbal Tea,California,Decaf,40,70,50,110,58,548,74,19,64,141,31,Medium
41518,West,Major Market,Amaretto,Beans,Coffee,California,Regular,150,-20,-70,130,122,2378,-13,39,-110,116,61,Medium
41518,West,Major Market,Colombian,Beans,Coffee,California,Regular,390,590,450,980,316,2580,474,110,465,842,161,High
41518,West,Major Market,Decaf Irish Cream,Beans,Coffee,California,Decaf,200,-30,-120,170,162,3421,-24,53,-178,147,96,Medium
41518,West,Major Market,Caffe Latte,Beans,Espresso,California,Regular,230,240,160,470,249,1775,249,69,232,531,93,High
41518,West,Major Market,Caffe Mocha,Beans,Espresso,California,Regular,110,160,30,270,121,910,169,110,39,309,143,High
41518,West,Major Market,Decaf Espresso,Beans,Espresso,California,Decaf,240,320,220,560,253,1686,336,83,326,628,116,High
41518,West,Small Market,Darjeeling,Leaves,Tea,Nevada,Regular,160,240,170,400,253,1686,336,83,328,628,115,High
41518,West,Small Market,Earl Grey,Leaves,Tea,Nevada,Regular,160,170,110,330,249,1775,249,69,232,531,93,High
41518,West,Small Market,Green Tea,Leaves,Tea,Nevada,Regular,190,-190,-280,0,302,6413,-302,114,-638,20,147,Low
41518,West,Small Market,Chamomile,Leaves,Herbal Tea,Nevada,Decaf,100,150,40,250,121,910,169,110,39,309,143,High
41518,West,Small Market,Lemon,Leaves,Herbal Tea,Nevada,Decaf,130,210,140,340,162,1148,225,53,191,412,96,High
41518,West,Small Market,Mint,Leaves,Herbal Tea,Nevada,Decaf,100,160,120,260,122,801,176,39,171,318,61,High
41518,West,Small Market,Colombian,Beans,Coffee,Nevada,Regular,50,60,20,110,40,244,51,15,3,97,49,Low
41518,West,Small Market,Decaf Irish Cream,Beans,Coffee,Nevada,Decaf,40,50,30,90,33,1003,39,10,10,77,32,Low
41518,West,Small Market,Caffe Latte,Beans,Espresso,Nevada,Regular,0,40,30,40,0,473,43,0,47,46,11,Low
41518,West,Small Market,Caffe Mocha,Beans,Espresso,Nevada,Regular,10,30,20,40,19,848,29,5,18,51,17,Low
41518,West,Small Market,Decaf Espresso,Beans,Espresso,Nevada,Decaf,20,30,20,50,23,803,35,6,25,62,18,Low
41518,West,Small Market,Darjeeling,Leaves,Tea,Oregon,Regular,10,20,20,30,20,482,30,5,19,53,17,Low
41518,West,Small Market,Earl Grey,Leaves,Tea,Oregon,Regular,60,100,60,160,99,798,150,32,129,265,63,High
41518,West,Small Market,Green Tea,Leaves,Tea,Oregon,Regular,60,90,60,150,96,666,134,29,120,245,53,High
41518,West,Small Market,Chamomile,Leaves,Herbal Tea,Oregon,Decaf,20,30,30,50,25,823,36,7,25,65,19,Low
41518,West,Small Market,Lemon,Leaves,Herbal Tea,Oregon,Decaf,50,70,50,120,61,579,79,20,70,149,32,Medium
41518,West,Small Market,Amaretto,Beans,Coffee,Oregon,Regular,60,90,30,150,52,509,74,47,-4,134,77,Medium
41518,West,Small Market,Colombian,Beans,Coffee,Oregon,Regular,70,100,50,170,57,469,80,18,27,146,62,Medium
41518,West,Small Market,Decaf Irish Cream,Beans,Coffee,Oregon,Decaf,50,80,50,130,43,424,64,13,42,114,36,Medium
41518,West,Small Market,Caffe Latte,Beans,Espresso,Oregon,Regular,40,50,10,90,45,409,57,17,9,109,51,Low
41518,West,Small Market,Caffe Mocha,Beans,Espresso,Oregon,Regular,50,70,40,120,53,410,72,17,42,133,44,Medium
41518,West,Small Market,Decaf Espresso,Beans,Espresso,Oregon,Decaf,140,150,90,290,155,1280,155,43,129,330,68,High
41518,West,Small Market,Darjeeling,Leaves,Tea,Washington,Regular,30,70,40,100,57,349,94,17,80,161,40,Medium
41518,West,Small Market,Earl Grey,Leaves,Tea,Washington,Regular,30,40,30,70,46,454,67,14,46,120,36,Medium
41518,West,Small Market,Green Tea,Leaves,Tea,Washington,Regular,40,60,10,100,62,612,87,56,3,159,85,Medium
41518,West,Small Market,Chamomile,Leaves,Herbal Tea,Washington,Decaf,80,140,100,220,103,1130,155,33,135,275,64,High
41518,West,Small Market,Lemon,Leaves,Herbal Tea,Washington,Decaf,40,60,50,100,48,834,71,13,70,127,24,Medium
41518,West,Small Market,Colombian,Beans,Coffee,Washington,Regular,80,120,80,200,68,445,99,21,83,178,43,Medium
41518,West,Small Market,Decaf Irish Cream,Beans,Coffee,Washington,Decaf,110,160,60,270,93,692,130,84,24,238,114,High
41518,West,Small Market,Caffe Latte,Beans,Espresso,Washington,Regular,30,40,30,70,33,577,43,10,31,81,22,Low
41518,West,Small Market,Caffe Mocha,Beans,Espresso,Washington,Regular,60,80,30,140,67,391,82,25,34,159,59,Medium
41518,West,Small Market,Decaf Espresso,Beans,Espresso,Washington,Decaf,70,100,70,170,83,1063,99,25,79,194,46,High
41548,Central,Major Market,Chamomile,Leaves,Herbal Tea,Colorado,Decaf,120,140,110,260,161,1267,161,45,137,343,69,High
41548,Central,Major Market,Lemon,Leaves,Herbal Tea,Colorado,Decaf,30,60,30,90,51,503,71,46,-7,130,76,Medium
41548,Central,Major Market,Mint,Leaves,Herbal Tea,Colorado,Decaf,30,60,50,90,52,405,71,17,39,131,45,Medium
41548,Central,Major Market,Darjeeling,Leaves,Tea,Colorado,Regular,30,50,30,80,54,404,66,20,19,128,53,Medium
41548,Central,Major Market,Earl Grey,Leaves,Tea,Colorado,Regular,30,50,40,80,54,1037,64,16,40,126,37,Medium
41548,Central,Major Market,Green Tea,Leaves,Tea,Colorado,Regular,50,90,80,140,90,572,115,29,110,218,41,High
41548,Central,Major Market,Caffe Mocha,Beans,Espresso,Colorado,Regular,100,180,170,280,76,580,111,21,117,199,32,High
41548,Central,Major Market,Decaf Espresso,Beans,Espresso,Colorado,Decaf,100,160,130,260,72,650,110,23,83,194,54,High
41548,Central,Major Market,Amaretto,Beans,Coffee,Colorado,Regular,120,180,160,300,123,915,179,34,197,322,46,High
41548,Central,Major Market,Colombian,Beans,Coffee,Colorado,Regular,30,50,50,80,39,541,51,12,40,96,24,Low
41548,Central,Major Market,Decaf Irish Cream,Beans,Coffee,Colorado,Decaf,100,160,150,260,108,971,157,30,172,282,41,High
41548,Central,Major Market,Chamomile,Leaves,Herbal Tea,Illinois,Decaf,90,150,140,240,123,915,179,34,197,322,46,High
41548,Central,Major Market,Lemon,Leaves,Herbal Tea,Illinois,Decaf,20,40,40,60,39,541,51,12,40,96,24,Low
41548,Central,Major Market,Mint,Leaves,Herbal Tea,Illinois,Decaf,80,130,120,210,108,971,157,30,172,282,41,High
41548,Central,Major Market,Darjeeling,Leaves,Tea,Illinois,Regular,50,80,80,130,76,580,111,21,116,199,33,High
41548,Central,Major Market,Earl Grey,Leaves,Tea,Illinois,Regular,50,80,50,130,72,650,110,23,82,194,55,High
41548,Central,Major Market,Caffe Mocha,Beans,Espresso,Illinois,Regular,370,520,420,890,257,1662,341,84,332,637,117,High
41548,Central,Major Market,Decaf Espresso,Beans,Espresso,Illinois,Decaf,340,370,300,710,239,1755,239,66,221,509,90,High
41548,Central,Major Market,Colombian,Beans,Coffee,Illinois,Regular,150,220,160,370,154,1132,213,50,178,391,93,High
41548,Central,Major Market,Decaf Irish Cream,Beans,Coffee,Illinois,Decaf,110,190,160,300,122,789,176,39,171,318,61,High
41548,Central,Small Market,Chamomile,Leaves,Herbal Tea,Iowa,Decaf,200,280,210,480,257,1662,341,84,332,637,117,High
41548,Central,Small Market,Lemon,Leaves,Herbal Tea,Iowa,Decaf,90,150,130,240,122,789,176,39,169,318,62,High
41548,Central,Small Market,Darjeeling,Leaves,Tea,Iowa,Regular,170,170,110,340,239,1755,239,66,221,509,90,High
41548,Central,Small Market,Earl Grey,Leaves,Tea,Iowa,Regular,170,230,130,400,255,1756,312,96,272,604,129,High
41548,Central,Small Market,Caffe Mocha,Beans,Espresso,Iowa,Regular,20,50,50,70,23,800,35,6,27,62,17,Low
41548,Central,Small Market,Decaf Espresso,Beans,Espresso,Iowa,Decaf,0,60,60,60,0,430,43,0,46,46,12,Low
41548,Central,Small Market,Amaretto,Beans,Coffee,Iowa,Regular,10,30,30,40,21,846,31,5,22,55,16,Low
41548,Central,Small Market,Colombian,Beans,Coffee,Iowa,Regular,20,40,30,60,31,1000,37,9,10,72,30,Low
41548,Central,Small Market,Decaf Irish Cream,Beans,Coffee,Iowa,Decaf,0,10,10,10,10,598,13,3,-3,25,15,Low
41548,Central,Small Market,Chamomile,Leaves,Herbal Tea,Missouri,Decaf,20,60,30,80,45,320,64,41,-9,116,70,Medium
41548,Central,Small Market,Lemon,Leaves,Herbal Tea,Missouri,Decaf,60,20,10,80,86,1698,23,26,-39,116,49,Medium
41548,Central,Small Market,Darjeeling,Leaves,Tea,Missouri,Regular,20,40,30,60,39,244,53,12,19,98,40,Low
41548,Central,Small Market,Earl Grey,Leaves,Tea,Missouri,Regular,10,20,0,30,25,209,31,9,-16,60,42,Low
41548,Central,Small Market,Green Tea,Leaves,Tea,Missouri,Regular,10,30,10,40,34,240,43,12,-4,82,46,Low
41548,Central,Small Market,Caffe Mocha,Beans,Espresso,Missouri,Regular,50,90,90,140,40,881,59,11,53,106,23,Low
41548,Central,Small Market,Decaf Espresso,Beans,Espresso,Missouri,Decaf,30,80,80,110,32,833,47,8,42,84,19,Low
41548,Central,Small Market,Colombian,Beans,Coffee,Missouri,Regular,70,100,70,170,79,593,98,30,52,189,63,Medium
41548,Central,Small Market,Decaf Irish Cream,Beans,Coffee,Missouri,Decaf,50,80,70,130,65,1053,77,20,52,151,42,Medium
41548,Central,Major Market,Chamomile,Leaves,Herbal Tea,Ohio,Decaf,0,30,30,30,21,480,32,5,24,56,16,Low
41548,Central,Major Market,Lemon,Leaves,Herbal Tea,Ohio,Decaf,10,30,30,40,27,859,39,7,30,70,19,Low
41548,Central,Major Market,Darjeeling,Leaves,Tea,Ohio,Regular,50,90,60,140,82,788,123,27,96,218,58,High
41548,Central,Major Market,Earl Grey,Leaves,Tea,Ohio,Regular,50,100,80,150,91,656,127,28,113,232,51,High
41548,Central,Major Market,Caffe Mocha,Beans,Espresso,Ohio,Regular,230,240,190,470,161,1267,161,45,137,343,69,High
41548,Central,Major Market,Decaf Espresso,Beans,Espresso,Ohio,Decaf,70,100,70,170,54,404,66,20,18,128,54,Medium
41548,Central,Major Market,Amaretto,Beans,Coffee,Ohio,Regular,40,70,60,110,52,405,71,17,39,131,45,Medium
41548,Central,Major Market,Colombian,Beans,Coffee,Ohio,Regular,30,70,60,100,43,419,64,13,42,114,36,Medium
41548,Central,Major Market,Decaf Irish Cream,Beans,Coffee,Ohio,Decaf,40,70,30,110,51,503,71,46,-7,130,76,Medium
41548,Central,Small Market,Chamomile,Leaves,Herbal Tea,Wisconsin,Decaf,40,80,80,120,60,329,99,18,85,169,42,Medium
41548,Central,Small Market,Lemon,Leaves,Herbal Tea,Wisconsin,Decaf,30,60,60,90,48,851,70,13,67,126,25,Medium
41548,Central,Small Market,Darjeeling,Leaves,Tea,Wisconsin,Regular,20,50,40,70,46,449,67,14,45,120,37,Medium
41548,Central,Small Market,Earl Grey,Leaves,Tea,Wisconsin,Regular,40,50,0,90,60,606,84,54,0,153,84,Medium
41548,Central,Small Market,Caffe Mocha,Beans,Espresso,Wisconsin,Regular,110,140,120,250,80,1055,94,24,71,185,46,Medium
41548,Central,Small Market,Decaf Espresso,Beans,Espresso,Wisconsin,Decaf,20,50,50,70,22,573,29,7,15,54,19,Low
41548,Central,Small Market,Amaretto,Beans,Coffee,Wisconsin,Regular,40,80,50,120,56,385,70,21,22,134,55,Medium
41548,Central,Small Market,Colombian,Beans,Coffee,Wisconsin,Regular,90,140,60,230,96,683,134,87,27,245,116,High
41548,Central,Small Market,Decaf Irish Cream,Beans,Coffee,Wisconsin,Decaf,80,120,100,200,86,547,116,28,91,215,55,High
41548,East,Small Market,Lemon,Leaves,Herbal Tea,Connecticut,Decaf,40,50,30,90,79,593,98,30,50,189,64,Medium
41548,East,Small Market,Mint,Leaves,Herbal Tea,Connecticut,Decaf,30,50,50,80,65,1053,77,20,52,151,42,Medium
41548,East,Small Market,Darjeeling,Leaves,Tea,Connecticut,Regular,40,60,50,100,40,881,59,11,53,106,23,Low
41548,East,Small Market,Green Tea,Leaves,Tea,Connecticut,Regular,20,40,40,60,24,806,36,6,27,64,18,Low
41548,East,Small Market,Caffe Mocha,Beans,Espresso,Connecticut,Regular,40,90,40,130,60,606,84,54,1,153,83,Medium
41548,East,Small Market,Decaf Espresso,Beans,Espresso,Connecticut,Decaf,30,60,50,90,47,375,64,15,31,118,43,Medium
41548,East,Small Market,Colombian,Beans,Coffee,Connecticut,Regular,100,160,130,260,125,1119,188,41,171,334,73,High
41548,East,Major Market,Chamomile,Leaves,Herbal Tea,Florida,Decaf,0,20,20,20,22,573,29,7,15,54,19,Low
41548,East,Major Market,Lemon,Leaves,Herbal Tea,Florida,Decaf,30,30,20,60,56,385,70,21,24,134,54,Medium
41548,East,Major Market,Mint,Leaves,Herbal Tea,Florida,Decaf,40,50,40,90,80,1055,94,24,71,185,46,Medium
41548,East,Major Market,Darjeeling,Leaves,Tea,Florida,Regular,40,60,50,100,38,871,56,10,52,100,21,Low
41548,East,Major Market,Green Tea,Leaves,Tea,Florida,Regular,50,70,60,120,48,851,70,13,68,126,24,Medium
41548,East,Major Market,Caffe Mocha,Beans,Espresso,Florida,Regular,80,130,50,210,96,683,134,87,27,245,116,High
41548,East,Major Market,Decaf Espresso,Beans,Espresso,Florida,Decaf,70,110,90,180,86,547,116,28,89,215,56,High
41548,East,Major Market,Colombian,Beans,Coffee,Florida,Regular,60,110,90,170,82,788,123,27,95,218,59,High
41548,East,Major Market,Decaf Irish Cream,Beans,Coffee,Florida,Decaf,70,110,90,180,91,656,127,28,113,232,51,High
41548,East,Major Market,Lemon,Leaves,Herbal Tea,Massachusetts,Decaf,30,30,20,60,54,404,66,20,19,128,53,Medium
41548,East,Major Market,Darjeeling,Leaves,Tea,Massachusetts,Regular,20,50,50,70,27,859,39,7,30,70,19,Low
41548,East,Major Market,Green Tea,Leaves,Tea,Massachusetts,Regular,20,30,30,50,21,480,32,5,22,56,17,Low
41548,East,Major Market,Caffe Mocha,Beans,Espresso,Massachusetts,Regular,30,70,30,100,51,542,65,46,-16,124,76,Medium
41548,East,Major Market,Regular Espresso,Beans,Espresso,Massachusetts,Regular,140,160,120,300,161,1267,161,45,137,343,69,High
41548,East,Major Market,Colombian,Beans,Coffee,Massachusetts,Regular,50,350,330,400,72,-3004,402,23,516,505,54,High
41548,East,Small Market,Lemon,Leaves,Herbal Tea,New Hampshire,Decaf,10,30,20,40,34,240,43,12,-4,82,46,Low
41548,East,Small Market,Darjeeling,Leaves,Tea,New Hampshire,Regular,20,30,30,50,21,846,31,5,21,55,17,Low
41548,East,Small Market,Green Tea,Leaves,Tea,New Hampshire,Regular,0,40,40,40,0,430,43,0,47,46,11,Low
41548,East,Small Market,Caffe Mocha,Beans,Espresso,New Hampshire,Regular,30,60,30,90,45,320,64,41,-10,116,71,Medium
41548,East,Small Market,Regular Espresso,Beans,Espresso,New Hampshire,Regular,10,30,10,40,25,209,31,9,-18,60,43,Low
41548,East,Small Market,Amaretto,Beans,Coffee,New Hampshire,Regular,30,60,60,90,49,310,71,15,49,128,38,Medium
41548,East,Small Market,Colombian,Beans,Coffee,New Hampshire,Regular,30,60,50,90,45,447,69,14,36,121,45,Medium
41548,East,Major Market,Lemon,Leaves,Herbal Tea,New York,Decaf,140,150,70,290,255,1622,258,96,191,547,129,High
41548,East,Major Market,Mint,Leaves,Herbal Tea,New York,Decaf,130,-50,-100,80,239,4360,-75,74,-252,175,95,Medium
41548,East,Major Market,Darjeeling,Leaves,Tea,New York,Regular,110,170,140,280,108,971,157,30,171,282,42,High
41548,East,Major Market,Earl Grey,Leaves,Tea,New York,Regular,130,190,160,320,123,915,179,34,199,322,45,High
41548,East,Major Market,Green Tea,Leaves,Tea,New York,Regular,80,120,100,200,76,580,111,21,116,199,33,High
41548,East,Major Market,Caffe Mocha,Beans,Espresso,New York,Regular,110,-60,-170,50,125,3142,-56,113,-300,74,146,Low
41548,East,Major Market,Regular Espresso,Beans,Espresso,New York,Regular,210,510,450,720,239,1197,526,66,646,815,91,High
41548,East,Major Market,Colombian,Beans,Coffee,New York,Regular,210,330,230,540,260,2548,390,91,367,693,143,High
41548,South,Small Market,Chamomile,Leaves,Herbal Tea,Louisiana,Decaf,80,130,110,210,103,564,133,33,129,251,46,High
41548,South,Small Market,Lemon,Leaves,Herbal Tea,Louisiana,Decaf,60,90,60,150,79,593,98,30,50,189,64,Medium
41548,South,Small Market,Colombian,Beans,Coffee,Louisiana,Regular,70,90,80,160,48,829,71,13,70,127,24,Medium
41548,South,Small Market,Decaf Irish Cream,Beans,Coffee,Louisiana,Decaf,70,90,80,160,48,851,70,13,67,126,25,Medium
41548,South,Small Market,Caffe Latte,Beans,Espresso,Louisiana,Regular,30,60,10,90,60,-762,84,54,1,153,83,Medium
41548,South,Small Market,Caffe Mocha,Beans,Espresso,Louisiana,Regular,30,70,70,100,60,329,99,18,86,169,41,Medium
41548,South,Small Market,Decaf Espresso,Beans,Espresso,Louisiana,Decaf,20,40,40,60,46,449,67,14,45,120,37,Medium
41548,South,Small Market,Chamomile,Leaves,Herbal Tea,New Mexico,Decaf,10,30,30,40,21,846,31,5,21,55,17,Low
41548,South,Small Market,Lemon,Leaves,Herbal Tea,New Mexico,Decaf,10,40,30,50,31,1000,37,9,9,72,31,Low
41548,South,Small Market,Colombian,Beans,Coffee,New Mexico,Regular,50,110,80,160,45,447,69,14,34,121,46,Medium
41548,South,Small Market,Decaf Irish Cream,Beans,Coffee,New Mexico,Decaf,110,40,10,150,86,1698,23,26,-39,116,49,Medium
41548,South,Small Market,Caffe Latte,Beans,Espresso,New Mexico,Regular,10,20,10,30,25,-466,31,9,-18,60,43,Low
41548,South,Small Market,Caffe Mocha,Beans,Espresso,New Mexico,Regular,20,40,10,60,45,320,64,41,-9,116,70,Medium
41548,South,Small Market,Decaf Espresso,Beans,Espresso,New Mexico,Decaf,20,30,20,50,39,244,53,12,21,98,39,Low
41548,South,Small Market,Chamomile,Leaves,Herbal Tea,Oklahoma,Decaf,40,70,50,110,56,385,70,21,24,134,54,Medium
41548,South,Small Market,Lemon,Leaves,Herbal Tea,Oklahoma,Decaf,80,120,40,200,96,683,134,87,25,245,117,High
41548,South,Small Market,Colombian,Beans,Coffee,Oklahoma,Regular,130,160,140,290,90,572,115,29,110,218,41,High
41548,South,Small Market,Decaf Irish Cream,Beans,Coffee,Oklahoma,Decaf,30,60,60,90,27,859,39,7,31,70,18,Low
41548,South,Small Market,Caffe Latte,Beans,Espresso,Oklahoma,Regular,50,80,70,130,91,-1785,127,28,113,232,51,High
41548,South,Small Market,Caffe Mocha,Beans,Espresso,Oklahoma,Regular,0,30,30,30,21,480,32,5,22,56,17,Low
41548,South,Small Market,Decaf Espresso,Beans,Espresso,Oklahoma,Decaf,50,80,60,130,82,788,123,27,96,218,58,High
41548,South,Major Market,Chamomile,Leaves,Herbal Tea,Texas,Decaf,30,80,70,110,52,405,71,17,39,131,45,Medium
41548,South,Major Market,Lemon,Leaves,Herbal Tea,Texas,Decaf,30,60,50,90,43,419,64,13,42,114,36,Medium
41548,South,Major Market,Colombian,Beans,Coffee,Texas,Regular,350,420,340,770,239,1246,281,74,275,554,96,High
41548,South,Major Market,Decaf Irish Cream,Beans,Coffee,Texas,Decaf,40,90,80,130,39,541,51,12,39,96,25,Low
41548,South,Major Market,Caffe Latte,Beans,Espresso,Texas,Regular,40,70,50,110,72,-868,110,23,82,194,55,High
41548,South,Major Market,Caffe Mocha,Beans,Espresso,Texas,Regular,70,120,100,190,123,915,179,34,197,322,46,High
41548,South,Major Market,Decaf Espresso,Beans,Espresso,Texas,Decaf,40,80,80,120,76,580,111,21,116,199,33,High
41548,West,Small Market,Darjeeling,Leaves,Tea,Utah,Regular,10,40,20,50,45,320,64,41,-9,116,70,Medium
41548,West,Small Market,Earl Grey,Leaves,Tea,Utah,Regular,10,30,20,40,39,244,53,12,21,98,39,Low
41548,West,Small Market,Green Tea,Leaves,Tea,Utah,Regular,0,20,10,20,25,209,31,9,-18,60,43,Low
41548,West,Small Market,Chamomile,Leaves,Herbal Tea,Utah,Decaf,30,60,60,90,49,310,71,15,49,128,38,Medium
41548,West,Small Market,Lemon,Leaves,Herbal Tea,Utah,Decaf,20,70,60,90,45,447,69,14,34,121,46,Medium
41548,West,Small Market,Mint,Leaves,Herbal Tea,Utah,Decaf,60,20,0,80,86,1698,23,26,-40,116,50,Medium
41548,West,Small Market,Caffe Mocha,Beans,Espresso,Utah,Regular,80,130,110,210,103,564,133,33,129,251,46,High
41548,West,Small Market,Decaf Espresso,Beans,Espresso,Utah,Decaf,20,60,60,80,40,881,59,11,55,106,22,Low
41548,West,Small Market,Amaretto,Beans,Coffee,Utah,Regular,90,110,90,200,65,1053,77,20,53,151,41,Medium
41548,West,Small Market,Colombian,Beans,Coffee,Utah,Regular,50,100,80,150,47,375,64,15,33,118,42,Medium
41548,West,Small Market,Decaf Irish Cream,Beans,Coffee,Utah,Decaf,100,160,120,260,79,593,98,30,50,189,64,Medium
41548,West,Small Market,Caffe Latte,Beans,Espresso,Utah,Regular,20,40,40,60,32,833,47,8,42,84,19,Low
41548,West,Major Market,Darjeeling,Leaves,Tea,California,Regular,50,90,80,140,123,915,179,34,199,322,45,High
41548,West,Major Market,Earl Grey,Leaves,Tea,California,Regular,30,50,50,80,76,580,111,21,117,199,32,High
41548,West,Major Market,Green Tea,Leaves,Tea,California,Regular,20,60,50,80,72,650,110,23,83,194,54,High
41548,West,Major Market,Chamomile,Leaves,Herbal Tea,California,Decaf,80,130,120,210,108,971,157,30,171,282,42,High
41548,West,Major Market,Lemon,Leaves,Herbal Tea,California,Decaf,190,220,170,410,239,1246,281,74,276,554,95,High
41548,West,Major Market,Mint,Leaves,Herbal Tea,California,Decaf,20,40,40,60,39,541,51,12,39,96,25,Low
41548,West,Major Market,Caffe Mocha,Beans,Espresso,California,Regular,110,160,50,270,125,898,173,113,40,318,146,High
41548,West,Major Market,Decaf Espresso,Beans,Espresso,California,Decaf,230,320,240,550,257,1662,341,84,334,637,116,High
41548,West,Major Market,Amaretto,Beans,Coffee,California,Regular,170,-20,-60,150,122,2555,-13,39,-110,116,61,Medium
41548,West,Major Market,Colombian,Beans,Coffee,California,Regular,380,580,470,960,260,2548,390,91,367,693,143,High
41548,West,Major Market,Decaf Irish Cream,Beans,Coffee,California,Decaf,220,-30,-100,190,154,3654,-24,50,-174,139,93,Medium
41548,West,Major Market,Caffe Latte,Beans,Espresso,California,Regular,210,220,160,430,239,1755,239,66,221,509,90,High
41548,West,Small Market,Darjeeling,Leaves,Tea,Nevada,Regular,110,180,130,290,257,1662,341,84,332,637,117,High
41548,West,Small Market,Earl Grey,Leaves,Tea,Nevada,Regular,110,120,80,230,239,1755,239,66,221,509,90,High
41548,West,Small Market,Green Tea,Leaves,Tea,Nevada,Regular,110,-110,-170,0,255,7058,-255,96,-539,22,129,Low
41548,West,Small Market,Chamomile,Leaves,Herbal Tea,Nevada,Decaf,90,150,60,240,125,898,173,113,39,318,147,High
41548,West,Small Market,Lemon,Leaves,Herbal Tea,Nevada,Decaf,120,170,120,290,154,1132,213,50,178,391,93,High
41548,West,Small Market,Mint,Leaves,Herbal Tea,Nevada,Decaf,90,150,130,240,122,789,176,39,169,318,62,High
41548,West,Small Market,Caffe Mocha,Beans,Espresso,Nevada,Regular,10,20,20,30,21,846,31,5,21,55,17,Low
41548,West,Small Market,Decaf Espresso,Beans,Espresso,Nevada,Decaf,10,30,30,40,23,800,35,6,25,62,18,Low
41548,West,Small Market,Colombian,Beans,Coffee,Nevada,Regular,40,60,30,100,34,240,43,12,-3,82,45,Low
41548,West,Small Market,Decaf Irish Cream,Beans,Coffee,Nevada,Decaf,30,60,50,90,31,1000,37,9,10,72,30,Low
41548,West,Small Market,Caffe Latte,Beans,Espresso,Nevada,Regular,0,30,30,30,0,430,43,0,47,46,11,Low
41548,West,Small Market,Darjeeling,Leaves,Tea,Oregon,Regular,0,20,20,20,21,480,32,5,24,56,16,Low
41548,West,Small Market,Earl Grey,Leaves,Tea,Oregon,Regular,30,60,50,90,82,788,123,27,95,218,59,High
41548,West,Small Market,Green Tea,Leaves,Tea,Oregon,Regular,40,60,50,100,91,656,127,28,113,232,51,High
41548,West,Small Market,Chamomile,Leaves,Herbal Tea,Oregon,Decaf,10,30,30,40,25,820,36,7,25,65,19,Low
41548,West,Small Market,Lemon,Leaves,Herbal Tea,Oregon,Decaf,60,100,90,160,90,572,115,29,108,218,42,High
41548,West,Small Market,Caffe Latte,Beans,Espresso,Oregon,Regular,40,60,40,100,54,404,66,20,18,128,54,Medium
41548,West,Small Market,Caffe Mocha,Beans,Espresso,Oregon,Regular,30,70,60,100,52,405,71,17,40,131,44,Medium
41548,West,Small Market,Decaf Espresso,Beans,Espresso,Oregon,Decaf,140,150,110,290,161,1267,161,45,135,343,70,High
41548,West,Small Market,Amaretto,Beans,Coffee,Oregon,Regular,70,100,50,170,51,503,71,46,-7,130,76,Medium
41548,West,Small Market,Colombian,Beans,Coffee,Oregon,Regular,80,130,90,210,60,463,84,19,31,153,63,Medium
41548,West,Small Market,Decaf Irish Cream,Beans,Coffee,Oregon,Decaf,50,100,80,150,43,419,64,13,43,114,35,Medium
41548,West,Small Market,Darjeeling,Leaves,Tea,Washington,Regular,20,50,40,70,60,329,99,18,85,169,42,Medium
41548,West,Small Market,Earl Grey,Leaves,Tea,Washington,Regular,20,30,30,50,46,449,67,14,46,120,36,Medium
41548,West,Small Market,Green Tea,Leaves,Tea,Washington,Regular,20,40,10,60,60,606,84,54,0,153,84,Medium
41548,West,Small Market,Chamomile,Leaves,Herbal Tea,Washington,Decaf,90,160,130,250,125,1119,188,41,171,334,73,High
41548,West,Small Market,Lemon,Leaves,Herbal Tea,Washington,Decaf,30,60,60,90,48,829,71,13,70,127,24,Medium
41548,West,Small Market,Caffe Latte,Beans,Espresso,Washington,Regular,10,20,20,30,22,573,29,7,15,54,19,Low
41548,West,Small Market,Caffe Mocha,Beans,Espresso,Washington,Regular,40,70,50,110,56,385,70,21,24,134,54,Medium
41548,West,Small Market,Decaf Espresso,Beans,Espresso,Washington,Decaf,60,90,80,150,80,1055,94,24,71,185,46,Medium
41548,West,Small Market,Colombian,Beans,Coffee,Washington,Regular,90,140,110,230,68,438,99,21,83,178,43,Medium
41548,West,Small Market,Decaf Irish Cream,Beans,Coffee,Washington,Decaf,140,190,100,330,96,683,134,87,25,245,117,High
41579,Central,Major Market,Chamomile,Leaves,Herbal Tea,Colorado,Decaf,170,160,100,330,181,1283,182,50,159,387,75,High
41579,Central,Major Market,Lemon,Leaves,Herbal Tea,Colorado,Decaf,40,70,10,110,52,509,73,47,-6,133,77,Medium
41579,Central,Major Market,Mint,Leaves,Herbal Tea,Colorado,Decaf,50,70,40,120,59,411,79,19,47,147,47,Medium
41579,Central,Major Market,Darjeeling,Leaves,Tea,Colorado,Regular,40,60,20,100,55,410,69,20,22,132,54,Medium
41579,Central,Major Market,Earl Grey,Leaves,Tea,Colorado,Regular,40,60,30,100,57,1042,68,17,43,133,39,Medium
41579,Central,Major Market,Green Tea,Leaves,Tea,Colorado,Regular,70,90,60,160,88,561,112,29,104,213,42,High
41579,Central,Major Market,Caffe Mocha,Beans,Espresso,Colorado,Regular,60,90,70,150,50,589,73,14,71,131,25,Medium
41579,Central,Major Market,Decaf Espresso,Beans,Espresso,Colorado,Decaf,90,150,100,240,75,659,114,24,86,201,56,High
41579,Central,Major Market,Amaretto,Beans,Coffee,Colorado,Regular,110,170,130,280,118,930,172,33,190,309,44,High
41579,Central,Major Market,Colombian,Beans,Coffee,Colorado,Regular,30,60,40,90,40,536,52,13,40,98,25,Low
41579,Central,Major Market,Decaf Irish Cream,Beans,Coffee,Colorado,Decaf,80,110,80,190,81,984,117,22,125,211,33,High
41579,Central,Major Market,Chamomile,Leaves,Herbal Tea,Illinois,Decaf,110,150,110,260,118,930,172,33,188,309,45,High
41579,Central,Major Market,Lemon,Leaves,Herbal Tea,Illinois,Decaf,30,50,30,80,40,536,52,13,40,98,25,Low
41579,Central,Major Market,Mint,Leaves,Herbal Tea,Illinois,Decaf,70,110,80,180,81,984,117,22,125,211,33,High
41579,Central,Major Market,Darjeeling,Leaves,Tea,Illinois,Regular,40,60,40,100,50,589,73,14,71,131,25,Medium
41579,Central,Major Market,Earl Grey,Leaves,Tea,Illinois,Regular,60,90,50,150,75,659,114,24,88,201,55,High
41579,Central,Major Market,Caffe Mocha,Beans,Espresso,Illinois,Regular,290,390,290,680,228,1691,304,75,291,567,108,High
41579,Central,Major Market,Decaf Espresso,Beans,Espresso,Illinois,Decaf,270,270,200,540,211,1778,212,59,191,451,83,High
41579,Central,Major Market,Colombian,Beans,Coffee,Illinois,Regular,170,230,140,400,173,1150,239,57,206,439,100,High
41579,Central,Major Market,Decaf Irish Cream,Beans,Coffee,Illinois,Decaf,110,160,110,270,113,803,165,36,157,296,59,High
41579,Central,Small Market,Chamomile,Leaves,Herbal Tea,Iowa,Decaf,210,280,180,490,228,1691,304,75,291,567,108,High
41579,Central,Small Market,Lemon,Leaves,Herbal Tea,Iowa,Decaf,100,150,100,250,113,803,165,36,159,296,58,High
41579,Central,Small Market,Darjeeling,Leaves,Tea,Iowa,Regular,170,180,110,350,211,1778,212,59,191,451,83,High
41579,Central,Small Market,Earl Grey,Leaves,Tea,Iowa,Regular,200,250,130,450,245,1784,300,93,257,581,127,High
41579,Central,Small Market,Caffe Mocha,Beans,Espresso,Iowa,Regular,20,50,40,70,22,802,34,6,24,60,18,Low
41579,Central,Small Market,Decaf Espresso,Beans,Espresso,Iowa,Decaf,0,50,40,50,0,387,43,0,46,46,12,Low
41579,Central,Small Market,Amaretto,Beans,Coffee,Iowa,Regular,10,20,10,30,15,848,24,4,12,42,16,Low
41579,Central,Small Market,Colombian,Beans,Coffee,Iowa,Regular,20,40,20,60,29,1003,35,8,7,68,30,Low
41579,Central,Small Market,Decaf Irish Cream,Beans,Coffee,Iowa,Decaf,0,20,10,20,10,596,13,3,-4,25,16,Low
41579,Central,Small Market,Chamomile,Leaves,Herbal Tea,Missouri,Decaf,40,50,0,90,44,325,62,40,-12,113,70,Low
41579,Central,Small Market,Lemon,Leaves,Herbal Tea,Missouri,Decaf,70,40,0,110,82,1804,40,25,-13,130,49,Medium
41579,Central,Small Market,Darjeeling,Leaves,Tea,Missouri,Regular,20,40,10,60,35,248,47,11,13,87,38,Low
41579,Central,Small Market,Earl Grey,Leaves,Tea,Missouri,Regular,20,40,0,60,34,211,42,12,-4,81,45,Low
41579,Central,Small Market,Green Tea,Leaves,Tea,Missouri,Regular,20,40,0,60,33,243,41,12,-6,79,45,Low
41579,Central,Small Market,Caffe Mocha,Beans,Espresso,Missouri,Regular,60,100,80,160,54,885,78,15,76,141,27,Medium
41579,Central,Small Market,Decaf Espresso,Beans,Espresso,Missouri,Decaf,40,60,50,100,33,836,48,9,40,86,21,Low
41579,Central,Small Market,Colombian,Beans,Coffee,Missouri,Regular,80,100,40,180,82,601,102,31,56,196,64,High
41579,Central,Small Market,Decaf Irish Cream,Beans,Coffee,Missouri,Decaf,60,80,40,140,69,1060,81,21,56,160,43,Medium
41579,Central,Major Market,Chamomile,Leaves,Herbal Tea,Ohio,Decaf,30,40,30,70,32,482,48,8,43,85,19,Low
41579,Central,Major Market,Lemon,Leaves,Herbal Tea,Ohio,Decaf,30,50,40,80,36,862,52,10,45,94,22,Low
41579,Central,Major Market,Darjeeling,Leaves,Tea,Ohio,Regular,60,100,60,160,78,798,119,25,92,210,57,High
41579,Central,Major Market,Earl Grey,Leaves,Tea,Ohio,Regular,80,120,70,200,102,666,143,31,132,261,54,High
41579,Central,Major Market,Caffe Mocha,Beans,Espresso,Ohio,Regular,230,230,170,460,181,1283,182,50,159,387,75,High
41579,Central,Major Market,Decaf Espresso,Beans,Espresso,Ohio,Decaf,70,80,40,150,55,410,69,20,24,132,53,Medium
41579,Central,Major Market,Amaretto,Beans,Coffee,Ohio,Regular,50,80,50,130,59,411,79,19,49,147,46,Medium
41579,Central,Major Market,Colombian,Beans,Coffee,Ohio,Regular,40,70,40,110,46,424,68,14,47,121,36,Medium
41579,Central,Major Market,Decaf Irish Cream,Beans,Coffee,Ohio,Decaf,50,70,10,120,52,509,73,47,-4,133,76,Medium
41579,Central,Small Market,Chamomile,Leaves,Herbal Tea,Wisconsin,Decaf,50,80,50,130,53,321,88,16,71,150,40,Medium
41579,Central,Small Market,Lemon,Leaves,Herbal Tea,Wisconsin,Decaf,20,50,40,70,31,856,47,8,40,83,20,Low
41579,Central,Small Market,Darjeeling,Leaves,Tea,Wisconsin,Regular,40,50,20,90,49,454,71,15,49,128,38,Medium
41579,Central,Small Market,Earl Grey,Leaves,Tea,Wisconsin,Regular,50,70,0,120,61,613,86,55,3,157,84,Medium
41579,Central,Small Market,Caffe Mocha,Beans,Espresso,Wisconsin,Regular,90,110,70,200,75,1063,89,23,67,175,44,Medium
41579,Central,Small Market,Decaf Espresso,Beans,Espresso,Wisconsin,Decaf,20,40,30,60,22,570,30,7,16,55,19,Low
41579,Central,Small Market,Amaretto,Beans,Coffee,Wisconsin,Regular,50,60,20,110,54,391,67,20,21,129,53,Medium
41579,Central,Small Market,Colombian,Beans,Coffee,Wisconsin,Regular,90,130,30,220,94,694,130,85,24,239,114,High
41579,Central,Small Market,Decaf Irish Cream,Beans,Coffee,Wisconsin,Decaf,70,100,60,170,77,557,103,25,76,192,52,High
41579,East,Small Market,Lemon,Leaves,Herbal Tea,Connecticut,Decaf,60,70,30,130,82,601,102,31,56,196,64,High
41579,East,Small Market,Mint,Leaves,Herbal Tea,Connecticut,Decaf,50,50,30,100,69,1060,81,21,56,160,43,Medium
41579,East,Small Market,Darjeeling,Leaves,Tea,Connecticut,Regular,50,80,60,130,54,885,78,15,76,141,27,Medium
41579,East,Small Market,Green Tea,Leaves,Tea,Connecticut,Regular,30,60,40,90,36,809,54,10,49,96,21,Low
41579,East,Small Market,Caffe Mocha,Beans,Espresso,Connecticut,Regular,60,80,10,140,61,613,86,55,3,157,84,Medium
41579,East,Small Market,Decaf Espresso,Beans,Espresso,Connecticut,Decaf,50,70,40,120,53,380,71,17,39,132,45,Medium
41579,East,Small Market,Colombian,Beans,Coffee,Connecticut,Regular,110,180,130,290,130,1134,195,42,181,346,73,High
41579,East,Major Market,Chamomile,Leaves,Herbal Tea,Florida,Decaf,10,20,10,30,22,570,30,7,16,55,19,Low
41579,East,Major Market,Lemon,Leaves,Herbal Tea,Florida,Decaf,40,40,10,80,54,391,67,20,19,129,54,Medium
41579,East,Major Market,Mint,Leaves,Herbal Tea,Florida,Decaf,50,60,30,110,75,1063,89,23,65,175,45,Medium
41579,East,Major Market,Darjeeling,Leaves,Tea,Florida,Regular,20,50,40,70,28,875,42,7,34,75,19,Low
41579,East,Major Market,Green Tea,Leaves,Tea,Florida,Regular,30,50,40,80,31,856,47,8,42,83,19,Low
41579,East,Major Market,Caffe Mocha,Beans,Espresso,Florida,Regular,90,120,20,210,94,694,130,85,22,239,115,High
41579,East,Major Market,Decaf Espresso,Beans,Espresso,Florida,Decaf,70,100,60,170,77,557,103,25,76,192,52,High
41579,East,Major Market,Colombian,Beans,Coffee,Florida,Regular,70,100,60,170,78,798,119,25,93,210,56,High
41579,East,Major Market,Decaf Irish Cream,Beans,Coffee,Florida,Decaf,90,130,90,220,102,666,143,31,132,261,54,High
41579,East,Major Market,Lemon,Leaves,Herbal Tea,Massachusetts,Decaf,40,50,20,90,55,410,69,20,22,132,54,Medium
41579,East,Major Market,Darjeeling,Leaves,Tea,Massachusetts,Regular,30,60,40,90,36,862,52,10,46,94,21,Low
41579,East,Major Market,Green Tea,Leaves,Tea,Massachusetts,Regular,30,50,40,80,32,482,48,8,43,85,19,Low
41579,East,Major Market,Caffe Mocha,Beans,Espresso,Massachusetts,Regular,50,60,0,110,52,554,68,47,-12,128,76,Medium
41579,East,Major Market,Regular Espresso,Beans,Espresso,Massachusetts,Regular,170,180,120,350,181,1283,182,50,160,387,74,High
41579,East,Major Market,Colombian,Beans,Coffee,Massachusetts,Regular,60,340,300,400,75,-3287,379,24,481,484,55,High
41579,East,Small Market,Lemon,Leaves,Herbal Tea,New Hampshire,Decaf,20,30,0,50,33,243,41,12,-6,79,45,Low
41579,East,Small Market,Darjeeling,Leaves,Tea,New Hampshire,Regular,10,30,20,40,15,848,24,4,12,42,16,Low
41579,East,Small Market,Green Tea,Leaves,Tea,New Hampshire,Regular,0,40,30,40,0,387,43,0,47,46,11,Low
41579,East,Small Market,Caffe Mocha,Beans,Espresso,New Hampshire,Regular,40,60,10,100,44,325,62,40,-12,113,70,Low
41579,East,Small Market,Regular Espresso,Beans,Espresso,New Hampshire,Regular,30,40,0,70,34,211,42,12,-4,81,45,Low
41579,East,Small Market,Amaretto,Beans,Coffee,New Hampshire,Regular,40,60,40,100,46,316,67,14,45,120,37,Medium
41579,East,Small Market,Colombian,Beans,Coffee,New Hampshire,Regular,30,60,30,90,43,452,66,14,30,116,46,Medium
41579,East,Major Market,Lemon,Leaves,Herbal Tea,New York,Decaf,180,240,140,420,245,1704,331,93,303,614,127,High
41579,East,Major Market,Mint,Leaves,Herbal Tea,New York,Decaf,160,-50,-120,110,225,4742,-65,69,-232,171,91,Medium
41579,East,Major Market,Darjeeling,Leaves,Tea,New York,Regular,80,120,90,200,81,984,117,22,125,211,33,High
41579,East,Major Market,Earl Grey,Leaves,Tea,New York,Regular,120,170,130,290,118,930,172,33,188,309,45,High
41579,East,Major Market,Green Tea,Leaves,Tea,New York,Regular,50,70,50,120,50,589,73,14,70,131,26,Medium
41579,East,Major Market,Caffe Mocha,Beans,Espresso,New York,Regular,110,-60,-190,50,121,3385,-60,109,-300,65,142,Low
41579,East,Major Market,Regular Espresso,Beans,Espresso,New York,Regular,200,460,390,660,211,933,464,59,565,719,83,High
41579,East,Major Market,Colombian,Beans,Coffee,New York,Regular,220,340,230,560,249,2580,374,87,350,664,138,High
41579,South,Small Market,Chamomile,Leaves,Herbal Tea,Louisiana,Decaf,90,120,80,210,101,552,130,33,126,246,45,High
41579,South,Small Market,Lemon,Leaves,Herbal Tea,Louisiana,Decaf,70,100,40,170,82,601,102,31,56,196,64,High
41579,South,Small Market,Colombian,Beans,Coffee,Louisiana,Regular,50,80,60,130,47,834,68,13,65,123,24,Medium
41579,South,Small Market,Decaf Irish Cream,Beans,Coffee,Louisiana,Decaf,30,60,50,90,31,856,47,8,42,83,19,Low
41579,South,Small Market,Caffe Latte,Beans,Espresso,Louisiana,Regular,40,70,10,110,61,-906,86,55,1,157,85,Medium
41579,South,Small Market,Caffe Mocha,Beans,Espresso,Louisiana,Regular,40,60,30,100,53,321,88,16,73,150,39,Medium
41579,South,Small Market,Decaf Espresso,Beans,Espresso,Louisiana,Decaf,30,60,30,90,49,454,71,15,50,128,37,Medium
41579,South,Small Market,Chamomile,Leaves,Herbal Tea,New Mexico,Decaf,10,20,10,30,15,848,24,4,13,42,15,Low
41579,South,Small Market,Lemon,Leaves,Herbal Tea,New Mexico,Decaf,20,30,10,50,29,1003,35,8,7,68,30,Low
41579,South,Small Market,Colombian,Beans,Coffee,New Mexico,Regular,50,70,30,120,43,452,66,14,30,116,46,Medium
41579,South,Small Market,Decaf Irish Cream,Beans,Coffee,New Mexico,Decaf,90,50,10,140,82,1804,40,25,-12,130,48,Medium
41579,South,Small Market,Caffe Latte,Beans,Espresso,New Mexico,Regular,20,30,-10,50,34,-522,42,12,-6,81,46,Low
41579,South,Small Market,Caffe Mocha,Beans,Espresso,New Mexico,Regular,30,50,0,80,44,325,62,40,-10,113,69,Low
41579,South,Small Market,Decaf Espresso,Beans,Espresso,New Mexico,Decaf,20,40,20,60,35,248,47,11,12,87,39,Low
41579,South,Small Market,Chamomile,Leaves,Herbal Tea,Oklahoma,Decaf,50,60,20,110,54,391,67,20,19,129,54,Medium
41579,South,Small Market,Lemon,Leaves,Herbal Tea,Oklahoma,Decaf,80,120,20,200,94,694,130,85,22,239,115,High
41579,South,Small Market,Colombian,Beans,Coffee,Oklahoma,Regular,100,130,90,230,88,561,112,29,105,213,41,High
41579,South,Small Market,Decaf Irish Cream,Beans,Coffee,Oklahoma,Decaf,40,60,40,100,36,862,52,10,45,94,22,Low
41579,South,Small Market,Caffe Latte,Beans,Espresso,Oklahoma,Regular,80,100,60,180,102,-2003,143,31,132,261,54,High
41579,South,Small Market,Caffe Mocha,Beans,Espresso,Oklahoma,Regular,20,40,30,60,32,482,48,8,43,85,19,Low
41579,South,Small Market,Decaf Espresso,Beans,Espresso,Oklahoma,Decaf,60,90,40,150,78,798,119,25,92,210,57,High
41579,South,Major Market,Chamomile,Leaves,Herbal Tea,Texas,Decaf,50,70,40,120,59,411,79,19,47,147,47,Medium
41579,South,Major Market,Lemon,Leaves,Herbal Tea,Texas,Decaf,40,60,30,100,46,424,68,14,46,121,37,Medium
41579,South,Major Market,Colombian,Beans,Coffee,Texas,Regular,260,320,230,580,225,1272,265,69,258,522,91,High
41579,South,Major Market,Decaf Irish Cream,Beans,Coffee,Texas,Decaf,40,60,40,100,40,536,52,13,39,98,26,Low
41579,South,Major Market,Caffe Latte,Beans,Espresso,Texas,Regular,50,90,40,140,75,-1050,114,24,88,201,55,High
41579,South,Major Market,Caffe Mocha,Beans,Espresso,Texas,Regular,90,130,100,220,118,930,172,33,188,309,45,High
41579,South,Major Market,Decaf Espresso,Beans,Espresso,Texas,Decaf,30,60,40,90,50,589,73,14,71,131,25,Medium
41579,West,Small Market,Darjeeling,Leaves,Tea,Utah,Regular,30,40,-10,70,44,325,62,40,-10,113,69,Low
41579,West,Small Market,Earl Grey,Leaves,Tea,Utah,Regular,20,30,10,50,35,248,47,11,13,87,38,Low
41579,West,Small Market,Green Tea,Leaves,Tea,Utah,Regular,20,30,0,50,34,211,42,12,-4,81,45,Low
41579,West,Small Market,Chamomile,Leaves,Herbal Tea,Utah,Decaf,40,60,30,100,46,316,67,14,45,120,37,Medium
41579,West,Small Market,Lemon,Leaves,Herbal Tea,Utah,Decaf,40,60,30,100,43,452,66,14,30,116,46,Medium
41579,West,Small Market,Mint,Leaves,Herbal Tea,Utah,Decaf,70,40,0,110,82,1804,40,25,-12,130,48,Medium
41579,West,Small Market,Caffe Mocha,Beans,Espresso,Utah,Regular,90,130,90,220,101,552,130,33,126,246,45,High
41579,West,Small Market,Decaf Espresso,Beans,Espresso,Utah,Decaf,50,70,50,120,54,885,78,15,77,141,26,Medium
41579,West,Small Market,Amaretto,Beans,Coffee,Utah,Regular,80,90,50,170,69,1060,81,21,58,160,42,Medium
41579,West,Small Market,Colombian,Beans,Coffee,Utah,Regular,60,80,50,140,53,380,71,17,40,132,44,Medium
41579,West,Small Market,Decaf Irish Cream,Beans,Coffee,Utah,Decaf,90,120,60,210,82,601,102,31,56,196,64,High
41579,West,Small Market,Caffe Latte,Beans,Espresso,Utah,Regular,30,40,30,70,33,836,48,9,40,86,21,Low
41579,West,Major Market,Darjeeling,Leaves,Tea,California,Regular,80,130,110,210,118,930,172,33,190,309,44,High
41579,West,Major Market,Earl Grey,Leaves,Tea,California,Regular,30,50,40,80,50,589,73,14,70,131,26,Medium
41579,West,Major Market,Green Tea,Leaves,Tea,California,Regular,50,80,40,130,75,659,114,24,88,201,55,High
41579,West,Major Market,Chamomile,Leaves,Herbal Tea,California,Decaf,70,110,80,180,81,984,117,22,125,211,33,High
41579,West,Major Market,Lemon,Leaves,Herbal Tea,California,Decaf,210,240,160,450,225,1272,265,69,258,522,91,High
41579,West,Major Market,Mint,Leaves,Herbal Tea,California,Decaf,30,50,30,80,40,536,52,13,40,98,25,Low
41579,West,Major Market,Caffe Mocha,Beans,Espresso,California,Regular,110,170,40,280,121,912,168,109,39,308,142,High
41579,West,Major Market,Decaf Espresso,Beans,Espresso,California,Decaf,220,290,190,510,228,1691,304,75,292,567,107,High
41579,West,Major Market,Amaretto,Beans,Coffee,California,Regular,130,0,-50,130,113,2758,3,36,-83,124,59,Medium
41579,West,Major Market,Colombian,Beans,Coffee,California,Regular,290,450,310,740,249,2580,374,87,349,664,139,High
41579,West,Major Market,Decaf Irish Cream,Beans,Coffee,California,Decaf,200,-30,-130,170,173,3909,-27,57,-188,156,100,Medium
41579,West,Major Market,Caffe Latte,Beans,Espresso,California,Regular,200,210,140,410,211,1778,212,59,191,451,83,High
41579,West,Small Market,Darjeeling,Leaves,Tea,Nevada,Regular,160,220,140,380,228,1691,304,75,291,567,108,High
41579,West,Small Market,Earl Grey,Leaves,Tea,Nevada,Regular,150,150,80,300,211,1778,212,59,190,451,84,High
41579,West,Small Market,Green Tea,Leaves,Tea,Nevada,Regular,180,-180,-280,0,245,7653,-245,93,-505,34,127,Low
41579,West,Small Market,Chamomile,Leaves,Herbal Tea,Nevada,Decaf,110,150,20,260,121,912,168,109,39,308,142,High
41579,West,Small Market,Lemon,Leaves,Herbal Tea,Nevada,Decaf,160,220,130,380,173,1150,239,57,205,439,101,High
41579,West,Small Market,Mint,Leaves,Herbal Tea,Nevada,Decaf,100,150,100,250,113,803,165,36,159,296,58,High
41579,West,Small Market,Caffe Latte,Beans,Espresso,Nevada,Regular,0,40,30,40,0,387,43,0,46,46,12,Low
41579,West,Small Market,Caffe Mocha,Beans,Espresso,Nevada,Regular,10,20,10,30,15,848,24,4,13,42,15,Low
41579,West,Small Market,Decaf Espresso,Beans,Espresso,Nevada,Decaf,20,30,20,50,22,802,34,6,25,60,17,Low
41579,West,Small Market,Colombian,Beans,Coffee,Nevada,Regular,30,50,10,80,33,243,41,12,-6,79,45,Low
41579,West,Small Market,Decaf Irish Cream,Beans,Coffee,Nevada,Decaf,30,40,20,70,29,1003,35,8,7,68,30,Low
41579,West,Small Market,Darjeeling,Leaves,Tea,Oregon,Regular,20,30,30,50,32,482,48,8,42,85,20,Low
41579,West,Small Market,Earl Grey,Leaves,Tea,Oregon,Regular,50,90,50,140,78,798,119,25,92,210,57,High
41579,West,Small Market,Green Tea,Leaves,Tea,Oregon,Regular,70,100,70,170,102,666,143,31,132,261,54,High
41579,West,Small Market,Chamomile,Leaves,Herbal Tea,Oregon,Decaf,20,30,20,50,25,823,38,7,28,67,19,Low
41579,West,Small Market,Lemon,Leaves,Herbal Tea,Oregon,Decaf,80,100,70,180,88,561,112,29,104,213,42,High
41579,West,Small Market,Caffe Latte,Beans,Espresso,Oregon,Regular,50,70,30,120,55,410,69,20,24,132,53,Medium
41579,West,Small Market,Caffe Mocha,Beans,Espresso,Oregon,Regular,50,80,50,130,59,411,79,19,49,147,46,Medium
41579,West,Small Market,Decaf Espresso,Beans,Espresso,Oregon,Decaf,170,180,120,350,181,1283,182,50,160,387,74,High
41579,West,Small Market,Amaretto,Beans,Coffee,Oregon,Regular,60,80,10,140,52,509,73,47,-6,133,77,Medium
41579,West,Small Market,Colombian,Beans,Coffee,Oregon,Regular,60,90,40,150,53,470,75,17,21,136,61,Medium
41579,West,Small Market,Decaf Irish Cream,Beans,Coffee,Oregon,Decaf,50,80,50,130,46,424,68,14,47,121,36,Medium
41579,West,Small Market,Darjeeling,Leaves,Tea,Washington,Regular,30,70,50,100,53,321,88,16,73,150,39,Medium
41579,West,Small Market,Earl Grey,Leaves,Tea,Washington,Regular,30,50,30,80,49,454,71,15,50,128,37,Medium
41579,West,Small Market,Green Tea,Leaves,Tea,Washington,Regular,40,60,0,100,61,613,86,55,1,157,85,Medium
41579,West,Small Market,Chamomile,Leaves,Herbal Tea,Washington,Decaf,120,180,120,300,130,1134,195,42,181,346,73,High
41579,West,Small Market,Lemon,Leaves,Herbal Tea,Washington,Decaf,40,60,40,100,47,834,68,13,65,123,24,Medium
41579,West,Small Market,Caffe Latte,Beans,Espresso,Washington,Regular,20,30,20,50,22,570,30,7,16,55,19,Low
41579,West,Small Market,Caffe Mocha,Beans,Espresso,Washington,Regular,50,60,20,110,54,391,67,20,19,129,54,Medium
41579,West,Small Market,Decaf Espresso,Beans,Espresso,Washington,Decaf,70,80,40,150,75,1063,89,23,67,175,44,Medium
41579,West,Small Market,Colombian,Beans,Coffee,Washington,Regular,70,110,70,180,63,446,93,20,74,166,43,Medium
41579,West,Small Market,Decaf Irish Cream,Beans,Coffee,Washington,Decaf,110,150,40,260,94,694,130,85,24,239,114,High
41609,Central,Major Market,Chamomile,Leaves,Herbal Tea,Colorado,Decaf,140,140,80,280,153,1319,153,42,129,326,66,High
41609,Central,Major Market,Lemon,Leaves,Herbal Tea,Colorado,Decaf,40,60,0,100,47,521,65,42,-9,119,71,Medium
41609,Central,Major Market,Mint,Leaves,Herbal Tea,Colorado,Decaf,50,60,30,110,54,424,73,17,43,135,44,Medium
41609,Central,Major Market,Darjeeling,Leaves,Tea,Colorado,Regular,30,50,10,80,46,422,57,17,9,110,51,Low
41609,Central,Major Market,Earl Grey,Leaves,Tea,Colorado,Regular,40,50,20,90,53,1054,63,16,39,124,37,Medium
41609,Central,Major Market,Green Tea,Leaves,Tea,Colorado,Regular,60,90,60,150,81,551,104,26,98,197,38,High
41609,Central,Major Market,Caffe Mocha,Beans,Espresso,Colorado,Regular,60,110,90,170,54,601,79,15,79,142,26,Medium
41609,Central,Major Market,Decaf Espresso,Beans,Espresso,Colorado,Decaf,80,130,80,210,67,677,101,22,70,179,54,Medium
41609,Central,Major Market,Amaretto,Beans,Coffee,Colorado,Regular,120,170,130,290,123,959,179,34,199,322,45,High
41609,Central,Major Market,Colombian,Beans,Coffee,Colorado,Regular,40,50,30,90,43,531,56,14,43,106,27,Low
41609,Central,Major Market,Decaf Irish Cream,Beans,Coffee,Colorado,Decaf,80,120,90,200,86,1003,124,24,131,224,36,High
41609,Central,Major Market,Chamomile,Leaves,Herbal Tea,Illinois,Decaf,110,170,130,280,123,959,179,34,197,322,46,High
41609,Central,Major Market,Lemon,Leaves,Herbal Tea,Illinois,Decaf,40,50,30,90,43,531,56,14,43,106,27,Low
41609,Central,Major Market,Mint,Leaves,Herbal Tea,Illinois,Decaf,80,110,80,190,86,1003,124,24,131,224,36,High
41609,Central,Major Market,Darjeeling,Leaves,Tea,Illinois,Regular,40,70,50,110,54,601,79,15,79,142,26,Medium
41609,Central,Major Market,Earl Grey,Leaves,Tea,Illinois,Regular,50,80,40,130,67,677,101,22,70,179,54,Medium
41609,Central,Major Market,Caffe Mocha,Beans,Espresso,Illinois,Regular,310,420,320,730,247,1744,329,81,321,614,113,High
41609,Central,Major Market,Decaf Espresso,Beans,Espresso,Illinois,Decaf,320,320,240,640,250,1820,251,70,233,534,94,High
41609,Central,Major Market,Colombian,Beans,Coffee,Illinois,Regular,220,300,190,520,224,1191,310,73,288,569,116,High
41609,Central,Major Market,Decaf Irish Cream,Beans,Coffee,Illinois,Decaf,120,180,130,300,127,830,185,40,181,332,63,High
41609,Central,Small Market,Chamomile,Leaves,Herbal Tea,Iowa,Decaf,230,300,200,530,247,1744,329,81,321,614,113,High
41609,Central,Small Market,Lemon,Leaves,Herbal Tea,Iowa,Decaf,120,170,120,290,127,830,185,40,183,332,62,High
41609,Central,Small Market,Darjeeling,Leaves,Tea,Iowa,Regular,210,200,120,410,250,1820,251,70,232,534,95,High
41609,Central,Small Market,Earl Grey,Leaves,Tea,Iowa,Regular,240,300,170,540,294,1838,360,111,321,697,144,High
41609,Central,Small Market,Caffe Mocha,Beans,Espresso,Iowa,Regular,20,50,40,70,23,807,35,6,25,62,18,Low
41609,Central,Small Market,Decaf Espresso,Beans,Espresso,Iowa,Decaf,0,50,40,50,0,344,43,0,47,46,11,Low
41609,Central,Small Market,Amaretto,Beans,Coffee,Iowa,Regular,10,30,20,40,16,851,25,4,15,44,15,Low
41609,Central,Small Market,Colombian,Beans,Coffee,Iowa,Regular,30,30,10,60,31,1009,38,9,12,74,30,Low
41609,Central,Small Market,Decaf Irish Cream,Beans,Coffee,Iowa,Decaf,0,20,10,20,10,594,14,3,-1,26,15,Low
41609,Central,Small Market,Chamomile,Leaves,Herbal Tea,Missouri,Decaf,40,60,0,100,49,335,69,44,-7,126,74,Medium
41609,Central,Small Market,Lemon,Leaves,Herbal Tea,Missouri,Decaf,80,60,20,140,92,1898,68,28,24,171,52,Medium
41609,Central,Small Market,Darjeeling,Leaves,Tea,Missouri,Regular,30,40,10,70,38,256,51,12,16,95,40,Low
41609,Central,Small Market,Earl Grey,Leaves,Tea,Missouri,Regular,10,20,-10,30,20,218,25,7,-24,48,41,Low
41609,Central,Small Market,Green Tea,Leaves,Tea,Missouri,Regular,30,40,0,70,39,250,49,14,3,94,47,Low
41609,Central,Small Market,Caffe Mocha,Beans,Espresso,Missouri,Regular,60,90,70,150,50,898,73,14,71,131,25,Medium
41609,Central,Small Market,Decaf Espresso,Beans,Espresso,Missouri,Decaf,30,60,50,90,31,844,46,8,40,82,19,Low
41609,Central,Small Market,Colombian,Beans,Coffee,Missouri,Regular,60,90,40,150,68,619,85,25,39,163,59,Medium
41609,Central,Small Market,Decaf Irish Cream,Beans,Coffee,Missouri,Decaf,60,70,40,130,63,1075,76,19,53,148,40,Medium
41609,Central,Major Market,Chamomile,Leaves,Herbal Tea,Ohio,Decaf,20,40,30,60,29,490,44,8,37,78,19,Low
41609,Central,Major Market,Lemon,Leaves,Herbal Tea,Ohio,Decaf,30,40,30,70,33,870,49,9,43,87,20,Low
41609,Central,Major Market,Darjeeling,Leaves,Tea,Ohio,Regular,70,110,70,180,88,817,133,29,107,236,61,High
41609,Central,Major Market,Earl Grey,Leaves,Tea,Ohio,Regular,110,150,90,260,134,690,186,41,180,341,65,High
41609,Central,Major Market,Caffe Mocha,Beans,Espresso,Ohio,Regular,190,200,140,390,153,1319,153,42,129,326,66,High
41609,Central,Major Market,Decaf Espresso,Beans,Espresso,Ohio,Decaf,50,80,40,130,46,422,57,17,9,110,51,Low
41609,Central,Major Market,Amaretto,Beans,Coffee,Ohio,Regular,50,70,40,120,54,424,73,17,43,135,44,Medium
41609,Central,Major Market,Colombian,Beans,Coffee,Ohio,Regular,40,50,20,90,41,435,60,13,36,108,36,Low
41609,Central,Major Market,Decaf Irish Cream,Beans,Coffee,Ohio,Decaf,40,70,10,110,47,521,65,42,-9,119,71,Medium
41609,Central,Small Market,Chamomile,Leaves,Herbal Tea,Wisconsin,Decaf,30,60,30,90,41,320,66,12,45,114,36,Medium
41609,Central,Small Market,Lemon,Leaves,Herbal Tea,Wisconsin,Decaf,30,40,30,70,34,863,51,9,45,91,21,Low
41609,Central,Small Market,Darjeeling,Leaves,Tea,Wisconsin,Regular,30,50,20,80,43,466,63,13,42,113,35,Low
41609,Central,Small Market,Earl Grey,Leaves,Tea,Wisconsin,Regular,40,60,0,100,55,627,76,49,-4,140,79,Medium
41609,Central,Small Market,Caffe Mocha,Beans,Espresso,Wisconsin,Regular,100,120,80,220,80,1079,96,24,74,188,46,Medium
41609,Central,Small Market,Decaf Espresso,Beans,Espresso,Wisconsin,Decaf,30,40,30,70,24,567,32,7,19,60,19,Low
41609,Central,Small Market,Amaretto,Beans,Coffee,Wisconsin,Regular,60,80,30,140,65,403,80,24,33,155,58,Medium
41609,Central,Small Market,Colombian,Beans,Coffee,Wisconsin,Regular,100,140,30,240,105,716,145,95,30,266,125,High
41609,Central,Small Market,Decaf Irish Cream,Beans,Coffee,Wisconsin,Decaf,80,110,70,190,83,575,112,27,85,208,55,High
41609,East,Small Market,Lemon,Leaves,Herbal Tea,Connecticut,Decaf,50,60,20,110,68,619,85,25,40,163,58,Medium
41609,East,Small Market,Mint,Leaves,Herbal Tea,Connecticut,Decaf,40,60,40,100,63,1075,76,19,53,148,40,Medium
41609,East,Small Market,Darjeeling,Leaves,Tea,Connecticut,Regular,50,70,50,120,50,898,73,14,70,131,26,Medium
41609,East,Small Market,Green Tea,Leaves,Tea,Connecticut,Regular,30,50,40,80,33,818,49,9,42,87,21,Low
41609,East,Small Market,Caffe Mocha,Beans,Espresso,Connecticut,Regular,50,70,10,120,55,627,76,49,-3,140,78,Medium
41609,East,Small Market,Decaf Espresso,Beans,Espresso,Connecticut,Decaf,40,70,40,110,49,392,65,16,31,121,44,Medium
41609,East,Small Market,Colombian,Beans,Coffee,Connecticut,Regular,100,160,110,260,115,1166,174,37,156,308,69,High
41609,East,Major Market,Chamomile,Leaves,Herbal Tea,Florida,Decaf,10,30,20,40,24,567,32,7,18,60,20,Low
41609,East,Major Market,Lemon,Leaves,Herbal Tea,Florida,Decaf,40,60,20,100,65,403,80,24,34,155,57,Medium
41609,East,Major Market,Mint,Leaves,Herbal Tea,Florida,Decaf,60,60,30,120,80,1079,96,24,74,188,46,Medium
41609,East,Major Market,Darjeeling,Leaves,Tea,Florida,Regular,30,40,30,70,30,882,45,8,39,80,19,Low
41609,East,Major Market,Green Tea,Leaves,Tea,Florida,Regular,30,50,40,80,34,863,51,9,45,91,21,Low
41609,East,Major Market,Caffe Mocha,Beans,Espresso,Florida,Regular,100,140,30,240,105,716,145,95,31,266,124,High
41609,East,Major Market,Decaf Espresso,Beans,Espresso,Florida,Decaf,80,110,70,190,83,575,112,27,86,208,54,High
41609,East,Major Market,Colombian,Beans,Coffee,Florida,Regular,70,120,80,190,88,817,133,29,108,236,60,High
41609,East,Major Market,Decaf Irish Cream,Beans,Coffee,Florida,Decaf,120,160,110,280,134,690,186,41,181,341,64,High
41609,East,Major Market,Lemon,Leaves,Herbal Tea,Massachusetts,Decaf,30,40,10,70,46,422,57,17,10,110,50,Low
41609,East,Major Market,Darjeeling,Leaves,Tea,Massachusetts,Regular,30,50,40,80,33,870,49,9,43,87,20,Low
41609,East,Major Market,Green Tea,Leaves,Tea,Massachusetts,Regular,30,40,30,70,29,490,44,8,37,78,19,Low
41609,East,Major Market,Caffe Mocha,Beans,Espresso,Massachusetts,Regular,40,50,-10,90,47,571,52,42,-30,106,72,Low
41609,East,Major Market,Regular Espresso,Beans,Espresso,Massachusetts,Regular,150,140,80,290,153,1319,153,42,129,326,66,High
41609,East,Major Market,Colombian,Beans,Coffee,Massachusetts,Regular,60,390,360,450,67,-3534,443,22,579,543,53,High
41609,East,Small Market,Lemon,Leaves,Herbal Tea,New Hampshire,Decaf,20,40,10,60,39,250,49,14,3,94,47,Low
41609,East,Small Market,Darjeeling,Leaves,Tea,New Hampshire,Regular,10,30,20,40,16,851,25,4,15,44,15,Low
41609,East,Small Market,Green Tea,Leaves,Tea,New Hampshire,Regular,0,40,30,40,0,344,43,0,47,46,11,Low
41609,East,Small Market,Caffe Mocha,Beans,Espresso,New Hampshire,Regular,40,70,10,110,49,335,69,44,-6,126,73,Medium
41609,East,Small Market,Regular Espresso,Beans,Espresso,New Hampshire,Regular,10,30,0,40,20,218,25,7,-24,48,41,Low
41609,East,Small Market,Amaretto,Beans,Coffee,New Hampshire,Regular,40,70,50,110,52,327,75,16,55,135,38,Medium
41609,East,Small Market,Colombian,Beans,Coffee,New Hampshire,Regular,40,60,30,100,48,462,74,15,42,130,46,Medium
41609,East,Major Market,Lemon,Leaves,Herbal Tea,New York,Decaf,220,320,210,540,294,1727,453,111,459,796,144,High
41609,East,Major Market,Mint,Leaves,Herbal Tea,New York,Decaf,180,-80,-150,100,241,5121,-93,74,-280,158,96,Medium
41609,East,Major Market,Darjeeling,Leaves,Tea,New York,Regular,90,120,90,210,86,1003,124,24,132,224,35,High
41609,East,Major Market,Earl Grey,Leaves,Tea,New York,Regular,120,190,150,310,123,959,179,34,197,322,46,High
41609,East,Major Market,Green Tea,Leaves,Tea,New York,Regular,50,80,60,130,54,601,79,15,77,142,27,Medium
41609,East,Major Market,Caffe Mocha,Beans,Espresso,New York,Regular,130,-70,-210,60,135,3641,-69,122,-332,70,155,Low
41609,East,Major Market,Regular Espresso,Beans,Espresso,New York,Regular,240,400,320,640,250,723,407,70,463,700,95,High
41609,East,Major Market,Colombian,Beans,Coffee,New York,Regular,250,370,250,620,279,2642,420,97,402,745,149,High
41609,South,Small Market,Chamomile,Leaves,Herbal Tea,Louisiana,Decaf,80,110,70,190,94,540,120,31,114,228,43,High
41609,South,Small Market,Lemon,Leaves,Herbal Tea,Louisiana,Decaf,60,80,30,140,68,619,85,25,39,163,59,Medium
41609,South,Small Market,Colombian,Beans,Coffee,Louisiana,Regular,50,90,70,140,49,845,71,13,68,128,25,Medium
41609,South,Small Market,Decaf Irish Cream,Beans,Coffee,Louisiana,Decaf,40,60,50,100,34,863,51,9,46,91,20,Low
41609,South,Small Market,Caffe Latte,Beans,Espresso,Louisiana,Regular,40,60,0,100,55,-1053,76,49,-4,140,79,Medium
41609,South,Small Market,Caffe Mocha,Beans,Espresso,Louisiana,Regular,30,50,20,80,41,320,66,12,46,114,35,Medium
41609,South,Small Market,Decaf Espresso,Beans,Espresso,Louisiana,Decaf,30,50,20,80,43,466,63,13,40,113,36,Low
41609,South,Small Market,Chamomile,Leaves,Herbal Tea,New Mexico,Decaf,10,20,10,30,16,851,25,4,13,44,16,Low
41609,South,Small Market,Lemon,Leaves,Herbal Tea,New Mexico,Decaf,20,40,20,60,31,1009,38,9,10,74,31,Low
41609,South,Small Market,Colombian,Beans,Coffee,New Mexico,Regular,50,90,50,140,48,462,74,15,40,130,47,Medium
41609,South,Small Market,Decaf Irish Cream,Beans,Coffee,New Mexico,Decaf,100,90,40,190,92,1898,68,28,24,171,52,Medium
41609,South,Small Market,Caffe Latte,Beans,Espresso,New Mexico,Regular,10,20,-10,30,20,-598,25,7,-22,48,40,Low
41609,South,Small Market,Caffe Mocha,Beans,Espresso,New Mexico,Regular,30,60,10,90,49,335,69,44,-7,126,74,Medium
41609,South,Small Market,Decaf Espresso,Beans,Espresso,New Mexico,Decaf,30,30,0,60,38,256,51,12,18,95,39,Low
41609,South,Small Market,Chamomile,Leaves,Herbal Tea,Oklahoma,Decaf,60,70,20,130,65,403,80,24,33,155,58,Medium
41609,South,Small Market,Lemon,Leaves,Herbal Tea,Oklahoma,Decaf,90,140,30,230,105,716,145,95,30,266,125,High
41609,South,Small Market,Colombian,Beans,Coffee,Oklahoma,Regular,90,130,100,220,81,551,104,26,98,197,38,High
41609,South,Small Market,Decaf Irish Cream,Beans,Coffee,Oklahoma,Decaf,30,60,50,90,33,870,49,9,42,87,21,Low
41609,South,Small Market,Caffe Latte,Beans,Espresso,Oklahoma,Regular,100,140,90,240,134,-2248,186,41,180,341,65,High
41609,South,Small Market,Caffe Mocha,Beans,Espresso,Oklahoma,Regular,20,30,20,50,29,490,44,8,36,78,20,Low
41609,South,Small Market,Decaf Espresso,Beans,Espresso,Oklahoma,Decaf,60,110,60,170,88,817,133,29,107,236,61,High
41609,South,Major Market,Chamomile,Leaves,Herbal Tea,Texas,Decaf,50,60,30,110,54,424,73,17,42,135,45,Medium
41609,South,Major Market,Lemon,Leaves,Herbal Tea,Texas,Decaf,30,60,30,90,41,435,60,13,36,108,36,Low
41609,South,Major Market,Colombian,Beans,Coffee,Texas,Regular,280,340,240,620,241,1321,284,74,279,559,96,High
41609,South,Major Market,Decaf Irish Cream,Beans,Coffee,Texas,Decaf,50,60,40,110,43,531,56,14,45,106,26,Low
41609,South,Major Market,Caffe Latte,Beans,Espresso,Texas,Regular,50,70,30,120,67,-1239,101,22,70,179,54,Medium
41609,South,Major Market,Caffe Mocha,Beans,Espresso,Texas,Regular,90,140,110,230,123,959,179,34,197,322,46,High
41609,South,Major Market,Decaf Espresso,Beans,Espresso,Texas,Decaf,40,60,40,100,54,601,79,15,77,142,27,Medium
41609,West,Small Market,Darjeeling,Leaves,Tea,Utah,Regular,30,50,0,80,49,335,69,44,-6,126,73,Medium
41609,West,Small Market,Earl Grey,Leaves,Tea,Utah,Regular,20,40,10,60,38,256,51,12,18,95,39,Low
41609,West,Small Market,Green Tea,Leaves,Tea,Utah,Regular,10,20,0,30,20,218,25,7,-22,48,40,Low
41609,West,Small Market,Chamomile,Leaves,Herbal Tea,Utah,Decaf,40,70,40,110,52,327,75,16,53,135,39,Medium
41609,West,Small Market,Lemon,Leaves,Herbal Tea,Utah,Decaf,40,70,40,110,48,462,74,15,42,130,46,Medium
41609,West,Small Market,Mint,Leaves,Herbal Tea,Utah,Decaf,80,60,20,140,92,1898,68,28,25,171,51,Medium
41609,West,Small Market,Caffe Latte,Beans,Espresso,Utah,Regular,30,40,30,70,31,844,46,8,39,82,20,Low
41609,West,Small Market,Caffe Mocha,Beans,Espresso,Utah,Regular,90,110,70,200,94,540,120,31,114,228,43,High
41609,West,Small Market,Decaf Espresso,Beans,Espresso,Utah,Decaf,40,70,50,110,50,898,73,14,70,131,26,Medium
41609,West,Small Market,Amaretto,Beans,Coffee,Utah,Regular,70,90,50,160,63,1075,76,19,53,148,40,Medium
41609,West,Small Market,Colombian,Beans,Coffee,Utah,Regular,50,80,50,130,49,392,65,16,31,121,44,Medium
41609,West,Small Market,Decaf Irish Cream,Beans,Coffee,Utah,Decaf,80,100,50,180,68,619,85,25,39,163,59,Medium
41609,West,Major Market,Darjeeling,Leaves,Tea,California,Regular,90,130,110,220,123,959,179,34,199,322,45,High
41609,West,Major Market,Earl Grey,Leaves,Tea,California,Regular,30,60,50,90,54,601,79,15,79,142,26,Medium
41609,West,Major Market,Green Tea,Leaves,Tea,California,Regular,40,80,50,120,67,677,101,22,70,179,54,Medium
41609,West,Major Market,Chamomile,Leaves,Herbal Tea,California,Decaf,80,110,80,190,86,1003,124,24,132,224,35,High
41609,West,Major Market,Lemon,Leaves,Herbal Tea,California,Decaf,220,260,170,480,241,1321,284,74,279,559,96,High
41609,West,Major Market,Mint,Leaves,Herbal Tea,California,Decaf,40,50,30,90,43,531,56,14,43,106,27,Low
41609,West,Major Market,Caffe Latte,Beans,Espresso,California,Regular,240,240,160,480,250,1820,251,70,233,534,94,High
41609,West,Major Market,Caffe Mocha,Beans,Espresso,California,Regular,130,180,40,310,135,940,187,122,46,343,156,High
41609,West,Major Market,Decaf Espresso,Beans,Espresso,California,Decaf,240,310,210,550,247,1744,329,81,321,614,113,High
41609,West,Major Market,Amaretto,Beans,Coffee,California,Regular,150,-30,-90,120,127,2947,-25,40,-131,109,63,Low
41609,West,Major Market,Colombian,Beans,Coffee,California,Regular,330,500,350,830,279,2642,420,97,402,745,149,High
41609,West,Major Market,Decaf Irish Cream,Beans,Coffee,California,Decaf,260,-40,-150,220,224,4216,-32,73,-221,205,117,High
41609,West,Small Market,Darjeeling,Leaves,Tea,Nevada,Regular,180,240,150,420,247,1744,329,81,319,614,114,High
41609,West,Small Market,Earl Grey,Leaves,Tea,Nevada,Regular,180,180,100,360,250,1820,251,70,233,534,94,High
41609,West,Small Market,Green Tea,Leaves,Tea,Nevada,Regular,210,-210,-320,0,294,8252,-294,111,-605,33,145,Low
41609,West,Small Market,Chamomile,Leaves,Herbal Tea,Nevada,Decaf,120,170,30,290,135,940,187,122,47,343,155,High
41609,West,Small Market,Lemon,Leaves,Herbal Tea,Nevada,Decaf,210,280,170,490,224,1191,310,73,288,569,116,High
41609,West,Small Market,Mint,Leaves,Herbal Tea,Nevada,Decaf,120,170,120,290,127,830,185,40,181,332,63,High
41609,West,Small Market,Caffe Latte,Beans,Espresso,Nevada,Regular,0,40,30,40,0,344,43,0,46,46,12,Low
41609,West,Small Market,Caffe Mocha,Beans,Espresso,Nevada,Regular,10,20,10,30,16,851,25,4,15,44,15,Low
41609,West,Small Market,Decaf Espresso,Beans,Espresso,Nevada,Decaf,20,30,20,50,23,807,35,6,25,62,18,Low
41609,West,Small Market,Colombian,Beans,Coffee,Nevada,Regular,40,60,20,100,39,250,49,14,1,94,48,Low
41609,West,Small Market,Decaf Irish Cream,Beans,Coffee,Nevada,Decaf,30,50,30,80,31,1009,38,9,12,74,30,Low
41609,West,Small Market,Darjeeling,Leaves,Tea,Oregon,Regular,20,30,30,50,29,490,44,8,37,78,19,Low
41609,West,Small Market,Earl Grey,Leaves,Tea,Oregon,Regular,60,100,60,160,88,817,133,29,108,236,60,High
41609,West,Small Market,Green Tea,Leaves,Tea,Oregon,Regular,90,140,100,230,134,690,186,41,180,341,65,High
41609,West,Small Market,Chamomile,Leaves,Herbal Tea,Oregon,Decaf,20,30,20,50,24,829,36,6,28,64,17,Low
41609,West,Small Market,Lemon,Leaves,Herbal Tea,Oregon,Decaf,70,100,70,170,81,551,104,26,98,197,38,High
41609,West,Small Market,Caffe Latte,Beans,Espresso,Oregon,Regular,40,50,10,90,46,422,57,17,9,110,51,Low
41609,West,Small Market,Caffe Mocha,Beans,Espresso,Oregon,Regular,50,70,40,120,54,424,73,17,42,135,45,Medium
41609,West,Small Market,Decaf Espresso,Beans,Espresso,Oregon,Decaf,150,140,80,290,153,1319,153,42,129,326,66,High
41609,West,Small Market,Amaretto,Beans,Coffee,Oregon,Regular,50,80,20,130,47,521,65,42,-10,119,72,Medium
41609,West,Small Market,Colombian,Beans,Coffee,Oregon,Regular,40,70,20,110,41,482,57,13,1,104,56,Low
41609,West,Small Market,Decaf Irish Cream,Beans,Coffee,Oregon,Decaf,40,80,50,120,41,435,60,13,37,108,35,Low
41609,West,Small Market,Darjeeling,Leaves,Tea,Washington,Regular,30,40,20,70,41,320,66,12,45,114,36,Medium
41609,West,Small Market,Earl Grey,Leaves,Tea,Washington,Regular,30,40,20,70,43,466,63,13,42,113,35,Low
41609,West,Small Market,Green Tea,Leaves,Tea,Washington,Regular,40,50,-10,90,55,627,76,49,-4,140,79,Medium
41609,West,Small Market,Chamomile,Leaves,Herbal Tea,Washington,Decaf,100,160,110,260,115,1166,174,37,156,308,69,High
41609,West,Small Market,Lemon,Leaves,Herbal Tea,Washington,Decaf,40,70,50,110,49,845,71,13,68,128,25,Medium
41609,West,Small Market,Caffe Latte,Beans,Espresso,Washington,Regular,20,30,20,50,24,567,32,7,19,60,19,Low
41609,West,Small Market,Caffe Mocha,Beans,Espresso,Washington,Regular,60,80,30,140,65,403,80,24,34,155,57,Medium
41609,West,Small Market,Decaf Espresso,Beans,Espresso,Washington,Decaf,70,100,60,170,80,1079,96,24,76,188,45,Medium
41609,West,Small Market,Colombian,Beans,Coffee,Washington,Regular,80,120,80,200,72,461,104,23,86,188,46,Medium
41609,West,Small Market,Decaf Irish Cream,Beans,Coffee,Washington,Decaf,120,170,50,290,105,716,145,95,30,266,125,High
